countrynewwb,year,account_t_d,pop_adult,mobileaccount_t_d,internet,Predicted_Adoption
Afghanistan,2011,0.090050121,14575546.0,,,0.0030440380000000045
Albania,2011,0.282681244,2281010.0,,,0.004314252660000015
Algeria,2011,0.332861125,26251587.0,,,0.0030440380000000045
Angola,2011,0.392035423,12779501.0,,,0.0030440380000000045
Argentina,2011,0.33130217,30685516.0,,,0.0030440380000000045
Armenia,2011,0.174868727,2457011.0,,,0.004314252660000015
Australia,2011,0.990648467,17830548.0,,,0.0030440380000000045
Austria,2011,0.970817388,7123870.0,,,0.0030440380000000045
Azerbaijan,2011,0.149008504,7034188.0,,,0.0030440380000000045
Bahrain,2011,0.645145712,978145.0,,,0.0030440380000000045
Bangladesh,2011,0.317436491,100376575.0,,,0.0030440380000000045
Belarus,2011,0.586019795,8075665.0,,,0.0030440380000000045
Belgium,2011,0.963061274,9049843.0,,,0.0030440380000000045
Benin,2011,0.10463937,5496491.0,,,0.0030440380000000045
Bolivia,2011,0.280291328,6675907.0,,,0.0030440380000000045
Bosnia and Herzegovina,2011,0.562116083,3217823.0,,,0.005088750060000021
Botswana,2011,0.302600143,1340324.0,,,0.0030440380000000045
Brazil,2011,0.558603848,145842533.0,,,0.0030440380000000045
Bulgaria,2011,0.528249019,6400381.0,,,0.0030440380000000045
Burkina Faso,2011,0.13353092,8802362.0,,,0.0030440380000000045
Burundi,2011,0.072379846,5147947.0,,,0.0030440380000000045
Cambodia,2011,0.036597117,9675871.0,,,0.0030440380000000045
Cameroon,2011,0.148096124,11072780.0,,,0.0030440380000000045
Canada,2011,0.958046425,28373521.0,,,0.0030440380000000045
Central African Republic,2011,0.033008091,2428582.0,,,0.0030440380000000045
Chad,2011,0.089597456,6309105.0,,,0.0030440380000000045
Chile,2011,0.421792855,13480066.0,,,0.0030440380000000045
China,2011,0.638173129,1090576711.0,,,0.0030440380000000045
Colombia,2011,0.30427801,32481705.0,,,0.0030440380000000045
Comoros,2011,0.21694674,382348.0,,,0.0030440380000000045
"Congo, Dem. Rep.",2011,0.036967262,36981603.0,,,0.0030440380000000045
"Congo, Rep.",2011,0.100480566,2658255.0,,,0.0030440380000000045
Costa Rica,2011,0.503587278,3423771.0,,,0.0030440380000000045
Croatia,2011,0.883910203,3638504.0,,,0.0030440380000000045
Cyprus,2011,0.852376451,936237.0,,,0.0030440380000000045
Czechia,2011,0.806511951,8965818.0,,,0.0030440380000000045
Denmark,2011,0.997367892,4549535.0,,,0.0030440380000000045
Djibouti,2011,0.122738821,591971.0,,,0.0030440380000000045
Dominican Republic,2011,0.382046712,6788648.0,,,0.0030440380000000045
Ecuador,2011,0.367355009,10352753.0,,,0.0030440380000000045
"Egypt, Arab Rep.",2011,0.097199806,58969826.0,,,0.0030440380000000045
El Salvador,2011,0.137646152,4126198.0,,,0.0030440380000000045
Estonia,2011,0.96824276,1128611.0,,,0.0030440380000000045
Eswatini,2011,0.285694413,680317.0,,,0.0030440380000000045
Finland,2011,0.99651252,4475337.0,,,0.0030440380000000045
France,2011,0.969838847,52976120.0,,,0.0030440380000000045
Gabon,2011,0.189465176,1077711.0,,,0.0030440380000000045
Georgia,2011,0.329809682,3084171.0,,,0.005088750060000021
Germany,2011,0.981336173,70576834.0,,,0.0030440380000000045
Ghana,2011,0.294253536,15512209.0,,,0.0030440380000000045
Greece,2011,0.779398584,9493929.0,,,0.0030440380000000045
Guatemala,2011,0.223188831,8804525.0,,,0.0030440380000000045
Guinea,2011,0.0368785,5771983.0,,,0.0030440380000000045
Haiti,2011,0.220072688,6250015.0,,,0.0030440380000000045
Honduras,2011,0.205122646,5181064.0,,,0.0030440380000000045
"Hong Kong SAR, China",2011,0.886860397,6165173.0,,,0.0030440380000000045
Hungary,2011,0.726743207,8529919.0,,,0.0030440380000000045
India,2011,0.352318385,853745004.0,,,0.0030440380000000045
Indonesia,2011,0.195819908,177530453.0,,,0.0030440380000000045
"Iran, Islamic Rep.",2011,0.736838511,59270231.0,,,0.0030440380000000045
Iraq,2011,0.105537449,18241367.0,,,0.0030440380000000045
Ireland,2011,0.938883535,3598499.0,,,0.0030440380000000045
Israel,2011,0.904686394,5491153.0,,,0.0030440380000000045
Italy,2011,0.710085305,50957209.0,,,0.0030440380000000045
Jamaica,2011,0.709915018,2007871.0,,,0.0030440380000000045
Japan,2011,0.964220483,110945852.0,,,0.0030440380000000045
Jordan,2011,0.254710972,4670454.0,,,0.0030440380000000045
Kazakhstan,2011,0.421050923,12564991.0,,,0.008852860989999971
Kenya,2011,0.423434544,23450849.0,,,0.0030440380000000045
"Korea, Rep.",2011,0.93046869,41432826.0,,,0.0030440380000000045
Kosovo,2011,0.443099658,1287712.0,,,0.004314252660000015
Kuwait,2011,0.867732441,2266476.0,,,0.0030440380000000045
Kyrgyz Republic,2011,0.037572643,3813117.0,,,0.0030440380000000045
Lao PDR,2011,0.26773455,4035423.0,,,0.0030440380000000045
Latvia,2011,0.896588352,1800178.0,,,0.0030440380000000045
Lebanon,2011,0.370273272,3709897.0,,,0.0030440380000000045
Lesotho,2011,0.184970245,1266790.0,,,0.0030440380000000045
Liberia,2011,0.188014652,2309936.0,,,0.0030440380000000045
Lithuania,2011,0.737551986,2635099.0,,,0.0030440380000000045
Luxembourg,2011,0.945867981,417441.0,,,0.0030440380000000045
Madagascar,2011,0.055232225,12419251.0,,,0.0030440380000000045
Malawi,2011,0.165406104,7972899.0,,,0.0030440380000000045
Malaysia,2011,0.661738111,20649116.0,,,0.0030440380000000045
Mali,2011,0.082138534,8429981.0,,,0.0030440380000000045
Malta,2011,0.952700727,351508.0,,,0.0030440380000000045
Mauritania,2011,0.174618151,1903527.0,,,0.0030440380000000045
Mauritius,2011,0.801232108,986634.0,,,0.0030440380000000045
Mexico,2011,0.274293832,79795751.0,,,0.0030440380000000045
Moldova,2011,0.180663215,2361620.0,,,0.004314252660000015
Mongolia,2011,0.777170918,1973485.0,,,0.0030440380000000045
Montenegro,2011,0.504380175,500343.0,,,0.004314252660000015
Nepal,2011,0.253085585,17498633.0,,,0.0030440380000000045
Netherlands,2011,0.986585294,13694510.0,,,0.0030440380000000045
New Zealand,2011,0.994367277,3443024.0,,,0.0030440380000000045
Nicaragua,2011,0.142183321,3774402.0,,,0.0030440380000000045
Niger,2011,0.015216987,8376813.0,,,0.0030440380000000045
Nigeria,2011,0.296675377,92621676.0,,,0.0030440380000000045
North Macedonia,2011,0.736989466,1569860.0,,,0.004314252660000015
Oman,2011,0.736024165,1989124.0,,,0.0030440380000000045
Pakistan,2011,0.103062966,120857470.0,,,0.0030440380000000045
Panama,2011,0.249264954,2569368.0,,,0.0030440380000000045
Paraguay,2011,0.217201462,3870412.0,,,0.0030440380000000045
Peru,2011,0.204586854,20570757.0,,,0.0030440380000000045
Philippines,2011,0.265559261,62034866.0,,,0.0030440380000000045
Poland,2011,0.701942895,32308457.0,,,0.0030440380000000045
Portugal,2011,0.812294253,8967347.0,,,0.0030440380000000045
Qatar,2011,0.658753853,1392286.0,,,0.0030440380000000045
Romania,2011,0.445916228,17058580.0,,,0.0030440380000000045
Russian Federation,2011,0.481784885,121177141.0,,,0.00482336614000002
Rwanda,2011,0.327638222,5941330.0,,,0.0030440380000000045
Saudi Arabia,2011,0.464206603,17354530.0,,,0.0030440380000000045
Senegal,2011,0.05821141,7243499.0,,,0.0030440380000000045
Serbia,2011,0.622162233,6237019.0,,,0.0030440380000000045
Sierra Leone,2011,0.153417554,3534329.0,,,0.0030440380000000045
Singapore,2011,0.982218923,4359214.0,,,0.0030440380000000045
Slovak Republic,2011,0.795830118,4557830.0,,,0.0030440380000000045
Slovenia,2011,0.971437133,1758964.0,,,0.0030440380000000045
South Africa,2011,0.536450756,36953226.0,,,0.0030440380000000045
Spain,2011,0.93277603,39626900.0,,,0.0030440380000000045
Sri Lanka,2011,0.685261647,15571720.0,,,0.0030440380000000045
Sudan,2011,0.068997979,19614991.0,,,0.0030440380000000045
Sweden,2011,0.989919498,7820937.0,,,0.0030440380000000045
Syrian Arab Republic,2011,0.232530858,14356499.0,,,0.0030440380000000045
"Taiwan, China",2011,0.87314893,19429474.0,,,0.0030440380000000045
Tajikistan,2011,0.025348573,4834891.0,,,0.0030440380000000045
Tanzania,2011,0.172577675,24470055.0,,,0.0030440380000000045
Thailand,2011,0.726664359,54766867.0,,,0.0030440380000000045
Togo,2011,0.101852403,3932998.0,,,0.0030440380000000045
Trinidad and Tobago,2011,0.759220595,1050120.0,,,0.0030440380000000045
Turkiye,2011,0.576014258,54201890.0,,,0.004162696360000014
Turkmenistan,2011,0.004049115,3877998.0,,,0.0030440380000000045
Uganda,2011,0.204614192,16363076.0,,,0.0030440380000000045
Ukraine,2011,0.412685749,39900312.0,,,0.0033115045400000064
United Arab Emirates,2011,0.597323703,5710622.0,,,0.0030440380000000045
United Kingdom,2011,0.972012849,51619966.0,,,0.0030440380000000045
United States,2011,0.879578659,248390172.0,,,0.0030440380000000045
Uruguay,2011,0.235426009,2578893.0,,,0.0030440380000000045
Uzbekistan,2011,0.22503919,20171292.0,,,0.0033115045400000064
"Venezuela, RB",2011,0.441166616,20199432.0,,,0.0030440380000000045
Viet Nam,2011,0.213694927,65955596.0,,,0.0030440380000000045
West Bank and Gaza,2011,0.194280315,2199701.0,,,0.0030440380000000045
"Yemen, Rep.",2011,0.036599538,15109759.0,,,0.0030440380000000045
Zambia,2011,0.213649092,7506102.0,,,0.0030440380000000045
Zimbabwe,2011,0.396512089,7608011.0,,,0.0030440380000000045
Afghanistan,2014,0.099610012,16708999.0,0.003044038,,0.012290477344765162
Albania,2014,0.379863523,2322032.0,,,0.02581517725000004
Algeria,2014,0.504757907,27628433.0,,,0.017736669424765185
Angola,2014,0.293181213,14342950.0,,,0.07014622772999993
Argentina,2014,0.501972945,31872846.0,0.004323196,,0.009350392879999989
Armenia,2014,0.176690647,2428128.0,0.006578374,,0.041817761020000004
Australia,2014,0.988595664,18749193.0,,,0.022119866014295466
Austria,2014,0.967340576,7260944.0,,,0.028123081485946225
Azerbaijan,2014,0.291514931,7283305.0,,,0.030578347479999973
Bahrain,2014,0.819393439,1005566.0,,,0.0257427260898229
Bangladesh,2014,0.309908189,105778630.0,0.026917143,,0.026947997669999967
Belarus,2014,0.719849861,7971997.0,,,0.04413349141000003
Belgium,2014,0.981257531,9263588.0,,,0.018052828996388916
Belize,2014,0.482092497,228016.0,,,0.0376536954
Benin,2014,0.166208335,6043333.0,0.020227271,,0.024735135849999982
Bhutan,2014,0.33665913,523289.0,,,0.036054112940000015
Bolivia,2014,0.417967196,7120716.0,0.027771435,,0.023944560044765167
Bosnia and Herzegovina,2014,0.526850299,3077307.0,,,0.1609212066799998
Botswana,2014,0.519645703,1405268.0,0.207515244,,0.1792787418399998
Brazil,2014,0.681231585,152293155.0,0.008577455,,0.022841308170000005
Bulgaria,2014,0.629868277,6271977.0,,,0.057605848630000026
Burkina Faso,2014,0.143575961,9623020.0,0.030809696,,0.03865869711999998
Burundi,2014,0.071057586,5630929.0,0.007463846,,0.015144836260000023
Cambodia,2014,0.221652658,10284331.0,0.132945547,,0.011504116699530333
Cameroon,2014,0.121777347,12084831.0,0.017966049,,0.039408826960000025
Canada,2014,0.99103328,29372810.0,,,0.013590398221007795
Chad,2014,0.124333451,7035329.0,0.057501066,,0.04998827818000005
Chile,2014,0.632588778,14064832.0,0.037898508,,0.030009500690000027
China,2014,0.789652608,1113693456.0,,,0.019069971159999997
Colombia,2014,0.389990168,34309704.0,0.02212442,,0.01591195837999999
"Congo, Dem. Rep.",2014,0.174769844,40959603.0,0.092086641,,0.08853745691699098
"Congo, Rep.",2014,0.170695977,2849454.0,0.01985446,,0.030605780549999958
Costa Rica,2014,0.645530648,3611461.0,,,0.026783496149999995
Cote d'Ivoire,2014,0.343220227,13848553.0,0.242613766,,0.14640628824000002
Croatia,2014,0.860250964,3606895.0,,,0.021761103079999997
Cyprus,2014,0.901502022,991903.0,,,0.033366559447566224
Czechia,2014,0.821782079,8944904.0,,,0.026069459709530313
Denmark,2014,1.0,4641892.0,,,0.057962660760000055
Dominican Republic,2014,0.540909896,7152325.0,0.023180556,,0.044233879159999934
Ecuador,2014,0.462124251,11054660.0,,,0.013042791489999985
"Egypt, Arab Rep.",2014,0.14126797,63009609.0,0.011449442,,0.016103177919999986
El Salvador,2014,0.367197118,4304307.0,0.045567878,,0.018045441090000006
Estonia,2014,0.97671671,1110561.0,,,0.0826009970777873
Ethiopia,2014,0.217915817,55109169.0,0.0002789486415923,,0.051305294739291706
Finland,2014,1.0,4545771.0,,,0.05816224676000006
France,2014,0.965827529,53825137.0,,,0.04328818450429553
Gabon,2014,0.330141832,1209169.0,0.066484249,,0.10322534196000006
Georgia,2014,0.396650699,3020250.0,,,0.10115585143999985
Germany,2014,0.987604067,69974132.0,,,0.08792090676429548
Ghana,2014,0.405057942,16743744.0,0.130065504,,0.22667185921000008
Greece,2014,0.875186471,9357686.0,,,0.019090826714765176
Guatemala,2014,0.413492185,9616393.0,0.017702767,,0.017495515530000002
Guinea,2014,0.069600173,6293415.0,0.014732857,,0.018999266690000027
Haiti,2014,0.188586778,6636287.0,0.037826898,,0.032466004530000016
Honduras,2014,0.314863604,5672647.0,0.034087009,,0.020224980070000006
"Hong Kong SAR, China",2014,0.961476401,6342961.0,,,0.05917694846476527
Hungary,2014,0.722568274,8464202.0,,,0.02780700637
India,2014,0.5314155,907853291.0,0.023522101,,0.02626175827000001
Indonesia,2014,0.360589893,185894322.0,0.004496315,,0.012063024369999991
"Iran, Islamic Rep.",2014,0.922802533,61676328.0,0.044956916,,0.03774007447999996
Iraq,2014,0.109723491,20884823.0,,,0.012793008739999993
Ireland,2014,0.947101387,3629630.0,,,0.016612008336415917
Israel,2014,0.899527758,5787501.0,,,0.025555678240000042
Italy,2014,0.873345771,51850742.0,,,0.012750211539999999
Jamaica,2014,0.78458207,2096466.0,0.009165031,,0.13255393762641607
Japan,2014,0.966455822,110762343.0,,,0.026657779669999954
Jordan,2014,0.246159099,5205320.0,0.004686658,,0.014938321420000004
Kazakhstan,2014,0.539074168,12875804.0,,,0.4444696437800005
Kenya,2014,0.746578329,25714887.0,0.583926337,,0.47421674379000023
"Korea, Rep.",2014,0.943608135,43035419.0,,,0.009478256338590998
Kosovo,2014,0.47803151,1334099.0,,,0.040570709100000026
Kuwait,2014,0.729081838,2736473.0,,,0.02148224283000002
Kyrgyz Republic,2014,0.184706012,3978542.0,,,0.02180089991000002
Latvia,2014,0.902182506,1719348.0,,,0.17667773651566387
Lebanon,2014,0.469271357,4265657.0,0.006707376,,0.01530802604000002
Lithuania,2014,0.779062865,2524428.0,,,0.04177905554000003
Luxembourg,2014,0.961686997,451457.0,,,0.049227971772079625
Madagascar,2014,0.085513387,13785487.0,0.043560187,,0.04071430841641598
Malawi,2014,0.180924196,8735190.0,0.038441009,,0.06407564102641597
Malaysia,2014,0.806746218,22158615.0,0.028302111,,0.0235471855938258
Mali,2014,0.200760415,9100789.0,0.116424546,,0.0781322178656638
Malta,2014,0.963279934,364279.0,,,0.06151848998924772
Mauritania,2014,0.228658822,2084692.0,0.06480396,,0.05954628108283182
Mauritius,2014,0.822082722,1010413.0,0.008643314,,0.13384943168000016
Mexico,2014,0.391408432,84399247.0,0.034240299,,0.01906026816999998
Moldova,2014,0.177557472,2361002.0,,,0.041817761020000004
Mongolia,2014,0.918217819,2074233.0,0.049979871,,0.15011473794401314
Montenegro,2014,0.598260088,504976.0,,,0.07097133635999996
Myanmar,2014,0.22784195,36618649.0,0.001637921,,0.004862363044765156
Namibia,2014,0.588338977,1427950.0,0.103590939,,0.1741955131699999
Nepal,2014,0.338013509,18161615.0,0.003360386,,0.007196119234295489
Netherlands,2014,0.992956045,13933854.0,,,0.012014275944765156
New Zealand,2014,0.995255333,3534713.0,,,0.019323026129247755
Nicaragua,2014,0.19438484,4012287.0,0.010537743,,0.01390112633
Niger,2014,0.067065881,9371030.0,0.038526655,,0.03785781666000004
Nigeria,2014,0.444419847,100567840.0,0.022949613,,0.30705170147641586
North Macedonia,2014,0.717984973,1565432.0,,,0.09203136125000004
Norway,2014,1.0,4150602.0,,,0.05442910463
Pakistan,2014,0.130361911,128875593.0,0.057997994,,0.03996044460999997
Panama,2014,0.436621402,2737867.0,0.015579504,,0.018272843569999992
Peru,2014,0.28975232,21413567.0,0.0,,0.007175637259999996
Philippines,2014,0.312858339,66911959.0,0.042258738,,0.010406514030000012
Poland,2014,0.778621706,32293711.0,,,0.010562875733825828
Portugal,2014,0.873863542,8911922.0,,,0.020241014304765173
Puerto Rico,2014,0.697352646,2955855.0,,,0.05265627050999997
Romania,2014,0.608371569,16846776.0,0.00462934,,0.01245701448476516
Russian Federation,2014,0.673830915,120673872.0,,,0.15779271436000009
Rwanda,2014,0.421169126,6472142.0,0.180976852,,0.23337711630000002
Saudi Arabia,2014,0.694095879,20496432.0,,,0.04344015733000001
Senegal,2014,0.154245721,7858967.0,0.061883609,,0.055259347529999975
Serbia,2014,0.830923383,6141282.0,,,0.05237974154000006
Sierra Leone,2014,0.155800105,3858836.0,0.044523879,,0.032647955980000046
Singapore,2014,0.963525998,4691514.0,0.061494599,,0.048791167004765226
Slovak Republic,2014,0.772413961,4582684.0,,,0.030749473390000004
Slovenia,2014,0.972445144,1759867.0,,,0.28089552090340725
Somalia,2014,0.386603281,6719620.0,0.370659137,,0.27679977717000015
South Africa,2014,0.703174555,38992463.0,0.144281802,,0.23746405656999975
Spain,2014,0.975753066,39593406.0,,,0.007005369646621311
Sri Lanka,2014,0.826913823,15433197.0,0.0007663684765165,,0.010536752510205383
Sudan,2014,0.152684333,21021157.0,,,0.06608194072491146
Sweden,2014,0.997199194,7971436.0,,,0.010475208159999997
Switzerland,2014,0.979856449,6883205.0,,,0.03122304336779792
"Taiwan, China",2014,0.913763199,19968635.0,,,0.012456547353825821
Tajikistan,2014,0.114592329,5217089.0,0.0,,0.01755106337
Tanzania,2014,0.397794763,26884351.0,0.323586983,,0.32368648897999974
Thailand,2014,0.781365538,56707280.0,0.013012658,,0.015396254640000002
Togo,2014,0.18251463,4254423.0,0.014100388,,0.030719395716415944
Tunisia,2014,0.274323115,8426960.0,0.006187012,,0.011912237870000016
Turkiye,2014,0.566774866,57336171.0,0.008081998,,0.1127119843399999
Uganda,2014,0.444471544,18082753.0,0.351003784,,0.29376386745999983
Ukraine,2014,0.527148134,39385204.0,,,0.13319777004000014
United Arab Emirates,2014,0.837433269,6398423.0,0.114909874,,0.0772579522947652
United Kingdom,2014,0.989310548,52712003.0,,,0.025841041699060662
United States,2014,0.935838008,254715188.0,,,0.017730086120000002
Uruguay,2014,0.455857273,2625287.0,0.012334332,,0.021162019760000005
Uzbekistan,2014,0.407100129,21374576.0,,,0.12925732800000014
"Venezuela, RB",2014,0.570263255,21274157.0,0.029790692,,0.032804898800000044
Viet Nam,2014,0.309509468,68893679.0,0.004965069,,0.00830387657000001
West Bank and Gaza,2014,0.242438057,2416583.0,,,0.08557772386999994
"Yemen, Rep.",2014,0.064484819,16904246.0,,,0.09373371375000004
Zambia,2014,0.356448713,8358295.0,0.121143072,,0.16370759655641604
Zimbabwe,2014,0.323892494,7862617.0,0.215955208,,0.17247174376000016
Afghanistan,2017,0.148933122,18807229.0,0.009138161,,0.10548053471999998
Albania,2017,0.400151702,2340965.0,0.02377762,,0.06842398349999992
Algeria,2017,0.427766256,28799702.0,,,0.08792863007000008
Argentina,2017,0.487084867,33036043.0,0.024161674,,0.09145161356000005
Armenia,2017,0.477590178,2384230.0,0.09755307,,0.15593241736000002
Australia,2017,0.995193731,19621820.0,,,0.21617246884000024
Austria,2017,0.981636643,7481549.0,,,0.22212274140000024
Azerbaijan,2017,0.285712045,7438923.0,,,0.18587960576000012
Bahrain,2017,0.826128502,1137724.0,,,0.16789977164999997
Bangladesh,2017,0.50046913,111658076.0,0.212459589,,0.1776277622700001
Belarus,2017,0.81155885,7909969.0,,,0.2509117888800001
Belgium,2017,0.986383226,9407055.0,,,0.20432072793000014
Benin,2017,0.384892214,6631280.0,0.180938376,,0.1828881881500001
Bolivia,2017,0.544050565,7571421.0,0.071193898,,0.10991871664000005
Bosnia and Herzegovina,2017,0.588434987,2982772.0,,,0.2323110217
Botswana,2017,0.510324508,1470809.0,0.243783067,,0.25304747031000013
Brazil,2017,0.700439481,158478074.0,0.048365306,,0.09874176056000007
Bulgaria,2017,0.722040294,6128150.0,,,0.2875071180600001
Burkina Faso,2017,0.431599923,10570484.0,0.330227985,,0.32031367332000016
Cambodia,2017,0.216717841,10807431.0,0.056595087,,0.06722910317999993
Cameroon,2017,0.345907909,13358414.0,0.151378299,,0.16507571529999981
Canada,2017,0.997268802,30253020.0,,,0.1814911642400003
Central African Republic,2017,0.137459464,2404000.0,,,0.12098770922736447
Chad,2017,0.217591927,7782131.0,0.152334098,,0.14179047172000014
Chile,2017,0.743492432,14675996.0,0.18670815,,0.17716654497999998
China,2017,0.795313411,1133758537.0,,,0.07896523285000007
Colombia,2017,0.457592285,36092425.0,0.047374512,,0.06607863419000011
"Congo, Dem. Rep.",2017,0.25825675,45407203.0,0.160963406,,0.15274629945000007
"Congo, Rep.",2017,0.260927488,3026298.0,0.062384391,,0.12530070454000014
Costa Rica,2017,0.678383576,3790388.0,,,0.17772357662000013
Cote d'Ivoire,2017,0.413309552,14983416.0,0.340531734,,0.2971755948099999
Croatia,2017,0.861434539,3508155.0,,,0.07403757955000008
Cyprus,2017,0.887157641,1039880.0,,,0.10894728284999995
Czechia,2017,0.80992266,8934395.0,,,0.07505507751999999
Denmark,2017,0.999173727,4767144.0,,,0.11800364612999992
Dominican Republic,2017,0.56239191,7508555.0,0.038946795,,0.17279776777000008
Ecuador,2017,0.512460172,11800828.0,0.029369748,,0.21089074636000008
"Egypt, Arab Rep.",2017,0.327843607,66961302.0,0.017920163,,0.13211643242999999
El Salvador,2017,0.303529471,4464670.0,0.035496148,,0.12880488666736448
Estonia,2017,0.979939712,1103273.0,,,0.06593245902000003
Ethiopia,2017,0.348275699,61575604.0,0.003159289,,0.1329102102999998
Finland,2017,0.997854185,4600229.0,,,0.3133804612499997
France,2017,0.94004046,54658275.0,,,0.14085734831000013
Gabon,2017,0.586019984,1332068.0,0.435779884,,0.43595918723999966
"Gambia, The",2017,0.285604825,1294272.0,,,0.13372345096999994
Georgia,2017,0.612304463,2987888.0,0.022010216,,0.12967099994000006
Germany,2017,0.99141186,71374479.0,,,0.1850189260081263
Ghana,2017,0.577175264,18083712.0,0.389477818,,0.41972740283000015
Greece,2017,0.854665211,9220190.0,,,0.09270210272999996
Guatemala,2017,0.441070072,10430246.0,0.02126406,,0.05484797931000002
Guinea,2017,0.23486035,6873506.0,0.137804687,,0.13483652932999982
Haiti,2017,0.326211865,7048972.0,0.135171894,,0.12240266453000018
Honduras,2017,0.453429696,6185475.0,0.061960126,,0.10314008012999996
"Hong Kong SAR, China",2017,0.952832589,6493265.0,,,0.20077895980999996
Hungary,2017,0.749449653,8389859.0,,,0.06874323994999998
India,2017,0.798753285,962463650.0,0.019945431,,0.06351757218
Indonesia,2017,0.488574509,193777030.0,0.031239157,,0.07358375700999993
"Iran, Islamic Rep.",2017,0.939819167,63892824.0,0.262966091,,0.20936237860999973
Iraq,2017,0.226651525,23052127.0,0.042147556,,0.13438552642999993
Ireland,2017,0.953404529,3749429.0,,,0.06062375976000003
Israel,2017,0.928149668,6131598.0,,,0.21859281019000004
Italy,2017,0.9378502,52409524.0,,,0.06282498132000006
Japan,2017,0.98243392,110907804.0,,,0.062224655130000056
Jordan,2017,0.424930235,6558247.0,0.010609684,,0.24857422740999982
Kazakhstan,2017,0.586975352,13196334.0,,,0.5681569505800007
Kenya,2017,0.815675646,28150345.0,0.729316807,,0.7307394687966512
"Korea, Rep.",2017,0.948510127,44377468.0,,,0.053053211170000045
Kosovo,2017,0.522733969,1328163.0,,,0.15833873354000005
Kuwait,2017,0.798401514,3138850.0,,,0.10021014403999998
Kyrgyz Republic,2017,0.399420035,4195979.0,0.031068763,,0.07586740155000009
Lao PDR,2017,0.290564189,4638548.0,,,0.18762356804999997
Latvia,2017,0.932224723,1657658.0,,,0.23116162677999988
Lebanon,2017,0.447514245,4654352.0,,,0.2504025214599999
Lesotho,2017,0.455638157,1350411.0,0.276418432,,0.27707281888999985
Liberia,2017,0.357138397,2745577.0,0.208433919,,0.18686637998000033
Libya,2017,0.656675223,4585159.0,,,0.15228719409999994
Lithuania,2017,0.828838485,2445393.0,,,0.1364078101599999
Luxembourg,2017,0.987678547,486845.0,,,0.0959206662199999
Madagascar,2017,0.178678713,15245537.0,0.120553027,,0.11489228685999991
Malawi,2017,0.337139337,9645161.0,0.203028317,,0.2042777755500001
Malaysia,2017,0.853437476,23682698.0,0.108763332,,0.13630663070000007
Maldives,2017,0.795464095,342024.0,0.233007872,,0.08121387928000001
Mali,2017,0.354166789,9985747.0,0.243976486,,0.23679005303000022
Malta,2017,0.973629103,390899.0,,,0.06778399633000003
Mauritania,2017,0.208725063,2278505.0,0.04012378,,0.09943455624000004
Mauritius,2017,0.898425267,1031251.0,0.056269371,,0.11276143011000007
Mexico,2017,0.360417667,88534114.0,0.053232777,,0.06838716334999993
Moldova,2017,0.437856521,2278507.0,,,0.26020215591999984
Mongolia,2017,0.929711716,2155814.0,0.218971478,,0.21902447978000006
Montenegro,2017,0.68361794,506847.0,,,0.04541873697999996
Morocco,2017,0.286444592,24894226.0,0.006392115,,0.047843622139999986
Mozambique,2017,0.416701038,14874137.0,0.218668208,,0.23793211016000027
Myanmar,2017,0.25992298,38000865.0,0.006904999,,0.14131314559736438
Namibia,2017,0.806334991,1547830.0,0.434294697,,0.43298086586999956
Nepal,2017,0.453855766,18869412.0,,,0.09105781236000018
Netherlands,2017,0.996376136,14234525.0,,,0.20465814948736466
New Zealand,2017,0.991784474,3788624.0,,,0.0752270344200001
Nicaragua,2017,0.308619915,4249427.0,0.039274168,,0.07718301699000008
Niger,2017,0.15523245,10546918.0,0.087172383,,0.12811656401736454
Nigeria,2017,0.396668587,109170774.0,0.056061652,,0.12134088910000013
North Macedonia,2017,0.765687709,1567300.0,,,0.10442031262999993
Norway,2017,0.997451401,4298959.0,,,0.14341828275999982
Pakistan,2017,0.212932449,135055510.0,0.068855579,,0.07696772682000003
Panama,2017,0.464942617,2915245.0,0.035031686,,0.12641313491999998
Paraguay,2017,0.486468607,4382299.0,0.28881767,,0.2358310167500001
Peru,2017,0.42603181,22473210.0,0.026341662,,0.055267678680000064
Philippines,2017,0.344984076,71585383.0,0.04521299,,0.06238674532999991
Poland,2017,0.86733303,32223349.0,,,0.10253539409
Portugal,2017,0.923409885,8871342.0,,,0.07133382843999991
Romania,2017,0.577518052,16606939.0,0.029901696,,0.11870816544999986
Russian Federation,2017,0.757588881,120066877.0,,,0.27385640156999985
Rwanda,2017,0.500197937,7050113.0,0.311146415,,0.31121146243999975
Saudi Arabia,2017,0.716981166,23241801.0,,,0.25196926658999996
Senegal,2017,0.423440154,8705549.0,0.317980906,,0.3102559707699997
Serbia,2017,0.714410465,6046629.0,,,0.16526174516999986
Sierra Leone,2017,0.198087606,4219730.0,0.110186137,,0.09375671458000001
Singapore,2017,0.97931171,4905185.0,0.09548008,,0.12882343317999992
Slovak Republic,2017,0.841815883,4594115.0,,,0.15999281192000006
Slovenia,2017,0.975334004,1756994.0,,,0.18335063186
South Africa,2017,0.692184942,41039555.0,0.190168459,,0.19832266919
South Sudan,2017,0.085700039,6092487.0,,,0.04280058221000003
Spain,2017,0.937557047,39549433.0,,,0.044622875509999986
Sri Lanka,2017,0.736464608,16017388.0,0.024207601,,0.17587005495999997
Sweden,2017,0.997422116,8184039.0,,,0.3116460727299996
Switzerland,2017,0.984296665,7127704.0,,,0.3237370631099997
"Taiwan, China",2017,0.941796308,20340388.0,,,0.2874184147299996
Tajikistan,2017,0.470243972,5649763.0,,,0.3314746606299995
Tanzania,2017,0.46751564,30023264.0,0.385380307,,0.35271872593999937
Thailand,2017,0.815940009,58293189.0,0.082568594,,0.10557180059
Togo,2017,0.452893519,4608431.0,0.214573758,,0.23515287992641842
Trinidad and Tobago,2017,0.807833517,1090252.0,,,0.059325130279999944
Tunisia,2017,0.369065672,8662597.0,0.020371898,,0.03911843018000003
Turkiye,2017,0.685903081,60604220.0,0.164119521,,0.22058653754000002
Turkmenistan,2017,0.405764132,4458186.0,,,0.40742083085000014
Uganda,2017,0.591991512,20360656.0,0.505812429,,0.4930155716500003
Ukraine,2017,0.629023288,38655749.0,,,0.2454875791100004
United Arab Emirates,2017,0.882103911,7433015.0,0.213317966,,0.16418031791999999
United Kingdom,2017,0.963663189,53834160.0,,,0.1222068376400002
United States,2017,0.931221843,261470917.0,,,0.09867214998000005
Uruguay,2017,0.638680057,2670291.0,,,0.17535230839999993
Uzbekistan,2017,0.370897363,22359293.0,,,0.11136892244000009
"Venezuela, RB",2017,0.734945071,22179490.0,0.109703829,,0.14411067953000023
Viet Nam,2017,0.30795793,71315938.0,0.034995007,,0.052646754750000004
West Bank and Gaza,2017,0.250221747,2625785.0,,,0.14394271169000009
Zambia,2017,0.458632575,9326870.0,0.278423918,,0.2858750272700004
Zimbabwe,2017,0.552851376,8235262.0,0.485816322,,0.45770425112999985
Afghanistan,2021,0.096538218,21791072.0,0.0,,0.05763287298999997
Albania,2021,0.441741743,2340601.0,,,0.32471320730736386
Algeria,2021,0.440970221,30458426.0,,,0.27993474152999964
Argentina,2021,0.716270859,34481880.0,0.350841379,,0.21318793843000017
Armenia,2021,0.553477333,2364189.0,0.167427431,,0.24686681712000003
Australia,2021,0.993231498,20888823.0,,,0.15001233807812606
Austria,2021,0.999507175,7633446.0,,,0.2947746487799998
Azerbaijan,2022,0.462586542,7732344.0,,,0.2910543975054903
Bangladesh,2021,0.528060649,117641793.0,0.290057918,,0.24509248028999991
Belgium,2021,0.990056968,9600074.0,,,0.2978641641500003
Benin,2021,0.486055301,7495327.0,0.366837175,,0.37237120705000026
Bolivia,2021,0.68885446,8150856.0,0.129542215,,0.15522701987000018
Bosnia and Herzegovina,2021,0.793378937,2851847.0,,,0.3030640853500001
Botswana,2022,0.587631963,1588124.0,0.365681329,,0.39560964988000025
Brazil,2021,0.840357459,165349748.0,0.269601254,,0.23941543209000016
Bulgaria,2021,0.839665205,5933315.0,,,0.22124547905
Burkina Faso,2021,0.361085343,12018028.0,0.246651698,,0.2391129738500004
Cambodia,2021,0.333949916,11527565.0,0.065982333,,0.09115750202000004
Cameroon,2021,0.51654813,15059599.0,0.424330278,,0.42076474154
Canada,2021,0.99634615,31991096.0,,,0.13517245030812602
Chad,2022,0.236513334,8962706.0,0.120867652,,0.12721505455999987
Chile,2021,0.870620678,15803947.0,,,0.17284327144
China,2021,0.887090217,1157739289.0,,,0.2114904046500003
Colombia,2021,0.597159079,39661157.0,0.217662657,,0.1969654422100002
Comoros,2022,0.342501735,495193.0,0.077259066,,0.12493753593999993
"Congo, Dem. Rep.",2022,0.274411308,51784116.0,0.226761835,,0.17244570190999997
"Congo, Rep.",2021,0.471421558,3350070.0,0.367774409,,0.3699581630599998
Costa Rica,2021,0.684896898,3990389.0,,,0.3118273097200003
Cote d'Ivoire,2021,0.507622911,16718735.0,0.403959431,,0.40519346995999983
Croatia,2021,0.918041947,3348534.0,,,0.10113868824999989
Cyprus,2021,0.931299046,1094549.0,,,0.11498631208999989
Czechia,2021,0.949367049,8985899.0,,,0.09112147341999992
Denmark,2021,1.0,4880509.0,,,0.1649040152899999
Dominican Republic,2021,0.512980113,7960918.0,0.075716879,,0.19554469533000013
Ecuador,2021,0.641767161,12914981.0,,,0.12153306320999979
"Egypt, Arab Rep.",2021,0.274440057,72722825.0,0.02915438,,0.05876495598999996
El Salvador,2021,0.358453551,4592875.0,0.109182215,,0.12328440620999988
Estonia,2021,0.993765668,1110971.0,,,0.20005683870000002
Eswatini,2022,0.66175801,779017.0,0.567443942,,0.5481603777626376
Ethiopia,2022,0.464800688,70814574.0,0.046384017,,0.21228152393000005
Finland,2021,0.995301883,4663598.0,,,0.19417435412999992
France,2021,0.992442955,55812045.0,,,0.17045219483625246
Gabon,2021,0.660899713,1467427.0,0.574777732,,0.5640221766400004
"Gambia, The",2022,0.330110184,1458016.0,0.03745625,,0.20272353284999997
Georgia,2021,0.704986886,2940933.0,0.082312009,,0.31776938746000005
Germany,2021,0.999765938,71716499.0,,,0.45705424618812607
Ghana,2021,0.682303948,20017745.0,0.596879304,,0.5652738985500002
Greece,2021,0.94884104,9182577.0,,,0.08143500904000003
Guatemala,2022,0.369778819,11489738.0,0.052358035,,0.10556348162999996
Guinea,2021,0.304403355,7735937.0,0.215100208,,0.2084201002600001
Honduras,2021,0.378497022,6863097.0,0.088682307,,0.0994225774299999
"Hong Kong SAR, China",2021,0.978012444,6637356.0,,,0.14731064826000018
Hungary,2021,0.882187886,8330756.0,,,0.11051814250000008
Iceland,2021,1.0,297833.0,,,0.14964435796000022
India,2021,0.775291371,1033092817.0,0.104396875,,0.17012208336000012
Indonesia,2021,0.517553241,203818030.0,0.092923176,,0.2183331578200001
"Iran, Islamic Rep.",2021,0.899846708,66867932.0,0.123863508,,0.1424449608499999
Iraq,2021,0.185652818,25903954.0,0.04805505,,0.06088710473000004
Ireland,2021,0.996633988,3983258.0,,,0.12782259852999991
Israel,2021,0.929252212,6631697.0,,,0.14009132293
Italy,2021,0.972945565,51815239.0,,,0.12373881226999997
Jamaica,2021,0.733003615,2248537.0,0.126601306,,0.17536107615999996
Japan,2021,0.9848942,110830955.0,,,0.13147091433812633
Jordan,2021,0.471196643,7296924.0,0.106597836,,0.15017312519000015
Kazakhstan,2021,0.811084645,13791287.0,,,0.32845270034000007
Kenya,2021,0.791951576,31704189.0,0.686586916,,0.6870753326700004
"Korea, Rep.",2021,0.986713471,45556455.0,,,0.12179007671437862
Kosovo,2021,0.580119596,1385580.0,,,0.18000813889000014
Kyrgyz Republic,2021,0.45094844,4515230.0,0.114294363,,0.2584506668999998
Lao PDR,2021,0.37320029,5024510.0,0.054799821,,0.1250872512099998
Latvia,2021,0.966187205,1596418.0,,,0.38290801188999973
Lebanon,2021,0.207030978,4108774.0,,,0.19316921312000013
Lesotho,2022,0.636349094,1434393.0,0.458779246,,0.46075282683999935
Liberia,2021,0.516311458,3018782.0,0.362960666,,0.3663982820199997
Lithuania,2021,0.935322397,2372426.0,,,0.18658476503000013
Madagascar,2022,0.262978246,17259462.0,0.190270988,,0.1846156681900002
Malawi,2021,0.427078089,11111253.0,0.343476874,,0.32656797883000005
Malaysia,2021,0.883748841,25769271.0,0.279788583,,0.1509489869800001
Mali,2021,0.435009858,11438992.0,0.293780615,,0.3012921913399997
Malta,2021,0.964468111,446624.0,,,0.14391262245999997
Mauritania,2022,0.234559362,2584547.0,0.101619569,,0.1059846400300001
Mauritius,2021,0.905263444,1058961.0,0.158956646,,0.15236953154000002
Mexico,2022,0.489714754,93851214.0,0.181400816,,0.1979619002
Moldova,2021,0.642455176,2108305.0,,,0.46971366844000045
Mongolia,2021,0.984550191,2237019.0,0.588124931,,0.46022334573000045
Morocco,2021,0.443728342,26706787.0,0.062719723,,0.14241869918000014
Mozambique,2021,0.494927479,16874256.0,0.29376595,,0.31359248296000003
Myanmar,2021,0.477910291,39685121.0,0.290307042,,0.25065220768999974
Namibia,2021,0.713463883,1715314.0,0.426246853,,0.4455339887500001
Nepal,2021,0.540026923,20254590.0,0.060919077,,0.10219842173
Netherlands,2021,0.997331679,14717214.0,,,0.16007765355736436
New Zealand,2021,0.987523815,4122094.0,,,0.10119153640472874
Nicaragua,2021,0.260328025,4567953.0,0.065580785,,0.11403111831736433
Niger,2022,0.116855913,12328593.0,0.053773763,,0.12972756367418653
Nigeria,2021,0.453166327,122350743.0,0.086502092,,0.15529939852999997
North Macedonia,2021,0.852886913,1536653.0,,,0.1665982508099999
Norway,2021,0.994777715,4453612.0,,,0.12246242279999985
Pakistan,2021,0.209806311,146030491.0,0.085374063,,0.10460986450736427
Panama,2021,0.449670338,3160275.0,,,0.23921283117945755
Paraguay,2021,0.544199771,4679787.0,0.377008071,,0.3229847587099998
Peru,2021,0.574978561,24463530.0,0.143447853,,0.1787609136400001
Philippines,2021,0.513717639,77692157.0,0.217389093,,0.21051321274000007
Poland,2021,0.957201672,32028961.0,,,0.1182666099
Portugal,2021,0.926495073,8923687.0,,,0.08300412096999993
Romania,2021,0.691155038,16163817.0,,,0.2478972392800002
Russian Federation,2021,0.897193266,119582441.0,0.329383356,,0.3041658698700001
Saudi Arabia,2021,0.743207467,23509479.0,,,0.20536766498000003
Senegal,2021,0.559644071,10017948.0,0.448898718,,0.44938615853000036
Serbia,2021,0.894157368,5915242.0,,,0.19199729322999995
Sierra Leone,2021,0.288466045,4762478.0,0.190402143,,0.18961515635999998
Singapore,2021,0.975498512,4993587.0,0.306042672,,0.2278491588400002
Slovak Republic,2021,0.956196968,4593346.0,,,0.15489020931999994
Slovenia,2021,0.990496614,1784150.0,,,0.32702159700999983
South Africa,2021,0.85378112,44211052.0,0.365653075,,0.36769744352999995
South Sudan,2021,0.058314075,6159568.0,0.00849857,,0.03244107033000001
Spain,2021,0.982984395,40639965.0,,,0.13119448963625246
Sri Lanka,2021,0.892707132,16803664.0,0.031264218,,0.1642115565699999
Sweden,2021,0.996887647,8517166.0,,,0.23783703796999997
Switzerland,2021,0.994910311,7337959.0,,,0.25426388144999995
"Taiwan, China",2021,0.947110381,20568066.0,,,0.09051273585999997
Tajikistan,2021,0.394881618,6196225.0,0.020897526,,0.13031768162000007
Tanzania,2021,0.524333347,34527295.0,0.44579487,,0.43726896162000023
Thailand,2021,0.955769973,60059109.0,0.59999888,,0.17790023560000012
Togo,2021,0.496056349,5137794.0,0.364808073,,0.35221542827999974
Tunisia,2021,0.368532365,8970562.0,0.037122092,,0.04618909161
Turkiye,2021,0.740916613,64398074.0,0.182842014,,0.21799853916999976
Uganda,2021,0.659140111,24351947.0,0.537962366,,0.5506121282600005
Ukraine,2021,0.835648133,37851388.0,,,0.1642400070199999
United Arab Emirates,2021,0.85742193,7842387.0,0.132578892,,0.13990352090999994
United Kingdom,2021,0.997632738,55029201.0,,,0.22394876254812623
United States,2021,0.949532296,270549658.0,,,0.22853446363
Uruguay,2021,0.741272677,2725712.0,,,0.26867735922
Uzbekistan,2021,0.441347903,23599241.0,,,0.29744778562999996
"Venezuela, RB",2021,0.843948009,20527738.0,0.303109094,,0.23696849991999996
Viet Nam,2022,0.562657536,74158712.0,0.164659469,,0.17786646627742425
West Bank and Gaza,2021,0.336425509,2915259.0,0.023281278,,0.08657908661999997
"Yemen, Rep.",2022,0.119033656,21192335.0,,,0.3158246878999999
Zambia,2021,0.485218873,10800121.0,0.41631284,,0.3823958662900004
Zimbabwe,2021,0.597459293,8977056.0,0.506324444,,0.4964428124700001
Albania,2024,0.460692506,2278004.0,,0.828401699,0.44858534287000007
Algeria,2024,0.352901069,32019804.0,,0.829103805,0.4627234810500001
Argentina,2024,0.817442447,35433130.0,0.567395437,0.881292738,0.5190114445300003
Armenia,2024,0.713734735,2406318.0,0.173602692,0.875233131,0.19310146389999974
Australia,2024,0.980103778,21852264.0,,0.923078744,0.23678474433999985
Austria,2024,0.995084975,7825678.0,,0.937746667,0.22086121647999968
Azerbaijan,2024,0.563046655573957,7885113.0,,0.863523886,0.22246432116812617
Bahrain,2024,0.823220521,1277545.0,,0.97461559,0.21927054431033327
Bangladesh,2024,0.432839733,122837439.0,0.207683726,0.435788761,0.20651987367000005
Belgium,2024,0.982369093,9867164.0,,0.950414619,0.13871622333000017
Belize,2024,0.679682002,300138.0,0.136663451,0.860345934,0.13425224278000014
Benin,2024,0.51843206,8207504.0,0.448728519,0.343432199,0.4474520369599999
Bolivia,2024,0.568490527,8553476.0,0.199779285,0.791202523,0.19732604555000022
Bosnia and Herzegovina,2024,0.774588923,2764009.0,,0.847921588,0.5240693606699994
Botswana,2024,0.614384691,1679590.0,0.516178157,0.472558284,0.5204160828799994
Brazil,2024,0.863811782,169047814.0,0.581666157,0.875488916,0.5588083136800005
Bulgaria,2024,0.84724395,5509377.0,,0.794311802,0.4329404259
Burkina Faso,2024,0.514274912,13262560.0,0.441573641,0.313159543,0.4459066669500002
Cambodia,2024,0.390314429,12177453.0,0.168896941,0.810040364,0.18078079696999994
Cameroon,2024,0.608737909,16524096.0,0.550654518,0.462457496,0.5516703935900009
Canada,2024,0.984047126,33960981.0,,0.950546504,0.13435918098999988
Chad,2024,0.208983599,10289880.0,0.133358944,0.113780774,0.13439200156000017
Chile,2024,0.850691778,16241277.0,,0.867053292,0.37476183591999984
China,2024,0.89383032,1176678702.0,,0.862319955,0.39429698098999993
Colombia,2024,0.570594856,41544122.0,0.391465593,0.806874489,0.3652624846399998
Comoros,2024,0.454593974,532331.0,0.140937863,0.433597254,0.16899165071846103
"Congo, Dem. Rep.",2024,0.392140115,57033055.0,0.351182388,0.320805543,0.3612605127500004
"Congo, Rep.",2024,0.555760388,3655093.0,0.515921177,0.339473168,0.5122577966600005
Costa Rica,2024,0.713527071,4118576.0,,0.873854761,0.5296457082800005
Cote d'Ivoire,2024,0.57567627,18301587.0,0.533817788,0.472172953,0.5269769877200001
Croatia,2024,0.926404988,3313982.0,,0.874194055,0.22395712342000032
Cyprus,2024,0.961259313,1129055.0,,0.903229452,0.20513155121000037
Czechia,2024,0.922832885,9161251.0,,0.928542666,0.1960135720500002
Denmark,2024,0.986505141,5003352.0,,0.981754949,0.19209359907000034
Dominican Republic,2024,0.647779639,8281568.0,0.180158284,0.893376095,0.18648944182000027
Ecuador,2024,0.645052104,13484219.0,0.100848646,0.827538348,0.14167226596999988
"Egypt, Arab Rep.",2024,0.431134368,77385958.0,0.156072041,0.548845818,0.17423293448000002
El Salvador,2024,0.434036649,4718943.0,0.058435819,0.808486578,0.17622394492999985
Estonia,2024,0.989011091,1151475.0,,0.972079212,0.5115822949200005
Eswatini,2024,0.651160267,816208.0,0.504069176,0.515840126,0.5066625376600009
Ethiopia,2024,0.488302768,78031387.0,0.094548896,0.137902449,0.4595780252599998
Finland,2024,0.998426818,4749954.0,,0.939084481,0.6294660175599998
France,2024,0.991902372,56825584.0,,0.964147768,0.5955521295099996
Gabon,2024,0.681812563,1573811.0,0.616415501,0.687208954,0.6121166038499993
"Gambia, The",2024,0.381609042,1598990.0,0.190885438,0.648489497,0.2249645729699998
Georgia,2024,0.788236411,2933716.0,,0.818595594,0.7799951120999986
Germany,2024,0.982983236,71691113.0,,0.950761463,0.8026517210799986
Ghana,2024,0.812430252,21563813.0,0.782813635,0.547587825,0.7737786572499986
Greece,2024,0.885519759,8991800.0,,0.912094985,0.12276663184812618
Guatemala,2024,0.382819484,12299923.0,0.03300105,0.711239169328234,0.19532690164000005
Guinea,2024,0.36048025,8464230.0,0.258219395,0.310230867,0.26682813783000026
Honduras,2024,0.424429707,7345357.0,0.108892565,0.75289082,0.14815613075000006
"Hong Kong SAR, China",2024,0.973080247,6729811.0,,0.885215392,0.22599926416000016
Hungary,2024,0.869605631,8202714.0,,0.908352489,0.17363933953000008
Iceland,2024,0.998548358,322325.0,,0.988264651,0.26362196918000036
India,2024,0.890248225,1077731602.0,0.231007554,0.457305789,0.23562890335000028
Indonesia,2024,0.563278494,211076339.0,0.220129024,0.704626349,0.22375756121999985
"Iran, Islamic Rep.",2024,0.910610045,69914781.0,0.131040105,0.774814874,0.15646583912000017
Iraq,2024,0.301610518,28355455.0,0.118649863,0.76165886,0.12910275017999995
Ireland,2024,0.982929182,4298252.0,,0.948066317,0.2200390692063269
Israel,2024,0.892691974,7062352.0,,0.860863419,0.20656469793195742
Italy,2024,0.860191093,51829051.0,,0.894407421,0.2074912115669578
Japan,2024,0.985235592,110011344.0,,0.833434851,0.22447156314007458
Jordan,2024,0.464573138,7867178.0,0.205639167812616,0.892666786,0.20395520820382224
Kazakhstan,2024,0.870486447,14324777.0,0.488575255,0.88382534,0.47742097090000046
Kenya,2024,0.901199174,34616135.0,0.874994113,0.60493832,0.8737857967999996
"Korea, Rep.",2024,0.968949449,46039322.0,0.601022033,0.86573784,0.5918836502299999
Kosovo,2024,0.641617722,1382360.0,,0.958446318,0.3246466116400004
Kuwait,2024,0.744578561,3950546.0,,0.959946975,0.30852130893000024
Kyrgyz Republic,2024,0.722642376,4780143.0,0.310351086,0.920286125,0.3022943523200002
Lao PDR,2024,0.376501969,5322750.0,0.118384277,0.70165302,0.13753972940000014
Latvia,2024,0.9497331,1582835.0,,0.937431856,0.5311235525500001
Lebanon,2024,0.230438576,4231057.0,0.027158979,0.941962816,0.1590845311099999
Lesotho,2024,0.615710445,1504222.0,0.534728195,0.458874836,0.5367048924399997
Liberia,2024,0.522139331,3295997.0,0.475292537,0.329217845,0.4610739307100007
Libya,2024,0.331190908,5262910.0,,0.805089364,0.22146863923000004
Lithuania,2024,0.989947156,2444088.0,,0.8898181,0.28469763347793436
Madagascar,2024,0.244501397,18851036.0,0.193550167,0.11063596,0.19387475255000006
Malawi,2024,0.503696725,12384937.0,0.473991978,0.205035203,0.4701948889900005
Malaysia,2024,0.886918012,27297352.0,0.445049317,0.868901431,0.43768162602999966
Mali,2024,0.547454806,12725942.0,0.483876159,0.459851014,0.4782034415499998
Malta,2024,0.965581295,480050.0,,0.927201519,0.10520052703000003
Mauritania,2024,0.27314261,2860979.0,,0.597770635,0.116510011
Mauritius,2024,0.89598448,1070318.0,0.101270672,0.771695497,0.10042586171000006
Mexico,2024,0.530320833,97411242.0,0.104373885,0.775228863,0.15359841911999983
Moldova,2024,0.555442493,1966418.0,,0.786732123,0.6154532108999997
Mongolia,2024,0.982787008,2344987.0,0.640304314,0.868814523,0.6219130188799996
Montenegro,2024,0.754116297,503215.0,,0.838137205,0.2190537972800002
Morocco,2024,0.443863291,27893979.0,0.058756973,0.647695723,0.16825276937999992
Mozambique,2024,0.543852875,18581790.0,0.45720986,0.271067396,0.4599455650799996
Namibia,2024,0.729187673,1858089.0,0.484473581,0.564074954,0.4899362795100004
Nepal,2024,0.599911157,21168213.0,0.105834365,0.501247736,0.13596353308999995
Netherlands,2024,0.991715123,15164931.0,,0.959144256,0.1914826867199999
New Zealand,2024,0.978647564,4263369.0,,0.954523295,0.19251075191812606
Nicaragua,2024,0.234705927,4830854.0,0.080878133,0.747196151,0.20583846373999987
Niger,2024,0.148268992,13873697.0,0.057003706,0.155575693,0.16123953454999979
Nigeria,2024,0.632613514,133329232.0,0.327907521,0.377388635,0.3784261511400001
North Macedonia,2024,0.842548649,1515847.0,,0.831857305,0.22721756213000024
Norway,2024,0.985561571,4608487.0,,0.981857086,0.23119592305000033
Oman,2024,0.695361597,3775451.0,,0.924810741,0.20960975000000026
Pakistan,2024,0.272960072,155833628.0,0.183578643,0.35678699,0.18754291753000016
Panama,2024,0.640952131,3331755.0,0.380533533,0.75108564,0.3577954212400002
Paraguay,2024,0.60916761,4874331.0,0.359483793,0.838435959,0.36704916232
Peru,2024,0.593098978,25601447.0,0.42497337,0.781494802,0.3855824132700002
Philippines,2024,0.501824221,82023644.0,0.288000006,0.707101567,0.27144737201000024
Poland,2024,0.861367118,31148749.0,,0.809123143,0.3631198571699998
Portugal,2024,0.913973441,9214262.0,,0.86335158,0.13906942996000018
Romania,2024,0.713366719,16033507.0,,0.769398179,0.14169296478000026
Russian Federation,2024,0.793421267,118635010.0,0.058176187,0.929471952,0.1795514816400004
Saudi Arabia,2024,0.788409517,25248449.0,0.365012282,0.991219884,0.36494096308999974
Senegal,2024,0.764609257,11094279.0,0.66912649,0.701018953,0.7140457681731286
Serbia,2024,0.832544459,5672737.0,,0.792348957,0.3653908982900002
Sierra Leone,2024,0.386205211,5200533.0,0.321957258,0.327527811,0.3202125387300002
Singapore,2024,0.979718288,5220107.0,0.564689659,0.929346696,0.560024546308127
Slovak Republic,2024,0.922151185,4563499.0,,0.877699621,0.3111726436100005
Slovenia,2024,0.987472573,1803880.0,,0.875626235,0.3246774079100004
South Africa,2024,0.811259662,46723498.0,0.316232017,0.683091517,0.3056915912500005
Spain,2024,0.983807416,41937630.0,,0.965211001,0.09698340999999991
Sri Lanka,2024,0.816921294,17109247.0,0.029961648,0.429656331,0.07658317465999989
Sweden,2024,0.985654945,8719085.0,,0.983168689,0.13860503758999979
Switzerland,2024,0.984123097,7553903.0,,0.94406353,0.15749771956999983
"Taiwan, China",2024,0.956207099,20437095.0,,0.902278092,0.18375386796
Tajikistan,2024,0.545193771,6596875.0,0.144302101,0.625100511,0.19797933965000003
Tanzania,2024,0.598275253,38155970.0,0.528539837,0.204358861,0.5224160889699997
Thailand,2024,0.918249815,60882768.0,0.416773814,0.85780947,0.40700061376000013
Togo,2024,0.574329534,5593530.0,0.479918379,0.43714479,0.5096752614799996
Trinidad and Tobago,2024,0.745920641,1120989.0,,0.86013872,0.11555789495999998
Tunisia,2024,0.37844486,9219268.0,0.026456293,0.679856628,0.08825578049507854
Turkiye,2024,0.815545478,66691005.0,0.233225246,0.874812305,0.23791353384999997
Uganda,2024,0.728273758,27277834.0,0.677382954,0.382269734,0.6693509816700006
Ukraine,2024,0.875812259,32338724.0,,0.949406627,0.3574766298399997
United Kingdom,2024,0.992843093,56450851.0,,0.961545776,0.34335468903000027
United States,2024,0.970230983,275987833.0,,0.978066848,0.3500303688400003
Uruguay,2024,0.737451276,2755004.0,,0.913204768,0.34212522431000036
Uzbekistan,2024,0.59658383,24646062.0,,0.737272764,0.34813812936000027
"Venezuela, RB",2024,0.873184628,20899114.0,0.337396759,0.894064355,0.34413562251999996
Viet Nam,2024,0.705507534,76663207.0,0.38723284,0.878754124,0.3833339368900001
West Bank and Gaza,2024,0.396209836,3183655.0,0.061631687,0.940834333,0.2833069495699996
Zambia,2024,0.727024246,12029200.0,0.693107513,0.388603197,0.6760162022800005
Zimbabwe,2024,0.495216018,9588258.0,0.433317369,0.316428951,0.43543003258
Albania,2011,0.336646774,2281010.0,,,0.22062752400000057
Albania,2011,0.226726112,2281010.0,,,0.22062752400000057
Algeria,2011,0.461278243,26251587.0,,,0.22062752400000057
Algeria,2011,0.20407297,26251587.0,,,0.22062752400000057
Angola,2011,0.394809697,12779501.0,,,0.22062752400000057
Angola,2011,0.389283453,12779501.0,,,0.22062752400000057
Argentina,2011,0.346139694,30685516.0,,,0.22062752400000057
Argentina,2011,0.318185625,30685516.0,,,0.22062752400000057
Armenia,2011,0.16715996,2457011.0,,,0.22062752400000057
Armenia,2011,0.181485615,2457011.0,,,0.22062752400000057
Australia,2011,0.995946952,17830548.0,,,0.22062752400000057
Australia,2011,0.985922847,17830548.0,,,0.22062752400000057
Austria,2011,0.977366562,7123870.0,,,0.22062752400000057
Austria,2011,0.965633106,7123870.0,,,0.22062752400000057
Azerbaijan,2011,0.15616259,7034188.0,,,0.22062752400000057
Azerbaijan,2011,0.142592501,7034188.0,,,0.22062752400000057
Bahrain,2011,0.78975454,978145.0,,,0.22062752400000057
Bahrain,2011,0.487776716,978145.0,,,0.22062752400000057
Bangladesh,2011,0.372916464,100376575.0,,,0.22062752400000057
Bangladesh,2011,0.260116973,100376575.0,,,0.22062752400000057
Belarus,2011,0.592435208,8075665.0,,,0.22062752400000057
Belarus,2011,0.580722303,8075665.0,,,0.22062752400000057
Belgium,2011,0.952961552,9049843.0,,,0.22062752400000057
Belgium,2011,0.97184568,9049843.0,,,0.22062752400000057
Benin,2011,0.111505669,5496491.0,,,0.22062752400000057
Benin,2011,0.09807354,5496491.0,,,0.22062752400000057
Bolivia,2011,0.311235856,6675907.0,,,0.22062752400000057
Bolivia,2011,0.251057671,6675907.0,,,0.22062752400000057
Bosnia and Herzegovina,2011,0.67225741,3217823.0,,,0.22062752400000057
Bosnia and Herzegovina,2011,0.477213627,3217823.0,,,0.22062752400000057
Botswana,2011,0.321595263,1340324.0,,,0.22062752400000057
Botswana,2011,0.283603353,1340324.0,,,0.22062752400000057
Brazil,2011,0.610977359,145842533.0,,,0.22062752400000057
Brazil,2011,0.510178475,145842533.0,,,0.22062752400000057
Bulgaria,2011,0.498976792,6400381.0,,,0.22062752400000057
Bulgaria,2011,0.554513177,6400381.0,,,0.22062752400000057
Burkina Faso,2011,0.156954228,8802362.0,,,0.22062752400000057
Burkina Faso,2011,0.1081371,8802362.0,,,0.22062752400000057
Cameroon,2011,0.188115622,11072780.0,,,0.22062752400000057
Cameroon,2011,0.108814438,11072780.0,,,0.22062752400000057
Canada,2011,0.942752248,28373521.0,,,0.22062752400000057
Canada,2011,0.972331641,28373521.0,,,0.22062752400000057
Chile,2011,0.434419937,13480066.0,,,0.22062752400000057
Chile,2011,0.409744326,13480066.0,,,0.22062752400000057
China,2011,0.675847964,1090576711.0,,,0.22040885718000056
China,2011,0.600086754,1090576711.0,,,0.22019019036000056
Colombia,2011,0.3593575,32481705.0,,,0.22062752400000057
Colombia,2011,0.253545601,32481705.0,,,0.22062752400000057
Comoros,2011,0.256971496,382348.0,,,0.22062752400000057
Comoros,2011,0.178929576,382348.0,,,0.22062752400000057
"Congo, Rep.",2011,0.125145296,2658255.0,,,0.22062752400000057
"Congo, Rep.",2011,0.075586587,2658255.0,,,0.22062752400000057
Costa Rica,2011,0.602028899,3423771.0,,,0.22118552496000046
Costa Rica,2011,0.406618441,3423771.0,,,0.21953418990000045
Croatia,2011,0.897231764,3638504.0,,,0.22062752400000057
Croatia,2011,0.871846861,3638504.0,,,0.22062752400000057
Cyprus,2011,0.876160867,936237.0,,,0.22062752400000057
Cyprus,2011,0.830736527,936237.0,,,0.22062752400000057
Czechia,2011,0.808030588,8965818.0,,,0.22062752400000057
Czechia,2011,0.805135914,8965818.0,,,0.22062752400000057
Denmark,2011,1.0,4549535.0,,,0.2198425165800006
Denmark,2011,0.994978996,4549535.0,,,0.22062752400000057
Djibouti,2011,0.166257038,591971.0,,,0.22062752400000057
Djibouti,2011,0.087627819,591971.0,,,0.22062752400000057
Dominican Republic,2011,0.39181982,6788648.0,,,0.22062752400000057
Dominican Republic,2011,0.373768238,6788648.0,,,0.22062752400000057
Ecuador,2011,0.404642703,10352753.0,,,0.22062752400000057
Ecuador,2011,0.331599132,10352753.0,,,0.22062752400000057
El Salvador,2011,0.176158163,4126198.0,,,0.22023624606000056
El Salvador,2011,0.101322341,4126198.0,,,0.22043188503000055
Estonia,2011,0.962867934,1128611.0,,,0.22062752400000057
Estonia,2011,0.972613555,1128611.0,,,0.22062752400000057
Eswatini,2011,0.29735949,680317.0,,,0.22062752400000057
Eswatini,2011,0.274139534,680317.0,,,0.22062752400000057
Finland,2011,0.994590456,4475337.0,,,0.22062752400000057
Finland,2011,0.998177065,4475337.0,,,0.22040885718000058
France,2011,0.974892221,52976120.0,,,0.22062752400000057
France,2011,0.965725621,52976120.0,,,0.22062752400000057
Gabon,2011,0.207606038,1077711.0,,,0.22062752400000057
Gabon,2011,0.171723566,1077711.0,,,0.22062752400000057
Georgia,2011,0.306469823,3084171.0,,,0.22062752400000057
Georgia,2011,0.349228048,3084171.0,,,0.22062752400000057
Germany,2011,0.975362234,70576834.0,,,0.22062752400000057
Germany,2011,0.98704534,70576834.0,,,0.22062752400000057
Ghana,2011,0.318453348,15512209.0,,,0.22062752400000057
Ghana,2011,0.27088298,15512209.0,,,0.22062752400000057
Greece,2011,0.803368748,9493929.0,,,0.22062752400000057
Greece,2011,0.757096677,9493929.0,,,0.22062752400000057
Guatemala,2011,0.298914715,8804525.0,,,0.22062752400000057
Guatemala,2011,0.155866201,8804525.0,,,0.22062752400000057
Haiti,2011,0.229629311,6250015.0,,,0.22062752400000057
Haiti,2011,0.210722482,6250015.0,,,0.22062752400000057
Honduras,2011,0.262748196,5181064.0,,,0.22062752400000057
Honduras,2011,0.149203571,5181064.0,,,0.22062752400000057
"Hong Kong SAR, China",2011,0.882511475,6165173.0,,,0.22062752400000057
"Hong Kong SAR, China",2011,0.890776275,6165173.0,,,0.22062752400000057
Hungary,2011,0.722140761,8529919.0,,,0.22062752400000057
Hungary,2011,0.730622057,8529919.0,,,0.22062752400000057
India,2011,0.437370736,853745004.0,,,0.22040885718000058
India,2011,0.264905002,853745004.0,,,0.22040885718000058
Indonesia,2011,0.199672384,177530453.0,,,0.22062752400000057
Indonesia,2011,0.192075357,177530453.0,,,0.22062752400000057
"Iran, Islamic Rep.",2011,0.851674522,59270231.0,,,0.22062752400000057
"Iran, Islamic Rep.",2011,0.618765135,59270231.0,,,0.22062752400000057
Iraq,2011,0.134774854,18241367.0,,,0.22062752400000057
Iraq,2011,0.075476681,18241367.0,,,0.22062752400000057
Ireland,2011,0.957424079,3598499.0,,,0.22062752400000057
Ireland,2011,0.922002882,3598499.0,,,0.22062752400000057
Israel,2011,0.884042468,5491153.0,,,0.22062752400000057
Israel,2011,0.924381832,5491153.0,,,0.22062752400000057
Italy,2011,0.791312062,50957209.0,,,0.22062752400000057
Italy,2011,0.64345355,50957209.0,,,0.22062752400000057
Jamaica,2011,0.750734634,2007871.0,,,0.22019019036000056
Jamaica,2011,0.671225447,2007871.0,,,0.2210289316800006
Japan,2011,0.95971595,110945852.0,,,0.22062752400000057
Japan,2011,0.968449069,110945852.0,,,0.22062752400000057
Jordan,2011,0.336704244,4670454.0,,,0.22062752400000057
Jordan,2011,0.173577028,4670454.0,,,0.21985955320000056
Kazakhstan,2011,0.402280707,12564991.0,,,0.22062752400000057
Kazakhstan,2011,0.437328431,12564991.0,,,0.22062752400000057
Kenya,2011,0.456456419,23450849.0,,,0.22062752400000057
Kenya,2011,0.391788059,23450849.0,,,0.22062752400000057
"Korea, Rep.",2011,0.929825305,41432826.0,,,0.22062752400000057
"Korea, Rep.",2011,0.931078213,41432826.0,,,0.22062752400000057
Kosovo,2011,0.572689501,1287712.0,,,0.22062752400000057
Kosovo,2011,0.314545372,1287712.0,,,0.22062752400000057
Kuwait,2011,0.927027697,2266476.0,,,0.22062752400000057
Kuwait,2011,0.796085367,2266476.0,,,0.22062752400000057
Lao PDR,2011,0.27435237,4035423.0,,,0.22062752400000057
Lao PDR,2011,0.261562106,4035423.0,,,0.22062752400000057
Latvia,2011,0.867436423,1800178.0,,,0.22062752400000057
Latvia,2011,0.920485607,1800178.0,,,0.22062752400000057
Lebanon,2011,0.493961391,3709897.0,,,0.22062752400000057
Lebanon,2011,0.25899813,3709897.0,,,0.22062752400000057
Lesotho,2011,0.202422583,1266790.0,,,0.22062752400000057
Lesotho,2011,0.168664293,1266790.0,,,0.22062752400000057
Liberia,2011,0.229923494,2309936.0,,,0.22062752400000057
Liberia,2011,0.146839443,2309936.0,,,0.22062752400000057
Lithuania,2011,0.710091697,2635099.0,,,0.22062752400000057
Lithuania,2011,0.760669405,2635099.0,,,0.22062752400000057
Luxembourg,2011,0.937486989,417441.0,,,0.22040885718000058
Luxembourg,2011,0.953255456,417441.0,,,0.22040885718000058
Malawi,2011,0.161718471,7972899.0,,,0.22062752400000057
Malawi,2011,0.168824414,7972899.0,,,0.22062752400000057
Malaysia,2011,0.69219378,20649116.0,,,0.22062752400000057
Malaysia,2011,0.630964719,20649116.0,,,0.22062752400000057
Malta,2011,0.96568583,351508.0,,,0.22040885718000058
Malta,2011,0.940702447,351508.0,,,0.22040885718000058
Mauritania,2011,0.233032708,1903527.0,,,0.22062752400000057
Mauritania,2011,0.120874267,1903527.0,,,0.22062752400000057
Mauritius,2011,0.858156388,986634.0,,,0.22062752400000057
Mauritius,2011,0.747327362,986634.0,,,0.22062752400000057
Mexico,2011,0.33192093,79795751.0,,,0.22062752400000057
Mexico,2011,0.2196588,79795751.0,,,0.22062752400000057
Moldova,2011,0.190943809,2361620.0,,,0.22062752400000057
Moldova,2011,0.171713946,2361620.0,,,0.22062752400000057
Mongolia,2011,0.728418452,1973485.0,,,0.22062752400000057
Mongolia,2011,0.823649985,1973485.0,,,0.22062752400000057
Montenegro,2011,0.521508934,500343.0,,,0.22062752400000057
Montenegro,2011,0.48928605,500343.0,,,0.22062752400000057
Nepal,2011,0.295582462,17498633.0,,,0.22062752400000057
Nepal,2011,0.212196075,17498633.0,,,0.22062752400000057
Netherlands,2011,0.989706063,13694510.0,,,0.22062752400000057
Netherlands,2011,0.983997399,13694510.0,,,0.22062752400000057
New Zealand,2011,0.994239467,3443024.0,,,0.22062752400000057
New Zealand,2011,0.994483044,3443024.0,,,0.22062752400000057
Nicaragua,2011,0.157030307,3774402.0,,,0.22062752400000057
Nicaragua,2011,0.128150756,3774402.0,,,0.22062752400000057
Nigeria,2011,0.332768925,92621676.0,,,0.22062752400000057
Nigeria,2011,0.259904014,92621676.0,,,0.22062752400000057
North Macedonia,2011,0.758713132,1569860.0,,,0.22062752400000057
North Macedonia,2011,0.71544892,1569860.0,,,0.22062752400000057
Oman,2011,0.837498718,1989124.0,,,0.22062752400000057
Oman,2011,0.635298567,1989124.0,,,0.22062752400000057
Pakistan,2011,0.172815271,120857470.0,,,0.22062752400000057
Pakistan,2011,0.029535774,120857470.0,,,0.22062752400000057
Panama,2011,0.265485419,2569368.0,,,0.22062752400000057
Panama,2011,0.233098982,2569368.0,,,0.22062752400000057
Paraguay,2011,0.206756599,3870412.0,,,0.22062752400000057
Paraguay,2011,0.22714782,3870412.0,,,0.22062752400000057
Peru,2011,0.234454186,20570757.0,,,0.22062752400000057
Peru,2011,0.175612926,20570757.0,,,0.22062752400000057
Philippines,2011,0.190031009,62034866.0,,,0.22062752400000057
Philippines,2011,0.337137309,62034866.0,,,0.22062752400000057
Poland,2011,0.723717167,32308457.0,,,0.22062752400000057
Poland,2011,0.68287197,32308457.0,,,0.22062752400000057
Portugal,2011,0.851370309,8967347.0,,,0.22062752400000057
Portugal,2011,0.778040265,8967347.0,,,0.22062752400000057
Qatar,2011,0.685700118,1392286.0,,,0.22062752400000057
Qatar,2011,0.61569532,1392286.0,,,0.22062752400000057
Romania,2011,0.485323748,17058580.0,,,0.22062752400000057
Romania,2011,0.410606106,17058580.0,,,0.22062752400000057
Russian Federation,2011,0.487808674,121177141.0,,,0.22062752400000057
Russian Federation,2011,0.47703234,121177141.0,,,0.22062752400000057
Rwanda,2011,0.375087208,5941330.0,,,0.22062752400000057
Rwanda,2011,0.282467126,5941330.0,,,0.22062752400000057
Saudi Arabia,2011,0.727211415,17354530.0,,,0.22062752400000057
Saudi Arabia,2011,0.152330073,17354530.0,,,0.22062752400000057
Serbia,2011,0.62105246,6237019.0,,,0.22062752400000057
Serbia,2011,0.623158353,6237019.0,,,0.22062752400000057
Sierra Leone,2011,0.18047793,3534329.0,,,0.22040885718000058
Sierra Leone,2011,0.128025352,3534329.0,,,0.22040885718000058
Singapore,2011,0.982323413,4359214.0,,,0.22062752400000057
Singapore,2011,0.982117918,4359214.0,,,0.22062752400000057
Slovak Republic,2011,0.803315277,4557830.0,,,0.22062752400000057
Slovak Republic,2011,0.789183689,4557830.0,,,0.22062752400000057
Slovenia,2011,0.960618035,1758964.0,,,0.22062752400000057
Slovenia,2011,0.98109605,1758964.0,,,0.2201901903600006
South Africa,2011,0.563800355,36953226.0,,,0.22062752400000057
South Africa,2011,0.510233654,36953226.0,,,0.22062752400000057
Spain,2011,0.952049238,39626900.0,,,0.22062752400000057
Spain,2011,0.916614745,39626900.0,,,0.22062752400000057
Sri Lanka,2011,0.699869885,15571720.0,,,0.22062752400000057
Sri Lanka,2011,0.672384213,15571720.0,,,0.22062752400000057
Sweden,2011,0.989702496,7820937.0,,,0.22062752400000057
Sweden,2011,0.990131199,7820937.0,,,0.22062752400000057
Syrian Arab Republic,2011,0.267666467,14356499.0,,,0.22062752400000057
Syrian Arab Republic,2011,0.195879997,14356499.0,,,0.22062752400000057
"Taiwan, China",2011,0.861701862,19429474.0,,,0.22062752400000057
"Taiwan, China",2011,0.884201891,19429474.0,,,0.22062752400000057
Tanzania,2011,0.207948509,24470055.0,,,0.22062752400000057
Tanzania,2011,0.138239817,24470055.0,,,0.22062752400000057
Thailand,2011,0.727000741,54766867.0,,,0.22062752400000057
Thailand,2011,0.726375415,54766867.0,,,0.22062752400000057
Togo,2011,0.111866443,3932998.0,,,0.22062752400000057
Togo,2011,0.092176692,3932998.0,,,0.22062752400000057
Trinidad and Tobago,2011,0.819860347,1050120.0,,,0.22062752400000057
Trinidad and Tobago,2011,0.698558534,1050120.0,,,0.22062752400000057
Turkiye,2011,0.82056875,54201890.0,,,0.22062752400000057
Turkiye,2011,0.326799782,54201890.0,,,0.22062752400000057
Uganda,2011,0.257830122,16363076.0,,,0.22062752400000057
Uganda,2011,0.150635186,16363076.0,,,0.22062752400000057
Ukraine,2011,0.438778599,39900312.0,,,0.22062752400000057
Ukraine,2011,0.392077527,39900312.0,,,0.22062752400000057
United Arab Emirates,2011,0.687762312,5710622.0,,,0.22062752400000057
United Arab Emirates,2011,0.472084355,5710622.0,,,0.22062752400000057
United Kingdom,2011,0.967070356,51619966.0,,,0.22062752400000057
United Kingdom,2011,0.976519856,51619966.0,,,0.22062752400000057
United States,2011,0.919819405,248390172.0,,,0.21990661027000058
United States,2011,0.840690581,248390172.0,,,0.21990661027000058
Uruguay,2011,0.232125067,2578893.0,,,0.22062752400000057
Uruguay,2011,0.238296468,2578893.0,,,0.22062752400000057
Uzbekistan,2011,0.23817807,20171292.0,,,0.22062752400000057
Uzbekistan,2011,0.212931523,20171292.0,,,0.22062752400000057
"Venezuela, RB",2011,0.530591612,20199432.0,,,0.22062752400000057
"Venezuela, RB",2011,0.361505409,20199432.0,,,0.22062752400000057
Viet Nam,2011,0.240045645,65955596.0,,,0.22062752400000057
Viet Nam,2011,0.189092637,65955596.0,,,0.22062752400000057
West Bank and Gaza,2011,0.286660734,2199701.0,,,0.22062752400000057
West Bank and Gaza,2011,0.101861741,2199701.0,,,0.22062752400000057
Zambia,2011,0.193929235,7506102.0,,,0.22062752400000057
Zambia,2011,0.233373854,7506102.0,,,0.22062752400000057
Zimbabwe,2011,0.425455749,7608011.0,,,0.22062752400000057
Zimbabwe,2011,0.371244111,7608011.0,,,0.22062752400000057
Afghanistan,2014,,16708999.0,,,0.21809037421000002
Afghanistan,2014,,16708999.0,,,0.21809037421000002
Albania,2014,0.425196914,2322032.0,,,0.21384682464000007
Albania,2014,0.335942341,2322032.0,,,0.21262163334
Algeria,2014,0.609090822,27628433.0,,,0.22452729116
Algeria,2014,0.400709674,27628433.0,,,0.2174804679500001
Angola,2014,0.361321314,14342950.0,,,0.22151783707000003
Angola,2014,0.223316465,14342950.0,,,0.20995505262999997
Argentina,2014,0.494589612,31872846.0,,,0.22433224909000005
Argentina,2014,0.508523585,31872846.0,,,0.21535850871
Armenia,2014,0.211198248,2428128.0,,,0.20483111828999995
Armenia,2014,0.147447497,2428128.0,,,0.20113926387000003
Australia,2014,0.986705805,18749193.0,,,0.22716978650000003
Australia,2014,0.990362333,18749193.0,,,0.22113760306000002
Austria,2014,0.960563983,7260944.0,,,0.2424550703800001
Austria,2014,0.973726703,7260944.0,,,0.25594482890000014
Azerbaijan,2014,0.326135533,7283305.0,,,0.23784534602000013
Azerbaijan,2014,0.258969872,7283305.0,,,0.24215108098000013
Bahrain,2014,0.902455452,1005566.0,,,0.19626398430999992
Bahrain,2014,0.667409748,1005566.0,,,0.21090151268000007
Bangladesh,2014,0.353692534,105778630.0,,,0.22081156124
Bangladesh,2014,0.264532869,105778630.0,,,0.20586946900999992
Belarus,2014,0.720152748,7971997.0,,,0.25760151212000015
Belarus,2014,0.719600913,7971997.0,,,0.27371752444000025
Belgium,2014,0.966904371,9263588.0,,,0.2514736584200003
Belgium,2014,0.995061921,9263588.0,,,0.23342521229000013
Belize,2014,0.44086194,228016.0,,,0.22933342490000008
Belize,2014,0.522849368,228016.0,,,0.23126550032000007
Benin,2014,0.197601973,6043333.0,,,0.24454536240000016
Benin,2014,0.135968775,6043333.0,,,0.27161536105000006
Bhutan,2014,0.389940184,523289.0,,,0.21023506309999995
Bhutan,2014,0.276818789,523289.0,,,0.20272616498000004
Bolivia,2014,0.457563295,7120716.0,,,0.2623190226600001
Bolivia,2014,0.380391015,7120716.0,,,0.22504845530000023
Bosnia and Herzegovina,2014,0.588213713,3077307.0,,,0.21372915578
Bosnia and Herzegovina,2014,0.470578164,3077307.0,,,0.21004588052000003
Botswana,2014,0.552344995,1405268.0,0.220627524,,0.18792704750000003
Botswana,2014,0.487371206,1405268.0,0.194573304,,0.19017103392000004
Brazil,2014,0.716884249,152293155.0,,,0.1618420089800003
Brazil,2014,0.647733124,152293155.0,,,0.14533506925000028
Bulgaria,2014,0.627952217,6271977.0,,,0.1670246964800003
Bulgaria,2014,0.631597121,6271977.0,,,0.1670246964800003
Burkina Faso,2014,0.160806285,9623020.0,,,0.1452375465300003
Burkina Faso,2014,0.126490093,9623020.0,,,0.1566355332100002
Burundi,2014,,5630929.0,,,0.22398188853000023
Burundi,2014,,5630929.0,,,0.22398188853000023
Cambodia,2014,0.242890406,10284331.0,0.139193326,,0.15205608575000024
Cambodia,2014,0.204976335,10284331.0,0.128039662,,0.13653185728000025
Cameroon,2014,0.141788971,12084831.0,,,0.2638313772900001
Cameroon,2014,0.101781984,12084831.0,,,0.30440734351000004
Canada,2014,0.990032074,29372810.0,,,0.27891577537000023
Canada,2014,0.991964837,29372810.0,,,0.27540782356000015
Chad,2014,0.174585282,7035329.0,,,0.3153544485099997
Chad,2014,0.078267612,7035329.0,,,0.30795913015999954
Chile,2014,0.67817598,14064832.0,,,0.2678296278300001
Chile,2014,0.591644525,14064832.0,,,0.2761145590699998
China,2014,0.814446776,1113693456.0,,,0.2693663859000001
China,2014,0.764173378,1113693456.0,,,0.27956770421999994
Colombia,2014,0.444218408,34309704.0,,,0.2880743480100001
Colombia,2014,0.339536618,34309704.0,,,0.25456484072999985
"Congo, Dem. Rep.",2014,0.206689159,40959603.0,,,0.24282708607999992
"Congo, Dem. Rep.",2014,0.143227828,40959603.0,,,0.2611260190600001
"Congo, Rep.",2014,0.19159006,2849454.0,,,0.260103829
"Congo, Rep.",2014,0.149626818,2849454.0,,,0.26371895891
Costa Rica,2014,0.692236064,3611461.0,,,0.2862705914600002
Costa Rica,2014,0.602397246,3611461.0,,,0.2761569273700002
Cote d'Ivoire,2014,0.3920249,13848553.0,0.282634974,,0.2550259067800001
Cote d'Ivoire,2014,0.291605831,13848553.0,0.200288506,,0.2030706166899999
Croatia,2014,0.842469189,3606895.0,,,0.5108234259599999
Croatia,2014,0.87692407,3606895.0,,,0.5395800637999999
Cyprus,2014,0.900027712,991903.0,,,0.15927737204999998
Cyprus,2014,0.902890204,991903.0,,,0.15032358859000003
Czechia,2014,0.851647053,8944904.0,,,0.22593252104999975
Czechia,2014,0.793734493,8944904.0,,,0.2565506657299997
Denmark,2014,1.0,4641892.0,,,0.1532468700400001
Denmark,2014,1.0,4641892.0,,,0.1532468700400001
Dominican Republic,2014,0.521929486,7152325.0,,,0.2615104901000002
Dominican Republic,2014,0.55950611,7152325.0,,,0.2248875042700002
Ecuador,2014,0.518686122,11054660.0,,,0.22717804547999976
Ecuador,2014,0.408229819,11054660.0,,,0.3250246150799999
"Egypt, Arab Rep.",2014,0.187618636,63009609.0,,,0.17727308937000003
"Egypt, Arab Rep.",2014,0.093074847,63009609.0,,,0.24310957239000022
El Salvador,2014,0.418710269,4304307.0,,,0.1590720003800001
El Salvador,2014,0.319069294,4304307.0,,,0.1467125180100001
Estonia,2014,0.979213352,1110561.0,,,0.15014278881000004
Estonia,2014,0.974671866,1110561.0,,,0.14319864045000005
Ethiopia,2014,0.226220561,55109169.0,,,0.14967972874000007
Ethiopia,2014,0.210040312,55109169.0,,,0.15011562556000008
Finland,2014,1.0,4545771.0,,,0.14119012936000008
Finland,2014,1.0,4545771.0,,,0.14119012936000008
France,2014,0.977879168,53825137.0,,,0.31770308555999954
France,2014,0.954665818,53825137.0,,,0.32884670097999974
Gabon,2014,0.354183678,1209169.0,,,0.14552242171000007
Gabon,2014,0.307391472,1209169.0,,,0.1448934252500001
Georgia,2014,0.395523694,3020250.0,,,0.14831822777000006
Georgia,2014,0.397632567,3020250.0,,,0.14773160854000003
Germany,2014,0.980492499,69974132.0,,,0.3208810627199996
Germany,2014,0.994417996,69974132.0,,,0.16298298816000004
Ghana,2014,0.416712364,16743744.0,0.142126782,,0.1774288497599999
Ghana,2014,0.393773071,16743744.0,0.118386678,,0.15528016970000008
Greece,2014,0.884800906,9357686.0,,,0.5464927623600007
Greece,2014,0.86612672,9357686.0,,,0.5611123327600004
Guatemala,2014,0.487564216,9616393.0,,,0.5295200523200003
Guatemala,2014,0.346949275,9616393.0,,,0.5484713255800002
Guinea,2014,,6293415.0,,,0.6047103874100004
Guinea,2014,,6293415.0,,,0.6047103874100004
Haiti,2014,0.216837986,6636287.0,,,0.5533223796100004
Haiti,2014,0.161192256,6636287.0,,,0.5847279259200003
Honduras,2014,0.360899804,5672647.0,,,0.5801893075300004
Honduras,2014,0.27033494,5672647.0,,,0.5703509370400003
"Hong Kong SAR, China",2014,0.960050513,6342961.0,,,0.5955182784500003
"Hong Kong SAR, China",2014,0.962656861,6342961.0,,,0.6013241834600003
Hungary,2014,0.719801677,8464202.0,,,0.49822299646000023
Hungary,2014,0.724983517,8464202.0,,,0.4035054113900001
India,2014,0.627633661,907853291.0,,,0.5510915054799999
India,2014,0.431326097,907853291.0,,,0.6146612443300002
Indonesia,2014,0.34617927,185894322.0,,,0.6055424373900002
Indonesia,2014,0.374640342,185894322.0,,,0.6048292014500003
"Iran, Islamic Rep.",2014,0.971384099,61676328.0,,,0.5630718389300002
"Iran, Islamic Rep.",2014,0.873226449,61676328.0,,,0.56806256759
Iraq,2014,0.145700628,20884823.0,,,0.5523642168300004
Iraq,2014,0.074386053,20884823.0,,,0.6053717375200002
Ireland,2014,0.946511545,3629630.0,,,0.58517739731
Ireland,2014,0.94768541,3629630.0,,,0.58517739731
Israel,2014,0.898858825,5787501.0,,,0.5730178372000002
Israel,2014,0.900166811,5787501.0,,,0.5730178372000002
Italy,2014,0.918693735,51850742.0,,,0.5986785370000004
Italy,2014,0.83159631,51850742.0,,,0.5587163252600004
Jamaica,2014,0.791964433,2096466.0,,,0.6090454798200002
Jamaica,2014,0.777620201,2096466.0,,,0.6090960328400002
Japan,2014,0.962365381,110762343.0,,,0.5765906061300005
Japan,2014,0.970154547,110762343.0,,,0.5765059798700004
Jordan,2014,0.333144948,5205320.0,,,0.5615269694100001
Jordan,2014,0.155295071,5205320.0,,,0.5860043097600002
Kazakhstan,2014,0.520024601,12875804.0,,,0.5908414970000004
Kazakhstan,2014,0.555854792,12875804.0,,,0.5637419579800005
Kenya,2014,0.786579036,25714887.0,0.623527832,,0.5890665815400004
Kenya,2014,0.711344796,25714887.0,0.549044438,,0.5198488700800005
"Korea, Rep.",2014,0.953912533,43035419.0,,,0.21097887136999996
"Korea, Rep.",2014,0.93380022,43035419.0,,,0.22302898160999984
Kosovo,2014,0.594378125,1334099.0,,,0.15032350782000015
Kosovo,2014,0.363204432,1334099.0,,,0.1478404785300001
Kuwait,2014,0.792992181,2736473.0,,,0.1476989180300002
Kuwait,2014,0.639958131,2736473.0,,,0.14787210238000015
Kyrgyz Republic,2014,0.17949398,3978542.0,,,0.14936272488000024
Kyrgyz Republic,2014,0.189293583,3978542.0,,,0.15212297951000023
Latvia,2014,0.902753358,1719348.0,,,0.1602179084500003
Latvia,2014,0.901720766,1719348.0,,,0.15997231464000025
Lebanon,2014,0.624106925,4265657.0,,,0.15191393620000018
Lebanon,2014,0.329135589,4265657.0,,,0.14873481389000018
Lithuania,2014,0.779407145,2524428.0,,,0.14660848583000022
Lithuania,2014,0.778780423,2524428.0,,,0.14660848583000022
Luxembourg,2014,0.956369225,451457.0,,,0.15027088002000022
Luxembourg,2014,0.966916739,451457.0,,,0.1492441310500002
Madagascar,2014,,13785487.0,,,0.14550709495000017
Madagascar,2014,,13785487.0,,,0.14550709495000017
Malawi,2014,0.224683489,8735190.0,,,0.1429480600600002
Malawi,2014,0.139797516,8735190.0,,,0.14531482799000014
Malaysia,2014,0.830129789,22158615.0,,,0.21472230364
Malaysia,2014,0.780912987,22158615.0,,,0.19320801605000007
Mali,2014,0.256376898,9100789.0,0.143830444,,0.14400675636000015
Mali,2014,0.146888661,9100789.0,0.089878391,,0.12646333716999994
Malta,2014,0.970911055,364279.0,,,0.14836916460000021
Malta,2014,0.956164647,364279.0,,,0.14398462837000023
Mauritania,2014,0.248403226,2084692.0,,,0.13665844574000016
Mauritania,2014,0.209950786,2084692.0,,,0.13214544244000018
Mauritius,2014,0.845860494,1010413.0,,,0.13344238035000017
Mauritius,2014,0.799984976,1010413.0,,,0.13453535649000017
Mexico,2014,0.394000761,84399247.0,,,0.1388510295300002
Mexico,2014,0.388981843,84399247.0,,,0.1424972861300002
Moldova,2014,0.163993598,2361002.0,,,0.13905335282000017
Moldova,2014,0.1897572,2361002.0,,,0.14038817060000014
Mongolia,2014,0.902977659,2074233.0,,,0.13533740454000018
Mongolia,2014,0.932062125,2074233.0,,,0.14528355226000023
Montenegro,2014,0.618943949,504976.0,,,0.13181428530000022
Montenegro,2014,0.579082308,504976.0,,,0.13350678535000018
Myanmar,2014,0.285966681,36618649.0,,,0.13941544118000013
Myanmar,2014,0.174002153,36618649.0,,,0.17061000590000025
Namibia,2014,0.6112337,1427950.0,0.125339859,,0.14053481208000015
Namibia,2014,0.567664063,1427950.0,0.083950736,,0.1613956594400001
Nepal,2014,0.36724477,18161615.0,,,0.21282583653000003
Nepal,2014,0.312665024,18161615.0,,,0.2131621632400001
Netherlands,2014,0.994192412,13933854.0,,,0.20951189005000004
Netherlands,2014,0.991763599,13933854.0,,,0.20693162659999997
New Zealand,2014,0.998644258,3534713.0,,,0.22272169983
New Zealand,2014,0.992229143,3534713.0,,,0.22004894477
Nicaragua,2014,0.247133978,4012287.0,,,0.19566585121999996
Nicaragua,2014,0.144263241,4012287.0,,,0.20493129054999998
Niger,2014,,9371030.0,,,0.24907323472000006
Niger,2014,,9371030.0,,,0.24907323472000006
Nigeria,2014,0.543624814,100567840.0,,,0.22986932681
Nigeria,2014,0.340223964,100567840.0,,,0.21462796336999992
North Macedonia,2014,0.797372668,1565432.0,,,0.19402911947
North Macedonia,2014,0.640260468,1565432.0,,,0.19505220413
Norway,2014,1.0,4150602.0,,,0.19838493644999997
Norway,2014,1.0,4150602.0,,,0.19838493644999997
Pakistan,2014,0.209723564,128875593.0,,,0.20204017583999995
Pakistan,2014,0.048437469,128875593.0,,,0.22841663165
Panama,2014,0.47018843,2737867.0,,,0.19716282933999998
Panama,2014,0.403293732,2737867.0,,,0.19041974886999996
Peru,2014,0.356586544,21413567.0,,,0.21812857307999994
Peru,2014,0.224969735,21413567.0,,,0.20435486585999996
Philippines,2014,0.24401951,66911959.0,,,0.18991314652999997
Philippines,2014,0.378502966,66911959.0,,,0.2021206032700002
Poland,2014,0.832598053,32293711.0,,,0.23683227176
Poland,2014,0.729579189,32293711.0,,,0.23532590584000004
Portugal,2014,0.888362943,8911922.0,,,0.23236284364999998
Portugal,2014,0.861084058,8911922.0,,,0.27735512029
Puerto Rico,2014,0.737037716,2955855.0,,,0.20428898176000002
Puerto Rico,2014,0.660932529,2955855.0,,,0.19759738059
Romania,2014,0.651522196,16846776.0,,,0.24106209056
Romania,2014,0.568690491,16846776.0,,,0.24711796909
Russian Federation,2014,0.637995264,120673872.0,,,0.20992829587999995
Russian Federation,2014,0.701926595,120673872.0,,,0.20941293798999996
Rwanda,2014,0.490436314,6472142.0,0.201063627,,0.26057841584999997
Rwanda,2014,0.35321945,6472142.0,0.161272142,,0.26396805845000004
Saudi Arabia,2014,0.753258805,20496432.0,,,0.37626859116999994
Saudi Arabia,2014,0.611496126,20496432.0,,,0.36093958837999957
Senegal,2014,0.199265014,7858967.0,,,0.37473555704999945
Senegal,2014,0.113995504,7858967.0,,,0.3890570080899994
Serbia,2014,0.832286463,6141282.0,,,0.4136309691799994
Serbia,2014,0.829673999,6141282.0,,,0.4136309691799994
Sierra Leone,2014,0.189305742,3858836.0,,,0.3991400992699996
Sierra Leone,2014,0.124985904,3858836.0,,,0.3892099089399996
Singapore,2014,0.966438154,4691514.0,,,0.41985008961999937
Singapore,2014,0.960721174,4691514.0,,,0.4341005512599994
Slovak Republic,2014,0.74285707,4582684.0,,,0.3978065360499994
Slovak Republic,2014,0.799728375,4582684.0,,,0.4017093619499994
Slovenia,2014,0.975273045,1759867.0,,,0.3336994357199998
Slovenia,2014,0.969777804,1759867.0,,,0.35221936997999975
Somalia,2014,0.43567933,6719620.0,0.419855907,,0.39394613601999956
Somalia,2014,0.33662557,6719620.0,0.320558486,,0.3124326778499998
South Africa,2014,0.702676028,38992463.0,0.150296174,,0.1664666069399999
South Africa,2014,0.703621796,38992463.0,0.138886155,,0.16440564380999986
Spain,2014,0.975823196,39593406.0,,,0.3437144732499997
Spain,2014,0.975683784,39593406.0,,,0.3437144732499997
Sri Lanka,2014,0.822261168,15433197.0,,,0.3772402261200001
Sri Lanka,2014,0.831084371,15433197.0,,,0.3782377334
Sudan,2014,0.202238265,21021157.0,,,0.28834874014999967
Sudan,2014,0.099831611,21021157.0,,,0.36929679889999983
Sweden,2014,0.996808219,7971436.0,,,0.36274381284999996
Sweden,2014,0.997582606,7971436.0,,,0.36968356052000007
Switzerland,2014,0.993637064,6883205.0,,,0.36868062685999986
Switzerland,2014,0.966947856,6883205.0,,,0.37999049734
"Taiwan, China",2014,0.923045359,19968635.0,,,0.37569918929
"Taiwan, China",2014,0.904710773,19968635.0,,,0.3781752862600001
Tajikistan,2014,0.138953299,5217089.0,,,0.3811296532200001
Tajikistan,2014,0.090906603,5217089.0,,,0.37807019434000005
Tanzania,2014,0.454474805,26884351.0,0.383763571,,0.35878860062999995
Tanzania,2014,0.34334138,26884351.0,0.265774416,,0.2717324602199997
Thailand,2014,0.812429176,56707280.0,,,0.44145510104
Thailand,2014,0.754402956,56707280.0,,,0.4057008271899999
Togo,2014,0.214943225,4254423.0,,,0.3977026347999999
Togo,2014,0.151125773,4254423.0,,,0.39859920091999995
Tunisia,2014,0.342493347,8426960.0,,,0.3926559948199999
Tunisia,2014,0.20701471,8426960.0,,,0.39681919894999984
Turkiye,2014,0.69157093,57336171.0,,,0.3460610683099999
Turkiye,2014,0.444588113,57336171.0,,,0.39178667318999993
Uganda,2014,0.523556579,18082753.0,0.412346692,,0.40320022944
Uganda,2014,0.366332838,18082753.0,0.290394904,,0.27452186014999974
Ukraine,2014,0.54017893,39385204.0,,,0.14620389577000026
Ukraine,2014,0.516856479,39385204.0,,,0.15138592603000023
United Arab Emirates,2014,0.899819823,6398423.0,0.121966558,,0.21503207199000024
United Arab Emirates,2014,0.676806201,6398423.0,0.096740983,,0.1456336193400001
United Kingdom,2014,0.992217005,52712003.0,,,0.15908753456000005
United Kingdom,2014,0.986527309,52712003.0,,,0.22655684235999968
United States,2014,0.923612617,254715188.0,,,0.16635446144999996
United States,2014,0.947977102,254715188.0,,,0.14910638461000003
Uruguay,2014,0.505615596,2625287.0,,,0.15149192904000003
Uruguay,2014,0.412656145,2625287.0,,,0.14946286399000003
Uzbekistan,2014,0.421921844,21374576.0,,,0.17035605471999996
Uzbekistan,2014,0.393352533,21374576.0,,,0.14938120541000008
"Venezuela, RB",2014,0.611089112,21274157.0,,,0.16773751287999994
"Venezuela, RB",2014,0.532573685,21274157.0,,,0.1771554656099999
Viet Nam,2014,0.298183388,68893679.0,,,0.15083131855000004
Viet Nam,2014,0.320312178,68893679.0,,,0.15779667998000002
West Bank and Gaza,2014,0.273375461,2416583.0,,,0.14550733617000006
West Bank and Gaza,2014,0.21214855,2416583.0,,,0.1471568261700001
"Yemen, Rep.",2014,,16904246.0,,,0.15597778227
"Yemen, Rep.",2014,,16904246.0,,,0.15597778227
Zambia,2014,0.381350851,8358295.0,0.148536151,,0.17182576599999994
Zambia,2014,0.332477692,8358295.0,0.094774249,,0.13096227280000014
Zimbabwe,2014,0.359539033,7862617.0,0.242077383,,0.23002733026000016
Zimbabwe,2014,0.289797183,7862617.0,0.190969791,,0.19896866875000024
Afghanistan,2017,0.225364951,18807229.0,,,0.29159634505999965
Afghanistan,2017,0.071606841,18807229.0,,,0.2975155973999996
Albania,2017,0.420435032,2340965.0,,,0.30892404653999955
Albania,2017,0.381029579,2340965.0,,,0.3093561554099995
Algeria,2017,0.56254937,28799702.0,,,0.33903895729472877
Algeria,2017,0.292687292,28799702.0,,,0.32257823080999964
Argentina,2017,0.464663784,33036043.0,,,0.30121961552999954
Argentina,2017,0.507572522,33036043.0,,,0.30507880279999955
Armenia,2017,0.557514173,2384230.0,,,0.27325821955999974
Armenia,2017,0.409064362,2384230.0,,,0.30400695125999955
Australia,2017,0.998545403,19621820.0,,,0.2979778782999996
Australia,2017,0.991950955,19621820.0,,,0.32381084644472835
Austria,2017,0.979349672,7481549.0,,,0.3531606224200001
Austria,2017,0.983757724,7481549.0,,,0.3401612362099998
Azerbaijan,2017,0.294360921,7438923.0,,,0.27871853106999966
Azerbaijan,2017,0.27719627,7438923.0,,,0.2989284410599995
Bahrain,2017,0.863137046,1137724.0,,,0.2921933275499995
Bahrain,2017,0.754067447,1137724.0,,,0.29518660385999956
Bangladesh,2017,0.64586155,111658076.0,0.324719047,,0.3106349892499996
Bangladesh,2017,0.358363454,111658076.0,0.10273787,,0.17644660340736443
Belarus,2017,0.80934171,7909969.0,,,0.25368151339000045
Belarus,2017,0.813381714,7909969.0,,,0.25368151339000045
Belgium,2017,0.984492598,9407055.0,,,0.27155830836000033
Belgium,2017,0.988175487,9407055.0,,,0.27094524172000045
Benin,2017,0.486232072,6631280.0,0.246091235,,0.28341428220000037
Benin,2017,0.285858877,6631280.0,0.117268411,,0.14374481411999995
Bolivia,2017,0.549843919,7571421.0,,,0.27991100091999976
Bolivia,2017,0.538528341,7571421.0,,,0.27652619922999977
Bosnia and Herzegovina,2017,0.631763528,2982772.0,,,0.31639480296000033
Bosnia and Herzegovina,2017,0.547418005,2982772.0,,,0.3062822636299998
Botswana,2017,0.56210248,1470809.0,0.291026011,,0.3025002893499998
Botswana,2017,0.467885174,1470809.0,0.205060827,,0.22741895311000015
Brazil,2017,0.728475444,158478074.0,,,0.34196092814
Brazil,2017,0.675146495,158478074.0,,,0.3584349951100002
Bulgaria,2017,0.706195383,6128150.0,,,0.39035177592000025
Bulgaria,2017,0.736368626,6128150.0,,,0.3822612721300002
Burkina Faso,2017,0.51280953,10570484.0,0.418080486,,0.38605766530000013
Burkina Faso,2017,0.344989351,10570484.0,0.236532724,,0.23902923794999992
Cambodia,2017,0.218454568,10807431.0,,,0.17320914345999985
Cambodia,2017,0.215263934,10807431.0,,,0.17970624741999985
Cameroon,2017,0.39244455,13358414.0,0.170096559,,0.19890542863999994
Cameroon,2017,0.300303702,13358414.0,0.133035088,,0.14841309749999987
Canada,2017,0.995923036,30253020.0,,,0.19430011155
Canada,2017,0.998528004,30253020.0,,,0.19941733427999997
Central African Republic,2017,0.180825013,2404000.0,,,0.19229860288
Central African Republic,2017,0.097176175,2404000.0,,,0.1903784487300001
Chad,2017,0.290307889,7782131.0,0.197887312,,0.18677888829999995
Chad,2017,0.148502583,7782131.0,0.109052793,,0.12247487011472886
Chile,2017,0.777538707,14675996.0,0.214932626,,0.23701591769736421
Chile,2017,0.712737912,14675996.0,0.16121255,,0.21581092660736406
China,2017,0.833617864,1133758537.0,,,0.19734295978999988
China,2017,0.75655772,1133758537.0,,,0.20738857499999988
Colombia,2017,0.494469708,36092425.0,,,0.2399368212699998
Colombia,2017,0.424744313,36092425.0,,,0.2616844297899999
"Congo, Dem. Rep.",2017,0.273890965,45407203.0,0.186024071,,0.19590052512999986
"Congo, Dem. Rep.",2017,0.242188233,45407203.0,0.13520658,,0.15309548880000015
"Congo, Rep.",2017,0.312151466,3026298.0,,,0.3567791983247284
"Congo, Rep.",2017,0.209935621,3026298.0,,,0.3260759285499997
Costa Rica,2017,0.75461355,3790388.0,,,0.37469042213999965
Costa Rica,2017,0.608790616,3790388.0,,,0.3729193196499997
Cote d'Ivoire,2017,0.465971047,14983416.0,0.378876735,,0.37065233534999953
Cote d'Ivoire,2017,0.355649787,14983416.0,0.298547288,,0.2777968914700005
Croatia,2017,0.898380563,3508155.0,,,0.4283081968599996
Croatia,2017,0.826969457,3508155.0,,,0.4487293645099997
Cyprus,2017,0.873152514,1039880.0,,,0.3823968324699998
Cyprus,2017,0.900142209,1039880.0,,,0.40979386670999973
Czechia,2017,0.835768999,8934395.0,,,0.4008182446400001
Czechia,2017,0.785847872,8934395.0,,,0.42398027704999974
Denmark,2017,0.998329659,4767144.0,,,0.43045639170736405
Denmark,2017,1.0,4767144.0,,,0.457308906917364
Dominican Republic,2017,0.583558714,7508555.0,,,0.42012444792
Dominican Republic,2017,0.541428378,7508555.0,,,0.38595664142
Ecuador,2017,0.602360646,11800828.0,,,0.3091186748400001
Ecuador,2017,0.426063378,11800828.0,,,0.2848101989
"Egypt, Arab Rep.",2017,0.386534754,66961302.0,,,0.3553421091700001
"Egypt, Arab Rep.",2017,0.269944191,66961302.0,,,0.42761915412999985
El Salvador,2017,0.375771422,4464670.0,,,0.42683398029472847
El Salvador,2017,0.243799601,4464670.0,,,0.4078759313568219
Estonia,2017,0.975467203,1103273.0,,,0.42869768937999986
Estonia,2017,0.983752398,1103273.0,,,0.39275472754472884
Ethiopia,2017,0.409438766,61575604.0,,,0.42230043048999977
Ethiopia,2017,0.290754315,61575604.0,,,0.36106736717000004
Finland,2017,1.0,4600229.0,,,0.4609062837447284
Finland,2017,0.995862733,4600229.0,,,0.4308352463199997
France,2017,0.969788266,54658275.0,,,0.41072015687999985
France,2017,0.9128713,54658275.0,,,0.3978291768799999
Gabon,2017,0.638023464,1332068.0,0.462588735,,0.45607298177000005
Gabon,2017,0.537041267,1332068.0,0.41053036,,0.3962111591
"Gambia, The",2017,0.326937017,1294272.0,,,0.4005037070400007
"Gambia, The",2017,0.247647799,1294272.0,,,0.42022157102000074
Georgia,2017,0.584917883,2987888.0,,,0.37559264948999993
Georgia,2017,0.636122606,2987888.0,,,0.4117909846600006
Germany,2017,0.990789317,71374479.0,,,0.43791039229000084
Germany,2017,0.991992476,71374479.0,,,0.4560385835600009
Ghana,2017,0.617916792,18083712.0,0.442139267,,0.4358135805000006
Ghana,2017,0.537234204,18083712.0,0.337851034,,0.3755307465700004
Greece,2017,0.864485627,9220190.0,,,0.20179284244999973
Greece,2017,0.84536901,9220190.0,,,0.2142879984599998
Guatemala,2017,0.463569655,10430246.0,,,0.1903513645699998
Guatemala,2017,0.42086281,10430246.0,,,0.19057880398999977
Guinea,2017,0.272642091,6873506.0,0.17628718,,0.17298966821999986
Guinea,2017,0.196709747,6873506.0,0.098946492,,0.11392090594999985
Haiti,2017,0.353547214,7048972.0,0.158697161,,0.18440091176999973
Haiti,2017,0.300456131,7048972.0,0.11300607,,0.16395536430999993
Honduras,2017,0.502408207,6185475.0,,,0.3614360985199998
Honduras,2017,0.409506881,6185475.0,,,0.3042304289599999
"Hong Kong SAR, China",2017,0.959928222,6493265.0,,,0.31193188873000005
"Hong Kong SAR, China",2017,0.947024236,6493265.0,,,0.30479133502000005
Hungary,2017,0.781625657,8389859.0,,,0.29171508701
Hungary,2017,0.72157523,8389859.0,,,0.28098692706
India,2017,0.830089957,962463650.0,,,0.29580852517999995
India,2017,0.766396328,962463650.0,,,0.29165860015999995
Indonesia,2017,0.462457164,193777030.0,,,0.28423584673
Indonesia,2017,0.513549181,193777030.0,,,0.29054205206999995
"Iran, Islamic Rep.",2017,0.964517638,63892824.0,0.307472163,,0.3290893162600001
"Iran, Islamic Rep.",2017,0.916112579,63892824.0,0.220247368,,0.28148710171999985
Iraq,2017,0.258215728,23052127.0,,,0.730156601149999
Iraq,2017,0.195048214,23052127.0,,,0.6795986083799993
Ireland,2017,0.953754012,3749429.0,,,0.7031299144699988
Ireland,2017,0.95307038,3749429.0,,,0.714764364859999
Israel,2017,0.918948513,6131598.0,,,0.6235674659699991
Israel,2017,0.937003824,6131598.0,,,0.5576837773599993
Italy,2017,0.961354574,52409524.0,,,0.6181603678699993
Italy,2017,0.916244344,52409524.0,,,0.37099497448999974
Japan,2017,0.984573563,110907804.0,,,0.42319857323000043
Japan,2017,0.980646741,110907804.0,,,0.4515997713700004
Jordan,2017,0.562812776,6558247.0,,,0.5323485687299998
Jordan,2017,0.266133896,6558247.0,,,0.6292551908599993
Kazakhstan,2017,0.568952602,13196334.0,,,0.7206841105599989
Kazakhstan,2017,0.602865502,13196334.0,,,0.7082626844599988
Kenya,2017,0.858360953,28150345.0,0.768989866,,0.7736602386993203
Kenya,2017,0.777463652,28150345.0,0.693801386,,0.6958950500399993
"Korea, Rep.",2017,0.950178973,44377468.0,,,0.2611332771899995
"Korea, Rep.",2017,0.946853097,44377468.0,,,0.2643792041799996
Kosovo,2017,0.61147653,1328163.0,,,0.26312649415999984
Kosovo,2017,0.437180699,1328163.0,,,0.23207457651999963
Kuwait,2017,0.833065231,3138850.0,,,0.3170022552399997
Kuwait,2017,0.734630113,3138850.0,,,0.28392881701999956
Kyrgyz Republic,2017,0.411680547,4195979.0,,,0.24556443316999949
Kyrgyz Republic,2017,0.388549977,4195979.0,,,0.25791269192999955
Lao PDR,2017,0.261158833,4638548.0,,,0.2649411445799996
Lao PDR,2017,0.318742041,4638548.0,,,0.2514102364299995
Latvia,2017,0.940785164,1657658.0,,,0.2592097857799994
Latvia,2017,0.925424426,1657658.0,,,0.2487092395899995
Lebanon,2017,0.566898777,4654352.0,,,0.23196205156999988
Lebanon,2017,0.329054658,4654352.0,,,0.24749922323999962
Lesotho,2017,0.446041833,1350411.0,0.242706826,,0.2506528563999996
Lesotho,2017,0.464600602,1350411.0,0.307903238,,0.2836537680800003
Liberia,2017,0.436553981,2745577.0,0.234758832,,0.24325359653000025
Liberia,2017,0.281620038,2745577.0,0.18340087,,0.2036364485
Libya,2017,0.706883415,4585159.0,,,0.14236742939999997
Libya,2017,0.596209608,4585159.0,,,0.13967057799999996
Lithuania,2017,0.851218883,2445393.0,,,0.14048470019000006
Lithuania,2017,0.810138721,2445393.0,,,0.1517184724800001
Luxembourg,2017,0.993469958,486845.0,,,0.13219091312000006
Luxembourg,2017,0.981774858,486845.0,,,0.13731321950000003
Madagascar,2017,0.196076369,15245537.0,0.121593121,,0.14056058602999996
Madagascar,2017,0.163149682,15245537.0,0.119624646,,0.1327425710447288
Malawi,2017,0.379421113,9645161.0,0.22830072,,0.26708117853000013
Malawi,2017,0.298454896,9645161.0,0.17990609,,0.1841122800199998
Malaysia,2017,0.879162882,23682698.0,0.12792343,,0.16105012198999977
Malaysia,2017,0.824785367,23682698.0,0.087423447,,0.18051376911999995
Maldives,2017,0.854688375,342024.0,0.278511206,,0.2672692225900002
Maldives,2017,0.741815888,342024.0,0.191788761,,0.2575155201900002
Mali,2017,0.454575969,9985747.0,0.291173879,,0.3024455885599996
Mali,2017,0.257119213,9985747.0,0.198359216434374,,0.19310833947999995
Malta,2017,0.977760379,390899.0,,,0.22056088680000027
Malta,2017,0.969646609,390899.0,,,0.23407088461000028
Mauritania,2017,0.262859279,2278505.0,,,0.22075883798000018
Mauritania,2017,0.154872777,2278505.0,,,0.22209345098000025
Mauritius,2017,0.927059714,1031251.0,,,0.21126283012
Mauritius,2017,0.871129484,1031251.0,,,0.19504050476000007
Mexico,2017,0.39581853,88534114.0,,,0.24726641032000019
Mexico,2017,0.328661863,88534114.0,,,0.23657386131000016
Moldova,2017,0.429407999,2278507.0,,,0.25412083756000026
Moldova,2017,0.445514457,2278507.0,,,0.2386037709000002
Mongolia,2017,0.908124422,2155814.0,0.226514557,,0.22414192872999994
Mongolia,2017,0.949537949,2155814.0,0.212043752,,0.2602040825279341
Montenegro,2017,0.691868667,506847.0,,,0.2624667524999999
Montenegro,2017,0.675722413,506847.0,,,0.2548325473399999
Morocco,2017,0.414695552,24894226.0,,,0.28139697222000004
Morocco,2017,0.168064462,24894226.0,,,0.26736852070736444
Mozambique,2017,0.510665536,14874137.0,0.269577836,,0.31750434203
Mozambique,2017,0.328739478,14874137.0,0.171010949,,0.18888789731999978
Myanmar,2017,0.260077105,38000865.0,,,0.4326034841273646
Myanmar,2017,0.259787109,38000865.0,,,0.4333584233400002
Namibia,2017,0.805999484,1547830.0,0.450160644,,0.44376536282000023
Namibia,2017,0.806626754,1547830.0,0.420497347,,0.4283782080200004
Nepal,2017,0.499813377,18869412.0,,,0.32075449013155044
Nepal,2017,0.416000219,18869412.0,,,0.29039896784209285
Netherlands,2017,0.994386962,14234525.0,,,0.3070213193794572
Netherlands,2017,0.998327026,14234525.0,,,0.30562258367736406
New Zealand,2017,0.989938936,3788624.0,,,0.32191959327472824
New Zealand,2017,0.993407765,3788624.0,,,0.3082256383920927
Nicaragua,2017,0.374221278,4249427.0,,,0.30640176609999953
Nicaragua,2017,0.247925286,4249427.0,,,0.3227161145747285
Niger,2017,0.199424575,10546918.0,,,0.27479974099999954
Niger,2017,0.109100471,10546918.0,,,0.2781022266594573
Nigeria,2017,0.514073358,109170774.0,,,0.33633647574999975
Nigeria,2017,0.272766783,109170774.0,,,0.314795776797364
North Macedonia,2017,0.803646409,1567300.0,,,0.3123808337399995
North Macedonia,2017,0.728860921,1567300.0,,,0.32955936229999955
Norway,2017,0.994926512,4298959.0,,,0.3343508649236437
Norway,2017,1.0,4298959.0,,,0.35471671741255867
Pakistan,2017,0.346076588,135055510.0,,,0.2930643252120928
Pakistan,2017,0.070250639,135055510.0,,,0.3075050457462028
Panama,2017,0.508590416,2915245.0,,,0.31091959119999946
Panama,2017,0.423393451,2915245.0,,,0.3071397816947284
Paraguay,2017,0.512244106,4382299.0,0.309488006,,0.32238665059999966
Paraguay,2017,0.460494493,4382299.0,0.267988058,,0.2866235919300001
Peru,2017,0.509729838,22473210.0,,,0.2887030666000001
Peru,2017,0.344352169,22473210.0,,,0.3392896346500001
Philippines,2017,0.300197018084674,71585383.0,,,0.34879217907000004
Philippines,2017,0.388541642,71585383.0,,,0.33412004829000014
Poland,2017,0.853751497,32223349.0,,,0.35474740868000004
Poland,2017,0.879622194,32223349.0,,,0.36141251847
Portugal,2017,0.942271063,8871342.0,,,0.3283404358299999
Portugal,2017,0.906221218,8871342.0,,,0.34349063808
Romania,2017,0.623982445,16606939.0,,,0.3479549617999998
Romania,2017,0.535909183,16606939.0,,,0.35149710684736424
Russian Federation,2017,0.753035307,120066877.0,,,0.3612323438500001
Russian Federation,2017,0.761313652,120066877.0,,,0.35756259379000005
Rwanda,2017,0.557454647,7050113.0,0.368865748,,0.3649993289799999
Rwanda,2017,0.449605015,7050113.0,0.260144713,,0.26449210851
Saudi Arabia,2017,0.805369827,23241801.0,,,0.35835659933000025
Saudi Arabia,2017,0.58170105,23241801.0,,,0.34933818278736467
Senegal,2017,0.46724959,8705549.0,0.348856946,,0.34633176765999996
Senegal,2017,0.384496103,8705549.0,0.290533897,,0.27774664163999985
Serbia,2017,0.728762271,6046629.0,,,0.1720395989899999
Serbia,2017,0.701270029,6046629.0,,,0.16314894703999985
Sierra Leone,2017,0.247719049,4219730.0,0.135757682,,0.1619389096899999
Sierra Leone,2017,0.153589748,4219730.0,0.087259563,,0.1296096799473644
Singapore,2017,0.996826659,4905185.0,,,0.21235853639999988
Singapore,2017,0.96312928,4905185.0,,,0.2172061901199999
Slovak Republic,2017,0.853200251,4594115.0,,,0.25964769173999985
Slovak Republic,2017,0.831339925,4594115.0,,,0.2423617394499999
Slovenia,2017,0.981551178,1756994.0,,,0.23235944641472867
Slovenia,2017,0.96939204,1756994.0,,,0.20548789594
South Africa,2017,0.683953271,41039555.0,0.194188366,,0.2003393969000001
South Africa,2017,0.6998981,41039555.0,0.186401766,,0.20028039330000008
South Sudan,2017,,6092487.0,,,0.4293646313000003
South Sudan,2017,,6092487.0,,,0.4293646313000003
Spain,2017,0.958810412,39549433.0,,,0.4212692499800005
Spain,2017,0.916412497,39549433.0,,,0.3975987128300003
Sri Lanka,2017,0.738885926,16017388.0,,,0.4316391293647294
Sri Lanka,2017,0.734420706,16017388.0,,,0.43068201360472935
Sweden,2017,0.994812282,8184039.0,,,0.4215039738873649
Sweden,2017,1.0,8184039.0,,,0.43142294590000035
Switzerland,2017,0.979819135,7127704.0,,,0.3993223215800004
Switzerland,2017,0.988566502,7127704.0,,,0.4393615748400006
"Taiwan, China",2017,0.946573224,20340388.0,,,0.4254777454200005
"Taiwan, China",2017,0.937242083,20340388.0,,,0.42737106395000046
Tajikistan,2017,0.520938082,5649763.0,,,0.29647207534999986
Tajikistan,2017,0.421307962,5649763.0,,,0.3057561688499997
Tanzania,2017,0.51553571,30023264.0,0.441140603,,0.4214830053700005
Tanzania,2017,0.42152221,30023264.0,0.331973319,,0.33059653731999966
Thailand,2017,0.836913751,58293189.0,,,0.2532059304300002
Thailand,2017,0.797801,58293189.0,,,0.25760026821000026
Togo,2017,0.530494017,4608431.0,0.269747715,,0.3113107657499999
Togo,2017,0.375931544,4608431.0,0.15985379,,0.1918181387199999
Trinidad and Tobago,2017,0.882246322,1090252.0,,,0.2725627248699999
Trinidad and Tobago,2017,0.736030404,1090252.0,,,0.2197747589900001
Tunisia,2017,0.457311275,8662597.0,,,0.22463855445812622
Tunisia,2017,0.283634358,8662597.0,,,0.19641407649000006
Turkiye,2017,0.829945648,60604220.0,0.185378245,,0.20314529042000007
Turkiye,2017,0.542938244,60604220.0,0.143019856,,0.24153146064
Turkmenistan,2017,0.457125534,4458186.0,,,0.3944351836500001
Turkmenistan,2017,0.355171081,4458186.0,,,0.5020981850400004
Uganda,2017,0.660769959,20360656.0,0.586420842,,0.5731275381226385
Uganda,2017,0.527064122,20360656.0,0.429717459,,0.4094033592200003
Ukraine,2017,0.650290829,38655749.0,,,0.2205331538900003
Ukraine,2017,0.613211722,38655749.0,,,0.23107223044000025
United Arab Emirates,2017,0.926721594,7433015.0,0.22518691,,0.22191498695000011
United Arab Emirates,2017,0.764167186,7433015.0,0.181945103,,0.21111364087000017
United Kingdom,2017,0.966740866,53834160.0,,,0.21236272831000025
United Kingdom,2017,0.960734367,53834160.0,,,0.21344602822000017
United States,2017,0.935703395,261470917.0,,,0.20389178830000013
United States,2017,0.926862457,261470917.0,,,0.18670298976000022
Uruguay,2017,0.676058494,2670291.0,,,0.14205441154000023
Uruguay,2017,0.606288371,2670291.0,,,0.14164542241000022
Uzbekistan,2017,0.383331691,22359293.0,,,0.17668195440000015
Uzbekistan,2017,0.359690781,22359293.0,,,0.18237799299000015
"Venezuela, RB",2017,0.773059434,22179490.0,0.140626791,,0.1361056893000002
"Venezuela, RB",2017,0.700380102,22179490.0,0.081660562,,0.10705503048999994
Viet Nam,2017,0.31205099,71315938.0,,,0.30546538919999994
Viet Nam,2017,0.304197003,71315938.0,,,0.3141298628199998
West Bank and Gaza,2017,0.344360023,2625785.0,,,0.30170664909999967
West Bank and Gaza,2017,0.159107729,2625785.0,,,0.30622373000999986
Zambia,2017,0.516809247,9326870.0,0.299460591,,0.3269051640899997
Zambia,2017,0.402788779,9326870.0,0.258230812,,0.2650324010600003
Zimbabwe,2017,0.592274998,8235262.0,0.511731725,,0.5101557122599992
Zimbabwe,2017,0.51664926,8235262.0,0.462018599,,0.4379542877799995
Afghanistan,2021,,21791072.0,,,0.3693041187847291
Afghanistan,2021,,21791072.0,,,0.3693041187847291
Albania,2021,0.425851654,2340601.0,,,0.3387265787047293
Albania,2021,0.456861098,2340601.0,,,0.2760889266273647
Algeria,2021,0.568304333,30458426.0,,,0.36722561789472885
Algeria,2021,0.311915132,30458426.0,,,0.38763871413000034
Argentina,2021,0.695619457,34481880.0,0.369361219,,0.3496633456800003
Argentina,2021,0.737532007,34481880.0,0.331774729,,0.35882267866
Armenia,2021,0.593752986,2364189.0,0.181430467,,0.20306639653999986
Armenia,2021,0.521827202,2364189.0,0.156423316,,0.20262405839000006
Australia,2021,0.985933711,20888823.0,,,0.38186482709736447
Australia,2021,1.0,20888823.0,,,0.3693439096473643
Austria,2021,0.998986708,7633446.0,,,0.4090418551500003
Austria,2021,1.0,7633446.0,,,0.42195302956000025
Azerbaijan,2022,0.545871598,7732344.0,,,0.35534070431
Azerbaijan,2022,0.388437636,7732344.0,,,0.3424424931499997
Bangladesh,2021,0.628624572,117641793.0,0.383929268,,0.3379091137099997
Bangladesh,2021,0.434566925,117641793.0,0.202786241,,0.27119708039627977
Belgium,2021,0.993741167543227,9600074.0,,,0.3699514936778306
Belgium,2021,0.986511494,9600074.0,,,0.38525929758682215
Benin,2021,0.581742451,7495327.0,0.443281869,,0.4783125855499999
Benin,2021,0.397870226,7495327.0,0.296385905,,0.30656754130999975
Bolivia,2021,0.740406786,8150856.0,0.160642492,,0.1446196003999998
Bolivia,2021,0.63289646,8150856.0,0.095784099,,0.12521623005999988
Bosnia and Herzegovina,2021,0.887128866,2851847.0,,,0.4142171684299997
Bosnia and Herzegovina,2021,0.703665437,2851847.0,,,0.49897841259999987
Botswana,2022,0.642897657,1588124.0,0.418373702,,0.42899700076999947
Botswana,2022,0.538606829,1588124.0,0.318938937,,0.3430403144699997
Brazil,2021,0.870474204,165349748.0,0.302943215,,0.3012828540200001
Brazil,2021,0.808668081,165349748.0,0.234518247,,0.28665623854000016
Bulgaria,2021,0.835893252,5933315.0,,,0.30045586667999996
Bulgaria,2021,0.843245815,5933315.0,,,0.3003792541799999
Burkina Faso,2021,0.423501439,12018028.0,0.310600329,,0.3060032271399999
Burkina Faso,2021,0.306802229,12018028.0,0.191035742,,0.20569436471000013
Cambodia,2021,0.344119266,11527565.0,,,0.37231815247
Cambodia,2021,0.325242223,11527565.0,,,0.4053061058599997
Cameroon,2021,0.541474459,15059599.0,0.462621997,,0.45204071135999974
Cameroon,2021,0.492549796,15059599.0,0.387464139,,0.36007943912999996
Canada,2021,0.997677887,31991096.0,,,0.1411872671399999
Canada,2021,0.99505553,31991096.0,,,0.15912990985209305
Chad,2022,0.248595312,8962706.0,0.118964489,,0.14552605676999986
Chad,2022,0.225617475,8962706.0,0.122583976,,0.12728356123999984
Chile,2021,0.875634371,15803947.0,,,0.23306441555736415
Chile,2021,0.866153009,15803947.0,,,0.23579757877736418
China,2021,0.899227938,1157739289.0,,,0.23123322392999981
China,2021,0.873449019,1157739289.0,,,0.21955026753999982
Colombia,2021,0.635124352,39661157.0,0.216564103,,0.2282551755599998
Colombia,2021,0.562042923,39661157.0,0.218678768,,0.23065312605000007
Comoros,2022,0.403779693,495193.0,,,0.28407908064999954
Comoros,2022,0.293283105,495193.0,,,0.2755922127499996
"Congo, Dem. Rep.",2022,0.34191581,51784116.0,0.29468356,,0.27727774578999964
"Congo, Dem. Rep.",2022,0.20496206,51784116.0,0.156883345,,0.15897209865736456
"Congo, Rep.",2021,0.506094293,3350070.0,0.411582475,,0.38995457896999985
"Congo, Rep.",2021,0.437919494,3350070.0,0.325445456,,0.3270498714773647
Costa Rica,2021,0.763350424,3990389.0,,,0.43813353231999985
Costa Rica,2021,0.610813329,3990389.0,,,0.4527724720099998
Cote d'Ivoire,2021,0.640095413,16718735.0,0.508939172,,0.49619827326
Cote d'Ivoire,2021,0.374442613,16718735.0,0.298418787,,0.30111671440999976
Croatia,2021,0.939302809,3348534.0,,,0.13277624349999997
Croatia,2021,0.899630726,3348534.0,,,0.17892178562000013
Cyprus,2021,0.93618035,1094549.0,,,0.12986266473000005
Cyprus,2021,0.926972408,1094549.0,,,0.13102852093000006
Czechia,2021,0.964813325,8985899.0,,,0.17893529757999996
Czechia,2021,0.934414932,8985899.0,,,0.17080015673000004
Denmark,2021,1.0,4880509.0,,,0.17342727247736434
Denmark,2021,1.0,4880509.0,,,0.17342727247736434
Dominican Republic,2021,0.536955232,7960918.0,,,0.1360559708900001
Dominican Republic,2021,0.489606589,7960918.0,,,0.16193096600000004
Ecuador,2021,0.705870465,12914981.0,,,0.12668117074000004
Ecuador,2021,0.579452403,12914981.0,,,0.13801403211
"Egypt, Arab Rep.",2021,0.30571121,72722825.0,,,0.1636851085500001
"Egypt, Arab Rep.",2021,0.241973567,72722825.0,,,0.17896465319472876
El Salvador,2021,0.447976506,4592875.0,0.120277009,,0.15500392409945773
El Salvador,2021,0.292329768,4592875.0,0.100987335,,0.15277181014573699
Estonia,2021,0.991210839,1110971.0,,,0.5267547284520933
Estonia,2021,0.995970565,1110971.0,,,0.5105637692999999
Eswatini,2022,0.623617224,779017.0,0.521527427,,0.4812582168000003
Eswatini,2022,0.692155816,779017.0,0.604038923,,0.5674591158299992
Ethiopia,2022,0.546826,70814574.0,,,0.5763641395999997
Ethiopia,2022,0.387371743,70814574.0,,,0.5558116462799995
Finland,2021,1.0,4663598.0,,,0.5365778883315504
Finland,2021,0.990785083,4663598.0,,,0.5594094107415503
France,2021,0.984230468,55812045.0,,,0.4688336485300002
France,2021,1.0,55812045.0,,,0.5529765693399996
Gabon,2021,0.714725579,1467427.0,0.607466822,,0.6081179110199996
Gabon,2021,0.612955059,1467427.0,0.545660372,,0.5360891639600001
"Gambia, The",2022,0.383786816,1458016.0,,,0.5727045437999998
"Gambia, The",2022,0.280667338,1458016.0,,,0.5566990868099997
Georgia,2021,0.70253833,2940933.0,,,0.6260539615099995
Georgia,2021,0.707113541,2940933.0,,,0.6260539615099995
Germany,2021,0.999519788,71716499.0,,,0.6075073292299996
Germany,2021,1.0,71716499.0,,,0.5949667864899997
Ghana,2021,0.741799682,20017745.0,0.646228627,,0.6367738035599997
Ghana,2021,0.625809383,20017745.0,0.550019331,,0.5002642675600002
Greece,2021,0.963255611,9182577.0,,,0.2348785853099998
Greece,2021,0.934313328,9182577.0,,,0.24697588679999974
Guatemala,2022,0.399298209,11489738.0,,,0.25424898112
Guatemala,2022,0.343454256,11489738.0,,,0.2728400925299999
Guinea,2021,0.369123917,7735937.0,0.262698628,,0.27861790695999994
Guinea,2021,0.240050046,7735937.0,0.167771882,,0.1599683545000001
Honduras,2021,0.485568647,6863097.0,,,0.1584856818500002
Honduras,2021,0.288504573,6863097.0,,,0.14694575837000018
"Hong Kong SAR, China",2021,0.973316205,6637356.0,,,0.2168591147900002
"Hong Kong SAR, China",2021,0.981886072,6637356.0,,,0.20822307547472904
Hungary,2021,0.897323051,8330756.0,,,0.14932688066000022
Hungary,2021,0.868767212,8330756.0,,,0.1439493688400002
Iceland,2021,1.0,297833.0,,,0.15729183924000026
Iceland,2021,1.0,297833.0,,,0.15729183924000026
India,2021,0.775072324,1033092817.0,0.15407206,,0.2173215873573644
India,2021,0.775526127,1033092817.0,0.051158959,,0.2173215873573644
Indonesia,2021,0.511815183,203818030.0,,,0.17716039607736442
Indonesia,2021,0.523045227,203818030.0,,,0.17426266442736438
"Iran, Islamic Rep.",2021,0.948362972,66867932.0,0.165481319,,0.18731828781000012
"Iran, Islamic Rep.",2021,0.850800161,66867932.0,0.081790813,,0.11364337355999977
Iraq,2021,0.222142878,25903954.0,,,0.18772494230999995
Iraq,2021,0.148905592,25903954.0,,,0.2182976105800001
Ireland,2021,0.997965654,3983258.0,,,0.13059176949736437
Ireland,2021,0.995347901,3983258.0,,,0.16000596794945757
Israel,2021,0.939650428,6631697.0,,,0.16177073161999997
Israel,2021,0.919317835,6631697.0,,,0.16320460342999993
Italy,2021,0.9748341,51815239.0,,,0.24062393383999992
Italy,2021,0.97091602,51815239.0,,,0.25914310165
Jamaica,2021,0.751055911,2248537.0,0.126623875,,0.13530940512
Jamaica,2021,0.715532327,2248537.0,0.126579464,,0.13183315838000012
Japan,2021,0.981156162,110830955.0,,,0.23783647377999975
Japan,2021,0.988416284,110830955.0,,,0.20212958635999986
Jordan,2021,0.586009096,7296924.0,0.15122353,,0.1588091431499997
Jordan,2021,0.340620292,7296924.0,0.055844975,,0.13592300736999985
Kazakhstan,2021,0.782886995,13791287.0,,,0.6309378585099993
Kazakhstan,2021,0.836291848,13791287.0,,,0.6282370124799993
Kenya,2021,0.832449956,31704189.0,0.714192115,,0.7458742049232798
Kenya,2021,0.753574332,31704189.0,0.660427561,,0.6470079992799999
"Korea, Rep.",2021,0.986610835,45556455.0,,,0.15873873510999964
"Korea, Rep.",2021,0.986826237,45556455.0,,,0.15489963895999964
Kosovo,2021,0.688955138,1385580.0,,,0.15519645000999976
Kosovo,2021,0.473863963,1385580.0,,,0.13777075677999984
Kyrgyz Republic,2021,0.465361892,4515230.0,0.10830304,,0.22053308618209314
Kyrgyz Republic,2021,0.437560736,4515230.0,0.119859307,,0.17155453307209328
Lao PDR,2021,0.367527623,5024510.0,,,0.44422540207999966
Lao PDR,2021,0.378537504,5024510.0,,,0.45196329211999964
Latvia,2021,0.955109536,1596418.0,,,0.46370621012999963
Latvia,2021,0.975525993,1596418.0,,,0.45665709209999944
Lebanon,2021,0.246549355,4108774.0,,,0.4550907053599996
Lebanon,2021,0.165927163,4108774.0,,,0.46307481526999966
Lesotho,2022,0.650539199,1434393.0,0.473966477,,0.4814779829799996
Lesotho,2022,0.623680269,1434393.0,0.445220192,,0.4585912673700004
Liberia,2021,0.593442079,3018782.0,0.403117825,,0.4139606510200003
Liberia,2021,0.441999602,3018782.0,0.324271064,,0.3152030844520935
Lithuania,2021,0.969928262,2372426.0,,,0.24075789060999994
Lithuania,2021,0.903759802,2372426.0,,,0.19859356761999986
Madagascar,2022,0.274968948,17259462.0,0.200700413,,0.2043285382999999
Madagascar,2022,0.252062816,17259462.0,0.180776826,,0.19452351458000006
Malawi,2021,0.47749911,11111253.0,0.388293838,,0.38074471147000005
Malawi,2021,0.381372667,11111253.0,0.302851393,,0.2949256643800002
Malaysia,2021,0.892317012,25769271.0,0.269605928,,0.28795734336000023
Malaysia,2021,0.875146527,25769271.0,0.290011815,,0.2919792062399999
Mali,2021,0.45927838,11438992.0,0.325900939,,0.33562152907000015
Mali,2021,0.412116644,11438992.0,0.263480562,,0.26924991695000045
Malta,2021,0.97565269,446624.0,,,0.14837230191000028
Malta,2021,0.953260768,446624.0,,,0.1483089433400003
Mauritania,2022,0.316008515,2584547.0,0.136446061,,0.19258827459999978
Mauritania,2022,0.160946623,2584547.0,0.070143816,,0.08070820807736435
Mauritius,2021,0.91739716,1058961.0,0.147041349,,0.15067701537999986
Mauritius,2021,0.894044602,1058961.0,0.169973538,,0.14904265674000025
Mexico,2022,0.562709551,93851214.0,0.204208145,,0.2101388529700001
Mexico,2022,0.42303727,93851214.0,0.160567341,,0.20690339593000004
Moldova,2021,0.657034457,2108305.0,,,0.549007056179999
Moldova,2021,0.629240254,2108305.0,,,0.5379600027199993
Mongolia,2021,0.978887353,2237019.0,0.573830355,,0.5534744330473635
Mongolia,2021,0.989679817,2237019.0,0.60107353,,0.5766266687200002
Morocco,2021,0.559659125,26706787.0,,,0.3710744163847288
Morocco,2021,0.327023454,26706787.0,,,0.34953208697
Mozambique,2021,0.609973689,16874256.0,0.377877785,,0.40782311342000027
Mozambique,2021,0.386894724,16874256.0,0.214781747,,0.23823678396999992
Myanmar,2021,0.495221411,39685121.0,0.306845703,,0.3069509063400003
Myanmar,2021,0.461505018,39685121.0,0.274633808,,0.2927305546100004
Namibia,2021,0.736681623,1715314.0,0.444438187,,0.4585154351500005
Namibia,2021,0.693141073,1715314.0,0.410323726,,0.4466817606599999
Nepal,2021,0.586104754,20254590.0,,,0.3755980026634149
Nepal,2021,0.499032744,20254590.0,,,0.3491773892182964
Netherlands,2021,1.0,14717214.0,,,0.37871794165728795
Netherlands,2021,0.994745093,14717214.0,,,0.3503165390276775
New Zealand,2021,0.982310978,4122094.0,,,0.3567683615517877
New Zealand,2021,0.99243747,4122094.0,,,0.36312639449705886
Nicaragua,2021,0.309396899,4567953.0,,,0.3529602412834148
Nicaragua,2021,0.215666504,4567953.0,,,0.3439943779741102
Niger,2022,0.131840383,12328593.0,,,0.3339140031086859
Niger,2022,0.102357443,12328593.0,,,0.28455303880356747
Nigeria,2021,0.554526241,122350743.0,,,0.3993781304200001
Nigeria,2021,0.349640811,122350743.0,,,0.32665994635891515
North Macedonia,2021,0.906158108,1536653.0,,,0.3622792868799998
North Macedonia,2021,0.799053572,1536653.0,,,0.35552592838999997
Norway,2021,0.989784589,4453612.0,,,0.38085510828597413
Norway,2021,1.0,4453612.0,,,0.3767526815328724
Pakistan,2021,0.281764145,146030491.0,,,0.3492898120355079
Pakistan,2021,0.134784971,146030491.0,,,0.3462175628370588
Panama,2021,0.469461469,3160275.0,,,0.32860279890356764
Panama,2021,0.431090222,3160275.0,,,0.34687024815449974
Paraguay,2021,0.534881765,4679787.0,0.37466672273644,,0.3452704154347287
Paraguay,2021,0.553486349,4679787.0,0.379341522,,0.3510164312947286
Peru,2021,0.623240756,24463530.0,0.20196321,,0.19476601088999992
Peru,2021,0.530286765,24463530.0,0.089261416,,0.13811906685999986
Philippines,2021,0.555939212,77692157.0,0.24758897,,0.22874110151999993
Philippines,2021,0.474188135,77692157.0,0.189114776,,0.23955467049000018
Poland,2021,0.95752986,32028961.0,,,0.3711764203999996
Poland,2021,0.956897434,32028961.0,,,0.37167072807999957
Portugal,2021,0.953736338,8923687.0,,,0.37938784939999937
Portugal,2021,0.901829437,8923687.0,,,0.31393546198999955
Romania,2021,0.726785953,16163817.0,,,0.3471624936499994
Romania,2021,0.657444314,16163817.0,,,0.3441752864399994
Russian Federation,2021,0.892579846,119582441.0,0.342964429,,0.33081699935999964
Russian Federation,2021,0.901117314,119582441.0,0.31783167,,0.32135849013000006
Saudi Arabia,2021,0.816740905,23509479.0,,,0.4928085490900002
Saudi Arabia,2021,0.634868326,23509479.0,,,0.4564020996199998
Senegal,2021,0.623053673,10017948.0,0.522381289,,0.48878391863000026
Senegal,2021,0.502954308,10017948.0,0.383203469,,0.3977345877800003
Serbia,2021,0.889921227,5915242.0,,,0.2335149943100002
Serbia,2021,0.898283419,5915242.0,,,0.23271561827000015
Sierra Leone,2021,0.333487822,4762478.0,0.215392935,,0.2175201781800002
Sierra Leone,2021,0.24757576,4762478.0,0.16770467,,0.1666341707399998
Singapore,2021,0.98269592,4993587.0,0.34371692,,0.32473449078999955
Singapore,2021,0.968741867,4993587.0,0.270675558,,0.28161020553000027
Slovak Republic,2021,0.973555491,4593346.0,,,0.3513197151183726
Slovak Republic,2021,0.940100552,4593346.0,,,0.3133733147300002
Slovenia,2021,1.0,1784150.0,,,0.3636983077368218
Slovenia,2021,0.981532131,1784150.0,,,0.3558857116147285
South Africa,2021,0.845623929,44211052.0,0.34101094,,0.35800381785
South Africa,2021,0.861807917,44211052.0,0.389901303,,0.36415231933000003
South Sudan,2021,,6159568.0,,,0.4880945939700007
South Sudan,2021,,6159568.0,,,0.4880945939700007
Spain,2021,0.991052267,40639965.0,,,0.40444675258000035
Spain,2021,0.974892593,40639965.0,,,0.46590010487000044
Sri Lanka,2021,0.892634184,16803664.0,,,0.47872069926736516
Sri Lanka,2021,0.892774734,16803664.0,,,0.47872069926736516
Sweden,2021,0.99390145,8517166.0,,,0.45672848513472936
Sweden,2021,1.0,8517166.0,,,0.4655521247300006
Switzerland,2021,1.0,7337959.0,,,0.47262141251000067
Switzerland,2021,0.99017934,7337959.0,,,0.4600251853020938
"Taiwan, China",2021,0.958168154,20568066.0,,,0.47072543675000056
"Taiwan, China",2021,0.93642804,20568066.0,,,0.4471325272300005
Tajikistan,2021,0.395677218,6196225.0,,,0.4445997622300004
Tajikistan,2021,0.394130052,6196225.0,,,0.43000088129000025
Tanzania,2021,0.593651895,34527295.0,0.492212655,,0.4875971162200006
Tanzania,2021,0.460288816,34527295.0,0.402908725,,0.35912850683999986
Thailand,2021,0.986060258,60059109.0,0.635719769,,0.5454028812799999
Thailand,2021,0.927033954,60059109.0,0.566110914,,0.28106687109000006
Togo,2021,0.552160197,5137794.0,0.412980097,,0.4044504592199998
Togo,2021,0.442989015,5137794.0,0.319243268,,0.3181703263800001
Tunisia,2021,0.451395342,8970562.0,,,0.22971020795812624
Tunisia,2021,0.28747324,8970562.0,,,0.24746400559999998
Turkiye,2021,0.853436791,64398074.0,0.23036115,,0.21426660090000016
Turkiye,2021,0.62545165,64398074.0,0.134079246,,0.18303527436000006
Uganda,2021,0.668822379,24351947.0,0.545263832,,0.5665218746952762
Uganda,2021,0.650628897,24351947.0,0.531544001,,0.5339556011500001
Ukraine,2021,0.870726379,37851388.0,,,0.15445225671999988
Ukraine,2021,0.806856583,37851388.0,,,0.1538208792399999
United Arab Emirates,2021,0.853945542,7842387.0,0.149581476,,0.14189589150999987
United Arab Emirates,2021,0.866829486,7842387.0,0.086567699,,0.11373866383999992
United Kingdom,2021,0.996127613,55029201.0,,,0.35671987436000024
United Kingdom,2021,0.999090518,55029201.0,,,0.37123315585000016
United States,2021,0.930887142,270549658.0,,,0.3160524725900002
United States,2021,0.967918915,270549658.0,,,0.3795225461000003
Uruguay,2021,0.723503945,2725712.0,,,0.3437947634500002
Uruguay,2021,0.757269635,2725712.0,,,0.34493316504000027
Uzbekistan,2021,0.502356197,23599241.0,,,0.3621258446200002
Uzbekistan,2021,0.388183129,23599241.0,,,0.34186030313000015
"Venezuela, RB",2021,0.890619067,20527738.0,0.38229596,,0.23253539763000014
"Venezuela, RB",2021,0.796660056,20527738.0,0.22287554,,0.2169155845583851
Viet Nam,2022,0.599552975,74158712.0,0.182904976,,0.19331646594742402
Viet Nam,2022,0.52780837,74158712.0,0.147425883,,0.18006923558000018
West Bank and Gaza,2021,0.414381977,2915259.0,,,0.3935973990768221
West Bank and Gaza,2021,0.259276581,2915259.0,,,0.44373091020736466
"Yemen, Rep.",2022,0.183451844,21192335.0,,,0.42532011862000063
"Yemen, Rep.",2022,0.054363135,21192335.0,,,0.43615433380000046
Zambia,2021,0.52484979,10800121.0,0.442645331,,0.4343280932300006
Zambia,2021,0.449844337,10800121.0,0.392808472,,0.3741640281699997
Zimbabwe,2021,0.658617142,8977056.0,0.55648764,,0.5562015515495692
Zimbabwe,2021,0.539752702,8977056.0,0.458992056,,0.4480640389399998
Albania,2024,0.514508987,2278004.0,,0.786354182,0.554273228890001
Albania,2024,0.411560488,2278004.0,,0.866789183,0.532110350450001
Algeria,2024,0.518629151,32019804.0,,0.823850164,0.48666910324000084
Algeria,2024,0.180709886,32019804.0,,0.834562329,0.5137530886000007
Argentina,2024,0.789395531,35433130.0,0.583533395,0.85917302,0.5571081062900007
Argentina,2024,0.842497433,35433130.0,0.55297901,0.901052816,0.5557724336700007
Armenia,2024,0.755669245,2406318.0,0.200104353,0.833786207,0.23150657155000023
Armenia,2024,0.679879799,2406318.0,0.15220714,0.908694425,0.18077307846000001
Australia,2024,0.983026509,21852264.0,,0.9388905,0.2655053342499996
Australia,2024,0.97724321,21852264.0,,0.907603282,0.2590718019799997
Austria,2024,0.998378902,7825678.0,,0.94686088,0.2483987489799997
Austria,2024,0.99187327,7825678.0,,0.928859964,0.25234821739999963
Azerbaijan,2024,0.670043773,7885113.0,,0.882417323,0.2557346819081259
Azerbaijan,2024,0.461732592,7885113.0,,0.845633955,0.25347045998812595
Bahrain,2024,0.819582393,1277545.0,,0.972739391,0.24868349451433314
Bahrain,2024,0.830178853,1277545.0,,0.978204033,0.24988077871933304
Bangladesh,2024,0.535110284,122837439.0,0.272008298,0.49420111,0.21663895120999999
Bangladesh,2024,0.333460003,122837439.0,0.145177377,0.379027519,0.1512673843599998
Belgium,2024,0.985689343,9867164.0,,0.960313443,0.15356848318000024
Belgium,2024,0.979206259,9867164.0,,0.940985104,0.14963420007000028
Belize,2024,0.710650825,300138.0,0.139969882,0.840215393,0.1378303829900002
Belize,2024,0.651819147,300138.0,0.133688633,0.878457514,0.1245073609800001
Benin,2024,0.550161875,8207504.0,0.502886229,0.411532652,0.5005697424299997
Benin,2024,0.49055747,8207504.0,0.40115106,0.283606062,0.4179535218699995
Bolivia,2024,0.603300945,8553476.0,0.231421439,0.815395144,0.21759104980000024
Bolivia,2024,0.534638308,8553476.0,0.16900812,0.767675834,0.16328571625
Bosnia and Herzegovina,2024,0.792625399,2764009.0,,0.852644496,0.5399376071199993
Bosnia and Herzegovina,2024,0.757475848,2764009.0,,0.843440476,0.5337562612999995
Botswana,2024,0.635502088,1679590.0,0.539959362,0.529074521,0.5338960736199995
Botswana,2024,0.596866155,1679590.0,0.496449785,0.425673638,0.4979809591800003
Brazil,2024,0.908535853,169047814.0,0.622510312,0.881356845,0.6310076472100008
Brazil,2024,0.822763902,169047814.0,0.544179275,0.870103315,0.46221888309000037
Bulgaria,2024,0.84369484,5509377.0,,0.818495239,0.48271676441999956
Bulgaria,2024,0.850429744,5509377.0,,0.772603973,0.4518233298299996
Burkina Faso,2024,0.597853699,13262560.0,0.511241098,0.437570577,0.5106295619499998
Burkina Faso,2024,0.439890405,13262560.0,0.379570117,0.202434636,0.38055937454
Cambodia,2024,0.415805707,12177453.0,0.191400753,0.818716842,0.1925072944
Cambodia,2024,0.367988837,12177453.0,0.149187811,0.802441393,0.1803635935200003
Cameroon,2024,0.693553578,16524096.0,0.625927487,0.536587402,0.6262667200999991
Cameroon,2024,0.528996933,16524096.0,0.479885285,0.392762934,0.46963189443000025
Canada,2024,0.980567379,33960981.0,,0.96117766,0.17205797117000007
Canada,2024,0.987513672,33960981.0,,0.93995568,0.16323840538000012
Chad,2024,0.216937638,10289880.0,0.151476468,0.154636331,0.14616205071000013
Chad,2024,0.201401532,10289880.0,0.116088687,0.074835826,0.12512508284999996
Chile,2024,0.870892601,16241277.0,,0.85536051,0.39791277001000064
Chile,2024,0.831703646,16241277.0,,0.878044135,0.3438709512800002
China,2024,0.89555058,1176678702.0,,0.834270367,0.38348435307250506
China,2024,0.892021201,1176678702.0,,0.891818422,0.4105141652900005
Colombia,2024,0.636600566,41544122.0,0.425727039,0.815851669,0.3550803983199999
Colombia,2024,0.509915485,41544122.0,0.359968878,0.798621724,0.34815171032999986
Comoros,2024,0.49602472,532331.0,0.186429399,0.501729358,0.19765666649114774
Comoros,2024,0.418394427,532331.0,0.101190256,0.37406776,0.1661238079026916
"Congo, Dem. Rep.",2024,0.445944459,57033055.0,0.414846022,0.383761023,0.38932177779000027
"Congo, Dem. Rep.",2024,0.334561428,57033055.0,0.283052787,0.253433773,0.25146195212999994
"Congo, Rep.",2024,0.605586391,3655093.0,0.559433457,0.404232997,0.5489842098499998
"Congo, Rep.",2024,0.505916393,3655093.0,0.472393186,0.274689956,0.45990851014999984
Costa Rica,2024,0.745207849,4118576.0,,0.870842996,0.5523971508300004
Costa Rica,2024,0.682829498,4118576.0,,0.876773056,0.5508982672000007
Cote d'Ivoire,2024,0.612027447,18301587.0,0.577205923,0.532761144,0.5666057951100005
Cote d'Ivoire,2024,0.538175498,18301587.0,0.489057516,0.409668679,0.4736742191700003
Croatia,2024,0.932809279,3313982.0,,0.893706619,0.22201152818000008
Croatia,2024,0.920623021,3313982.0,,0.856577583,0.2549975543300002
Cyprus,2024,0.942661653,1129055.0,,0.90116276,0.20334209989000007
Cyprus,2024,0.980308659,1129055.0,,0.905346338,0.4103959563700003
Czechia,2024,0.949873962,9161251.0,,0.968301735,0.19020905434000002
Czechia,2024,0.896799816,9161251.0,,0.89026569,0.25445862071812614
Denmark,2024,0.991898638,5003352.0,,0.985428284,0.22465641054000013
Denmark,2024,0.981098069,5003352.0,,0.978072369,0.2207562081681264
Dominican Republic,2024,0.682420116,8281568.0,0.21327548,0.875296578,0.2037809583500001
Dominican Republic,2024,0.614376464,8281568.0,0.148223982,0.910809841,0.18217711973501813
Ecuador,2024,0.655985687,13484219.0,0.122459785,0.860059082,0.14928523519000003
Ecuador,2024,0.635126837,13484219.0,0.081230529,0.798016741,0.09404213565000007
"Egypt, Arab Rep.",2024,0.459509693,77385958.0,0.232234437,0.655887797,0.2200877329499999
"Egypt, Arab Rep.",2024,0.402142182,77385958.0,0.078253925,0.439476818,0.09481977424078597
El Salvador,2024,0.546925134,4718943.0,,0.821676751,0.34259865547
El Salvador,2024,0.344359211,4718943.0,,0.798008442,0.39149738758000013
Estonia,2024,0.979279393,1151475.0,,0.983980044,0.4771699930000002
Estonia,2024,0.997660187,1151475.0,,0.961502288,0.5310681610500002
Eswatini,2024,0.64809563,816208.0,0.510170367,0.5815315,0.5124546693700008
Eswatini,2024,0.653509472,816208.0,0.499392292,0.465484246,0.5137080633552765
Ethiopia,2024,0.565265674,78031387.0,,0.208579219,0.5851175057200004
Ethiopia,2024,0.416159713,78031387.0,,0.071651857,0.6575013386700007
Finland,2024,1.0,4749954.0,,0.94607928,0.6277422721900006
Finland,2024,0.996891241,4749954.0,,0.932256882,0.6313477102100005
France,2024,0.984892614,56825584.0,,0.970379375,0.6439152514400003
France,2024,0.998484949,56825584.0,,0.958295921,0.6524025675900006
Gabon,2024,0.724173292,1573811.0,0.6567943,0.710549708,0.6410533266199995
Gabon,2024,0.637213311,1573811.0,0.573902913,0.662634774,0.5616191299799995
"Gambia, The",2024,0.41726889,1598990.0,0.201370499,0.629907035,0.22636192683999978
"Gambia, The",2024,0.348624919,1598990.0,0.18118712,0.665677629843551,0.18996243706000004
Georgia,2024,0.759235668,2933716.0,,0.806460013,0.7418173475900008
Georgia,2024,0.812949687,2933716.0,,0.828937052,0.6690815047500009
Germany,2024,0.976782654,71691113.0,,0.942726063,0.7784199036600011
Germany,2024,0.988730653,71691113.0,,0.958209603,0.7824995003000013
Ghana,2024,0.844194236,21563813.0,0.810431671,0.623608346,0.8065870188173311
Ghana,2024,0.783104467,21563813.0,0.757315555,0.477402627,0.7424226305800004
Greece,2024,0.932644888,8991800.0,,0.953170542,0.2986253195400003
Greece,2024,0.840948714,8991800.0,,0.873245638,0.22193634691812605
Guatemala,2024,0.446496506,12299923.0,,0.780250506,0.29647825132000016
Guatemala,2024,0.325013354,12299923.0,,0.648590538,0.22265807434999996
Guinea,2024,0.408599709,8464230.0,0.310028487,0.366488696,0.31352956858000003
Guinea,2024,0.312380546,8464230.0,0.206431573,0.253996134,0.2119997550199998
Honduras,2024,0.527899759,7345357.0,0.157323056,0.740374289,0.21276202316999968
Honduras,2024,0.340839092,7345357.0,0.0697669,0.763002582,0.12990421923
"Hong Kong SAR, China",2024,0.979944921,6729811.0,,0.90065269,0.3226899764100004
"Hong Kong SAR, China",2024,0.967510978,6729811.0,,0.872691204,0.2876659729881266
Hungary,2024,0.905416667,8202714.0,,0.941575217,0.32931769291000035
Hungary,2024,0.837097139,8202714.0,,0.878193608,0.2021909215400001
Iceland,2024,1.0,322325.0,,0.988963088,0.2952706333300004
Iceland,2024,0.99704544,322325.0,,0.987541544,0.28274104500000014
India,2024,0.888052472,1077731602.0,0.318183089,0.549735054,0.28962871631000026
India,2024,0.892482328,1077731602.0,0.142309393,0.363262136,0.16865105264999994
Indonesia,2024,0.546388119,211076339.0,0.241305391,0.70848615,0.23904499627000003
Indonesia,2024,0.580308452,211076339.0,0.198777655,0.700734651,0.2110969836200001
"Iran, Islamic Rep.",2024,0.953254506,69914781.0,0.170013923,0.771432306,0.20148076726000014
"Iran, Islamic Rep.",2024,0.867880629,69914781.0,0.091988645,0.778204181,0.2018638617300001
Iraq,2024,0.407785225,28355455.0,0.174429062,0.861667779,0.2008910331381263
Iraq,2024,0.188101425,28355455.0,0.059017522,0.654741478,0.08578041050000008
Ireland,2024,0.99650819,4298252.0,,0.964945995,0.2940448293900002
Ireland,2024,0.969297998,4298252.0,,0.931121781,0.29024012308812636
Israel,2024,0.904755385,7062352.0,,0.865017091,0.23932392048189263
Israel,2024,0.880997206,7062352.0,,0.856836678,0.20080394967254198
Italy,2024,0.926338803,51829051.0,,0.936392543,0.3040338107643787
Italy,2024,0.797946783,51829051.0,,0.854899856,0.26321840170437855
Japan,2024,0.983131609,110011344.0,,0.892369182,0.263853796050631
Japan,2024,0.987231353,110011344.0,,0.777531904,0.26732417765
Jordan,2024,0.55919676,7867178.0,0.26494598,0.891200355,0.2241731436506307
Jordan,2024,0.362234646,7867178.0,0.141496942,0.894252778,0.17501772328688314
Kazakhstan,2024,0.885002868,14324777.0,0.55097579,0.891262322,0.5137229281500005
Kazakhstan,2024,0.857420595,14324777.0,0.432410156,0.877131506,0.4526390237700006
Kenya,2024,0.93889509,34616135.0,0.916719908,0.718598622,0.9158823819099999
Kenya,2024,0.865155344,34616135.0,0.835097021,0.496259373,0.8353328006800003
"Korea, Rep.",2024,0.966472207,46039322.0,0.601917005,0.888059469,0.5653520725899995
"Korea, Rep.",2024,0.971396146,46039322.0,0.600138096,0.843691443,0.5941585717100005
Kosovo,2024,0.687587019,1382360.0,,0.955634062,0.3430459651300004
Kosovo,2024,0.597945018,1382360.0,,0.961118077,0.33416963713000014
Kuwait,2024,0.760569954,3950546.0,,0.952957918,0.31738147170000036
Kuwait,2024,0.714890463,3950546.0,,0.972922193,0.3107656888850002
Kyrgyz Republic,2024,0.733780751,4780143.0,0.346487529,0.918758555,0.32427864415000035
Kyrgyz Republic,2024,0.71235056,4780143.0,0.276961151,0.921697594,0.2908309085699996
Lao PDR,2024,0.31709979,5322750.0,0.109606898,0.669672834,0.11044387639999992
Lao PDR,2024,0.435865025,5322750.0,0.127155874,0.733612143,0.15031000566999989
Latvia,2024,0.944387277,1582835.0,,0.955584834,0.49978834000000005
Latvia,2024,0.954063945,1582835.0,,0.922725468,0.5345298720200001
Lebanon,2024,0.310250952,4231057.0,,0.950218252,0.52834309669
Lebanon,2024,0.153395919,4231057.0,,0.933993868,0.43533493391999994
Lesotho,2024,0.629153027,1504222.0,0.535584217,0.439782665,0.53918736276
Lesotho,2024,0.604259619,1504222.0,0.533999007,0.475138163,0.5291877345599998
Liberia,2024,0.581311447,3295997.0,0.52975255,0.362766256,0.5295484996099994
Liberia,2024,0.462794637,3295997.0,0.420673688641825,0.295571589,0.4056132417100226
Libya,2024,0.414206818,5262910.0,,0.790923306,0.2622984866699997
Libya,2024,0.24696024,5262910.0,,0.819462711,0.25679098467999995
Lithuania,2024,0.996487187,2444088.0,,0.93891735,0.3559780720500003
Lithuania,2024,0.984001545,2444088.0,,0.845181459,0.2960755197400002
Madagascar,2024,0.289510608,18851036.0,0.243778255,0.149051272,0.23271806446999993
Madagascar,2024,0.202965184,18851036.0,0.147197776,0.075184847,0.14989764313000004
Malawi,2024,0.548354766,12384937.0,0.513829426,0.234378385,0.5020791218200005
Malawi,2024,0.462797708,12384937.0,0.437507789,0.17816194,0.42980614080925533
Malaysia,2024,0.891413579,27297352.0,0.464669673,0.869869745,0.46252624684000027
Malaysia,2024,0.882264702,27297352.0,0.424740507,0.867899141,0.4315400852799997
Mali,2024,0.641852798,12725942.0,0.563195856,0.518997816,0.5731531386399998
Mali,2024,0.456045966,12725942.0,0.407068152,0.402577121,0.3998249529900004
Malta,2024,0.970301618,480050.0,,0.940232615,0.1212504745799999
Malta,2024,0.960512328,480050.0,,0.913207941,0.11610251634999988
Mauritania,2024,0.302658938,2860979.0,,0.630358034,0.1290740152699998
Mauritania,2024,0.24680131,2860979.0,,0.568688615,0.1267409914899999
Mauritius,2024,0.917832048,1070318.0,0.124168694,0.818795022,0.12851481487999988
Mauritius,2024,0.874427703,1070318.0,0.078677421,0.725222864,0.07828159041000006
Mexico,2024,0.591387643,97411242.0,0.150677923,0.802234902,0.17745945036999994
Mexico,2024,0.47401701,97411242.0,0.061681392,0.750329196,0.09293787166000002
Moldova,2024,0.566908627,1966418.0,,0.789328389,0.6174632671399997
Moldova,2024,0.545478916,1966418.0,,0.784476081,0.6195577914399997
Mongolia,2024,0.975086522,2344987.0,0.623375816,0.841034368,0.6092128918099996
Mongolia,2024,0.989739437,2344987.0,0.655588307,0.893895999,0.6674962417599992
Montenegro,2024,0.775678117,503215.0,,0.840833595,0.46914173186000047
Montenegro,2024,0.733747525,503215.0,,0.83559001,0.4094899575700004
Morocco,2024,0.546311626,27893979.0,,0.670874383,0.4508393826400004
Morocco,2024,0.346828903,27893979.0,,0.625741953,0.42212390080000034
Mozambique,2024,0.633549962,18581790.0,0.543509692,0.342792504,0.5576244701800003
Mozambique,2024,0.454883633,18581790.0,0.371610306,0.199924299,0.37234273069000035
Namibia,2024,0.706592777,1858089.0,0.490730327,0.563272762,0.4895296511700004
Namibia,2024,0.750382248,1858089.0,0.478604596,0.564827431,0.4891629151799995
Nepal,2024,0.602270903,21168213.0,0.17069709,0.581252148,0.1958644462200002
Nepal,2024,0.597778343,21168213.0,0.047209357,0.428937189,0.07599324803000002
Netherlands,2024,0.990871076,15164931.0,,0.97868667,0.32412101453999986
Netherlands,2024,0.992546198,15164931.0,,0.939902153,0.36437405350000013
New Zealand,2024,0.971633391,4263369.0,,0.961341765,0.35361242464000014
New Zealand,2024,0.985351611,4263369.0,,0.948006297,0.36485378756625253
Nicaragua,2024,0.259574488,4830854.0,,0.755263457,0.34359400682999985
Nicaragua,2024,0.212320805,4830854.0,,0.739934467,0.35676333928000004
Niger,2024,0.176139562,13873697.0,,0.173685869,0.3424743624399998
Niger,2024,0.122030464,13873697.0,,0.13852601,0.39436302474999985
Nigeria,2024,0.743028796,133329232.0,0.405595793,0.447330372,0.4035540699800004
Nigeria,2024,0.522155914,133329232.0,0.250189474,0.307420092,0.30775561932
North Macedonia,2024,0.915870835,1515847.0,,0.837253662,0.30297260982000035
North Macedonia,2024,0.772294937,1515847.0,,0.826686781,0.32489889946000017
Norway,2024,0.992709877,4608487.0,,0.981884916,0.29803128959000025
Norway,2024,0.978239341,4608487.0,,0.981828579,0.2881525089781264
Oman,2024,0.707083967,3775451.0,,0.924675792,0.3012336092800003
Oman,2024,0.670832726,3775451.0,,0.925093121,0.2166324122700002
Pakistan,2024,0.422935436,155833628.0,0.321905679,0.572070114,0.28003825678000005
Pakistan,2024,0.119121697,155833628.0,0.04168863,0.135958682,0.1859452494673645
Panama,2024,0.70391512,3331755.0,0.392413931,0.728890561,0.3694038251000001
Panama,2024,0.581187551,3331755.0,0.369256639,0.772153249,0.3339056147373645
Paraguay,2024,0.617674731,4874331.0,0.36581947,0.824151374,0.35617812519000025
Paraguay,2024,0.601097093,4874331.0,0.353473275,0.85198743,0.343933469105018
Peru,2024,0.624782759,25601447.0,0.476929215,0.820920576,0.43016358898999935
Peru,2024,0.561785669,25601447.0,0.373625034,0.742530024,0.33716814720999994
Philippines,2024,0.430424,82023644.0,0.263996432,0.672754892,0.24176245141736427
Philippines,2024,0.57101611,82023644.0,0.311261176,0.740385936,0.2815701987999997
Poland,2024,0.859243018,31148749.0,,0.812632226,0.3458041633799999
Poland,2024,0.863296734,31148749.0,,0.805935353,0.37312803081999957
Portugal,2024,0.947574332,9214262.0,,0.904776322,0.27630655327999987
Portugal,2024,0.881660508,9214262.0,,0.823514692,0.35398063607999974
Romania,2024,0.729467015,16033507.0,,0.780853483,0.36051721291999966
Romania,2024,0.698503016,16033507.0,,0.758822706,0.34300117397
Russian Federation,2024,0.816495847,118635010.0,,0.942803811,0.3730865539099998
Russian Federation,2024,0.772673547,118635010.0,,0.917484488,0.32697630120000043
Saudi Arabia,2024,0.818127654,25248449.0,0.393913373,0.988754798,0.38493072820999996
Saudi Arabia,2024,0.734619015,25248449.0,0.312700652,0.995681745,0.3205925628700001
Senegal,2024,0.796122559,11094279.0,0.714921166,0.726808467,0.7209458536903348
Senegal,2024,0.735941346,11094279.0,0.627466692,0.677558019,0.6341246327299993
Serbia,2024,0.856546923,5672737.0,,0.812467444,0.35623240308000015
Serbia,2024,0.810618186,5672737.0,,0.773970701,0.34703150427000035
Sierra Leone,2024,0.414790319,5200533.0,0.335757177,0.32791967,0.3349787599564187
Sierra Leone,2024,0.359347203,5200533.0,0.308991126,0.327159629,0.3065051658899997
Singapore,2024,0.983229188,5220107.0,0.576845335,0.924575594,0.5719533252600009
Singapore,2024,0.97607834,5220107.0,0.552087182,0.934293167,0.5248330093300004
Slovak Republic,2024,0.934077745,4563499.0,,0.904151132,0.36667307621999995
Slovak Republic,2024,0.910941404,4563499.0,,0.85283783,0.382430677468967
Slovenia,2024,0.985393343,1803880.0,,0.897271473,0.3821601760889671
Slovenia,2024,0.989427576,1803880.0,,0.855274235,0.3701532223889669
South Africa,2024,0.812787435,46723498.0,0.401145918,0.713941080130507,0.36493058701
South Africa,2024,0.809924154,46723498.0,0.242004247,0.656124269,0.27303137245000036
Spain,2024,0.989857786,41937630.0,,0.958329951,0.19298047621000003
Spain,2024,0.978029322,41937630.0,,0.971782393,0.19729321439
Sri Lanka,2024,0.833833352,17109247.0,,0.498845764,0.20559135700999995
Sri Lanka,2024,0.802018895,17109247.0,,0.368688679,0.19203475333000009
Sweden,2024,0.995011756,8719085.0,,0.992228435,0.1814313277600001
Sweden,2024,0.97605161,8719085.0,,0.973870247,0.20252854946999999
Switzerland,2024,0.992322132,7553903.0,,0.953529,0.21564718265999988
Switzerland,2024,0.97613203,7553903.0,,0.93483815,0.2167257807199999
"Taiwan, China",2024,0.955504068,20437095.0,,0.91943913,0.2249966999299998
"Taiwan, China",2024,0.956886792,20437095.0,,0.885686724,0.2302727289999999
Tajikistan,2024,0.625557725,6596875.0,0.218867251,0.702287522,0.23962592993999998
Tajikistan,2024,0.469005363,6596875.0,0.073611202,0.551923977,0.09691913858000006
Tanzania,2024,0.653362469,38155970.0,0.562354788,0.259059004,0.5669263724400004
Tanzania,2024,0.549346318,38155970.0,0.49850511,0.155773728,0.4967622377499993
Thailand,2024,0.909182448,60882768.0,0.446925458,0.850834417,0.43756172169000046
Thailand,2024,0.927000685,60882768.0,0.387674614,0.864541058,0.39658446438
Togo,2024,0.699999828,5593530.0,0.613967254,0.518618206,0.6158404625700004
Togo,2024,0.453494825,5593530.0,0.351027482,0.358806337,0.3541762697928361
Trinidad and Tobago,2024,0.758699996,1120989.0,,0.854852096,0.2532468407700002
Trinidad and Tobago,2024,0.732927431,1120989.0,,0.865513813,0.22753480194000011
Tunisia,2024,0.495665997,9219268.0,,0.714188193,0.2784809084300004
Tunisia,2024,0.266074987,9219268.0,,0.646945894,0.25686715779000036
Turkiye,2024,0.916080831,66691005.0,0.291661947,0.913516472,0.33224922522000055
Turkiye,2024,0.7166755,66691005.0,0.175756552,0.836749275,0.19800548530999978
Uganda,2024,0.802678607,27277834.0,0.746449535,0.471468265,0.7545419771999993
Uganda,2024,0.663670902,27277834.0,0.617415111,0.304822097,0.6071812481099997
Ukraine,2024,0.915174221,32338724.0,,0.9667775,0.3819389967899998
Ukraine,2024,0.838855969,32338724.0,,0.933097405,0.37202302708999985
United Kingdom,2024,0.993005631,56450851.0,,0.955365456,0.36866984454000007
United Kingdom,2024,0.992689871,56450851.0,,0.967371875,0.37380763066000006
United States,2024,0.969368555,275987833.0,,0.978861437,0.3496469686100003
United States,2024,0.971092143,275987833.0,,0.977273427,0.37254965139
Uruguay,2024,0.742464297,2755004.0,,0.903398054,0.37045162256000025
Uruguay,2024,0.732856919,2755004.0,,0.922192468,0.36753613484
Uzbekistan,2024,0.585397971,24646062.0,,0.785172563,0.3810970349673643
Uzbekistan,2024,0.607039265,24646062.0,,0.692500767,0.37656625529999976
"Venezuela, RB",2024,0.869300365,20899114.0,0.381387178,0.906848022,0.3618794102399998
"Venezuela, RB",2024,0.877033336,20899114.0,0.293809006,0.881397703,0.3242343978700001
Viet Nam,2024,0.712493315,76663207.0,0.405124761,0.886183432,0.3933730189300003
Viet Nam,2024,0.698844155,76663207.0,0.370166655,0.871667688,0.37308165028999957
West Bank and Gaza,2024,0.511814641,3183655.0,,0.944515364,0.6777995961099995
West Bank and Gaza,2024,0.277345492,3183655.0,,0.937049513,0.4356245263799999
Zambia,2024,0.754614346,12029200.0,0.732352723,0.469710146,0.7111860688299996
Zambia,2024,0.701720749,12029200.0,0.657114854,0.314218205,0.6554575680299998
Zimbabwe,2024,0.52401337,9588258.0,0.471589137,0.369928951,0.4637540568100003
Zimbabwe,2024,0.469940182,9588258.0,0.399725706,0.269471258,0.4020659929700002
Albania,2011,0.354111523,2281010.0,,,0.2949093748299994
Albania,2011,0.175185829,2281010.0,,,0.2967080899999994
Algeria,2011,0.405017991,26251587.0,,,0.29658989724999946
Algeria,2011,0.230946036,26251587.0,,,0.2950248497999995
Argentina,2011,0.420571618,30685516.0,,,0.2966013461999994
Argentina,2011,0.196749245,30685516.0,,,0.29842103327999947
Armenia,2011,0.191085798,2457011.0,,,0.2967080899999994
Armenia,2011,0.150356863,2457011.0,,,0.2967080899999994
Australia,2011,0.998031238,17830548.0,,,0.3001447435399994
Australia,2011,0.979535463,17830548.0,,,0.2967080899999994
Austria,2011,0.986435268,7123870.0,,,0.3015297055199994
Austria,2011,0.94722933,7123870.0,,,0.29660134619999945
Azerbaijan,2011,0.19385022,7034188.0,,,0.2928231916199995
Azerbaijan,2011,0.081548446,7034188.0,,,0.2964946023999995
Bahrain,2011,0.632400597,978145.0,,,0.2967080899999994
Bahrain,2011,0.661476815,978145.0,,,0.2967080899999994
Bangladesh,2011,0.401809881,100376575.0,,,0.29660134619999945
Bangladesh,2011,0.190637566,100376575.0,,,0.2967080899999994
Belarus,2011,0.640463429,8075665.0,,,0.3028509429899994
Belarus,2011,0.504199291,8075665.0,,,0.3032409590399995
Belgium,2011,0.979650311,9049843.0,,,0.29660134619999945
Belgium,2011,0.938118678,9049843.0,,,0.29980147807999946
Benin,2011,0.150243752,5496491.0,,,0.30641522943999944
Benin,2011,0.035783861,5496491.0,,,0.30345802096999946
Bolivia,2011,0.371345181,6675907.0,,,0.3042036171099995
Bolivia,2011,0.143499434,6675907.0,,,0.3098288489199995
Bosnia and Herzegovina,2011,0.65168572,3217823.0,,,0.2949093748299994
Bosnia and Herzegovina,2011,0.427593095,3217823.0,,,0.2967080899999994
Botswana,2011,0.409162163,1340324.0,,,0.2940635655899994
Botswana,2011,0.142189375,1340324.0,,,0.29561885070999944
Brazil,2011,0.680752422,145842533.0,,,0.29391634026999947
Brazil,2011,0.375270515,145842533.0,,,0.29525026403999943
Bulgaria,2011,0.634703693,6400381.0,,,0.27781683709999955
Bulgaria,2011,0.368406953,6400381.0,,,0.28577767868999954
Burkina Faso,2011,0.178848194,8802362.0,,,0.2918998991599995
Burkina Faso,2011,0.065272541,8802362.0,,,0.29475822193999945
Cameroon,2011,0.160433801,11072780.0,,,0.29773997845999944
Cameroon,2011,0.129456831,11072780.0,,,0.29960770501999945
Canada,2011,0.974656289,28373521.0,,,0.2958837114099995
Canada,2011,0.932909197,28373521.0,,,0.3025943492999995
Chile,2011,0.499472833,13480066.0,,,0.2967080899999994
Chile,2011,0.304493201,13480066.0,,,0.2967080899999994
China,2011,0.752636898,1090576711.0,,,0.2958722898299995
China,2011,0.466263608,1090576711.0,,,0.31773976491999967
Colombia,2011,0.41483489,32481705.0,,,0.2966013461999994
Colombia,2011,0.138392102,32481705.0,,,0.29716301176999943
Comoros,2011,0.28058853,382348.0,,,0.2967080899999994
Comoros,2011,0.105956388,382348.0,,,0.2967080899999994
"Congo, Rep.",2011,0.137500878,2658255.0,,,0.2964888675299994
"Congo, Rep.",2011,0.04479817,2658255.0,,,0.2994649430199995
Costa Rica,2011,0.602020486,3423771.0,,,0.2988802129599995
Costa Rica,2011,0.354766194,3423771.0,,,0.29939421741999944
Croatia,2011,0.930666144,3638504.0,,,0.2967080899999994
Croatia,2011,0.813549225,3638504.0,,,0.30182500510999943
Cyprus,2011,0.901692809,936237.0,,,0.2967080899999994
Cyprus,2011,0.778372718,936237.0,,,0.2967080899999994
Czechia,2011,0.852917284,8965818.0,,,0.29376858479999945
Czechia,2011,0.73664532,8965818.0,,,0.2967080899999994
Denmark,2011,0.996936665,4549535.0,,,0.29813988840999944
Denmark,2011,0.998015569,4549535.0,,,0.29523833739999944
Dominican Republic,2011,0.491486818,6788648.0,,,0.29252065498999946
Dominican Republic,2011,0.217021091,6788648.0,,,0.29660134619999945
Ecuador,2011,0.460431737,10352753.0,,,0.2966013461999994
Ecuador,2011,0.22753877,10352753.0,,,0.2961984133899994
El Salvador,2011,0.195317357,4126198.0,,,0.29660134619999945
El Salvador,2011,0.051057284,4126198.0,,,0.29579548057999944
Estonia,2011,0.984739705,1128611.0,,,0.29556690398999946
Estonia,2011,0.943481568,1128611.0,,,0.2967080899999994
Eswatini,2011,0.365921361,680317.0,,,0.2967080899999994
Eswatini,2011,0.164045756,680317.0,,,0.2967080899999994
Finland,2011,0.994705705,4475337.0,,,0.2967080899999994
Finland,2011,0.999228858,4475337.0,,,0.2921920883999995
France,2011,0.97851224,52976120.0,,,0.2963878585999995
France,2011,0.956754878,52976120.0,,,0.29523833739999944
Gabon,2011,0.259041593,1077711.0,,,0.2967080899999994
Gabon,2011,0.085059463,1077711.0,,,0.2967080899999994
Georgia,2011,0.402388206,3084171.0,,,0.2967080899999994
Georgia,2011,0.220630716,3084171.0,,,0.2949093748299994
Germany,2011,1.0,70576834.0,,,0.29523833739999944
Germany,2011,0.981317513,70576834.0,,,0.29967795117999946
Ghana,2011,0.367446874,15512209.0,,,0.29639771586999947
Ghana,2011,0.183888704,15512209.0,,,0.2961984133899994
Greece,2011,0.834017985,9493929.0,,,0.3121734041099996
Greece,2011,0.697450941,9493929.0,,,0.32505964322999964
Guatemala,2011,0.293591761,8804525.0,,,0.3112119131499995
Guatemala,2011,0.117443207,8804525.0,,,0.30017971909999946
Honduras,2011,0.287649479,5181064.0,,,0.29990822187999944
Honduras,2011,0.081062029,5181064.0,,,0.2991850576699995
Hungary,2011,0.758909618,8529919.0,,,0.29315216438999947
Hungary,2011,0.678318755,8529919.0,,,0.29609166958999944
India,2011,0.407300174,853745004.0,,,0.32988140848
India,2011,0.269714503,853745004.0,,,0.32102821943999976
Indonesia,2011,0.25294908,177530453.0,,,0.2985196783999995
Indonesia,2011,0.109731361,177530453.0,,,0.30017971909999946
"Iran, Islamic Rep.",2011,0.777893557,59270231.0,,,0.3068314764199995
"Iran, Islamic Rep.",2011,0.675124372,59270231.0,,,0.2996947342799995
Iraq,2011,0.134474469,18241367.0,,,0.30310835375999945
Iraq,2011,0.066974903,18241367.0,,,0.3003842164499995
Ireland,2011,0.944268288,3598499.0,,,0.2967080899999994
Ireland,2011,0.930804292,3598499.0,,,0.2967080899999994
Israel,2011,0.944829695,5491153.0,,,0.29660134619999945
Israel,2011,0.844317506,5491153.0,,,0.2949093748299994
Italy,2011,0.767346428,50957209.0,,,0.29480263102999943
Italy,2011,0.62352107,50957209.0,,,0.29660134619999945
Jamaica,2011,0.76946409,2007871.0,,,0.32447242918999947
Jamaica,2011,0.620443976,2007871.0,,,0.2999760887699994
Japan,2011,0.971652137,110945852.0,,,0.29539415116999945
Japan,2011,0.953005616,110945852.0,,,0.29523833739999944
Jordan,2011,0.330713782,4670454.0,,,0.2960973039399995
Jordan,2011,0.130546131,4670454.0,,,0.3021027601499995
Kazakhstan,2011,0.477388773,12564991.0,,,0.3010660165099994
Kazakhstan,2011,0.336275673,12564991.0,,,0.30523611802999945
Kenya,2011,0.575335403,23450849.0,,,0.29770484789999946
Kenya,2011,0.194351525,23450849.0,,,0.29782263563999944
"Korea, Rep.",2011,0.948462376,41432826.0,,,0.2965006808699994
"Korea, Rep.",2011,0.903472075,41432826.0,,,0.29871472201999943
Kosovo,2011,0.538851195,1287712.0,,,0.2967080899999994
Kosovo,2011,0.298667346,1287712.0,,,0.2967080899999994
Kuwait,2011,0.884193391,2266476.0,,,0.2949093748299994
Kuwait,2011,0.840027166,2266476.0,,,0.2949093748299994
Lao PDR,2011,0.308332149,4035423.0,,,0.2964946023999995
Lao PDR,2011,0.20682526,4035423.0,,,0.29480263102999943
Latvia,2011,0.930485569,1800178.0,,,0.2967080899999994
Latvia,2011,0.845686192,1800178.0,,,0.2967080899999994
Lebanon,2011,0.498390122,3709897.0,,,0.2931421966899995
Lebanon,2011,0.180192948,3709897.0,,,0.2983561036599994
Lesotho,2011,0.260857745,1266790.0,,,0.2967080899999994
Lesotho,2011,0.070993071,1266790.0,,,0.29650445966999944
Lithuania,2011,0.766912344,2635099.0,,,0.2976574840999994
Lithuania,2011,0.693421639,2635099.0,,,0.29290702932999946
Luxembourg,2011,0.962746234,417441.0,,,0.29525026403999943
Luxembourg,2011,0.920444148,417441.0,,,0.2967080899999994
Malawi,2011,0.203112753,7972899.0,,,0.28521606230999946
Malawi,2011,0.108707018,7972899.0,,,0.29469588722999945
Malaysia,2011,0.784097,20649116.0,,,0.28995839383999955
Malaysia,2011,0.478114687,20649116.0,,,0.29752346799999946
Malta,2011,0.955429349,351508.0,,,0.2967080899999994
Malta,2011,0.948596877,351508.0,,,0.2967080899999994
Mauritius,2011,0.87202801,986634.0,,,0.2967080899999994
Mauritius,2011,0.69495271,986634.0,,,0.2967080899999994
Mexico,2011,0.36779859,79795751.0,,,0.29525026403999943
Mexico,2011,0.133658259,79795751.0,,,0.2961601075799994
Moldova,2011,0.236112508,2361620.0,,,0.2967080899999994
Moldova,2011,0.0973867,2361620.0,,,0.29379243807999944
Mongolia,2011,0.822657448,1973485.0,,,0.2981398884099994
Mongolia,2011,0.708897325,1973485.0,,,0.3007413846699994
Montenegro,2011,0.558709377,500343.0,,,0.2967080899999994
Montenegro,2011,0.422766059,500343.0,,,0.2967080899999994
Nepal,2011,0.325395482,17498633.0,,,0.2967080899999994
Nepal,2011,0.144370063,17498633.0,,,0.2967080899999994
Netherlands,2011,0.980930744,13694510.0,,,0.2967080899999994
Netherlands,2011,0.995108967,13694510.0,,,0.2978339084999994
New Zealand,2011,0.994765332,3443024.0,,,0.2966126190599994
New Zealand,2011,0.993769345,3443024.0,,,0.2966126190599994
Nicaragua,2011,0.202024253,3774402.0,,,0.29660134619999945
Nicaragua,2011,0.052005819,3774402.0,,,0.29660134619999945
Nigeria,2011,0.401318604,92621676.0,,,0.29660134619999945
Nigeria,2011,0.139573963,92621676.0,,,0.29599478305999943
North Macedonia,2011,0.766268537,1569860.0,,,0.2967080899999994
North Macedonia,2011,0.692989513,1569860.0,,,0.29660134619999945
Oman,2011,0.789587262,1989124.0,,,0.2963051571899994
Oman,2011,0.659537666,1989124.0,,,0.2982162505099994
Pakistan,2011,0.139448901,120857470.0,,,0.2963051571899994
Pakistan,2011,0.048078735,120857470.0,,,0.29598492578999946
Panama,2011,0.295165961,2569368.0,,,0.2967080899999994
Panama,2011,0.180399123,2569368.0,,,0.29630515718999945
Paraguay,2011,0.324401112,3870412.0,,,0.2963878585999995
Paraguay,2011,0.055976203,3870412.0,,,0.2951315935999994
Peru,2011,0.306668883,20570757.0,,,0.3012332764899995
Peru,2011,0.051275787,20570757.0,,,0.3023448434999995
Philippines,2011,0.37666583,62034866.0,,,0.2967080899999994
Philippines,2011,0.098893882,62034866.0,,,0.2967080899999994
Poland,2011,0.75528721,32308457.0,,,0.29630515718999945
Poland,2011,0.621836812,32308457.0,,,0.29630515718999945
Portugal,2011,0.864417701,8967347.0,,,0.29577046129999945
Portugal,2011,0.733990492,8967347.0,,,0.2967080899999994
Qatar,2011,0.753924381,1392286.0,,,0.29660134619999945
Qatar,2011,0.538167999,1392286.0,,,0.2967080899999994
Romania,2011,0.531465128,17058580.0,,,0.2967080899999994
Romania,2011,0.317461248,17058580.0,,,0.2967080899999994
Russian Federation,2011,0.533652035,121177141.0,,,0.29795290604999947
Russian Federation,2011,0.403803436,121177141.0,,,0.2967080899999994
Rwanda,2011,0.338428568,5941330.0,,,0.2957603273799994
Rwanda,2011,0.311402444,5941330.0,,,0.2967080899999994
Saudi Arabia,2011,0.548992396,17354530.0,,,0.2967080899999994
Saudi Arabia,2011,0.327748606,17354530.0,,,0.2967080899999994
Serbia,2011,0.711908341,6237019.0,,,0.29812198455999944
Serbia,2011,0.486546355,6237019.0,,,0.29375567499999944
Slovak Republic,2011,0.840998054,4557830.0,,,0.2968396447499994
Slovak Republic,2011,0.72787802,4557830.0,,,0.3012018319489666
Slovenia,2011,0.987143517,1758964.0,,,0.2980331446099994
Slovenia,2011,0.947871884,1758964.0,,,0.29660134619999945
South Africa,2011,0.630035411,36953226.0,,,0.2717491113599996
South Africa,2011,0.395546828,36953226.0,,,0.29046372436999945
Spain,2011,0.942048105,39626900.0,,,0.2967080899999994
Spain,2011,0.918815404,39626900.0,,,0.3000149656799994
Sri Lanka,2011,0.74758564,15571720.0,,,0.31105532453999946
Sri Lanka,2011,0.591345856,15571720.0,,,0.2950248315999995
Sweden,2011,0.99631097,7820937.0,,,0.3003210223199994
Sweden,2011,0.980300076,7820937.0,,,0.29893718127999946
Syrian Arab Republic,2011,0.228327406,14356499.0,,,0.2964946023999995
Syrian Arab Republic,2011,0.237884233,14356499.0,,,0.29660134619999945
"Taiwan, China",2011,0.901037204,19429474.0,,,0.31230818903999946
"Taiwan, China",2011,0.83116370055812,19429474.0,,,0.2968651026799995
Tanzania,2011,0.228943944,24470055.0,,,0.29782263563999944
Tanzania,2011,0.087698075,24470055.0,,,0.3013709454899995
Thailand,2011,0.780563913,54766867.0,,,0.29746809498999943
Thailand,2011,0.645318358,54766867.0,,,0.2966013461999994
Togo,2011,0.129972629,3932998.0,,,0.29810778070999944
Togo,2011,0.05952675,3932998.0,,,0.29523188249999943
Turkiye,2011,0.645851755,54201890.0,,,0.2967080899999994
Turkiye,2011,0.471064704,54201890.0,,,0.29805964984999944
Uganda,2011,0.274924666,16363076.0,,,0.2967080899999994
Uganda,2011,0.098700383,16363076.0,,,0.29706855210999944
Ukraine,2011,0.485762939,39900312.0,,,0.2967080899999994
Ukraine,2011,0.302448258,39900312.0,,,0.2967080899999994
United Arab Emirates,2011,0.64511408,5710622.0,,,0.29308203336999944
United Arab Emirates,2011,0.528977265,5710622.0,,,0.2964946023999994
United Kingdom,2011,0.975988966,51619966.0,,,0.29990822187999944
United Kingdom,2011,0.966492006,51619966.0,,,0.3012362551199994
United States,2011,0.941973554,248390172.0,,,0.28650086949999953
United States,2011,0.785778086,248390172.0,,,0.29002556805999957
Uruguay,2011,0.333291809,2578893.0,,,0.2967080899999994
Uruguay,2011,0.08816903,2578893.0,,,0.2967080899999994
Uzbekistan,2011,0.246439051,20171292.0,,,0.2955089960999994
Uzbekistan,2011,0.192842202,20171292.0,,,0.2966013461999994
"Venezuela, RB",2011,0.530163124,20199432.0,,,0.29843846927999945
"Venezuela, RB",2011,0.307447069,20199432.0,,,0.2967080899999994
Viet Nam,2011,0.282412607,65955596.0,,,0.29660134619999945
Viet Nam,2011,0.110485842,65955596.0,,,0.2967080899999994
West Bank and Gaza,2011,0.269347628,2199701.0,,,0.2952874073699994
West Bank and Gaza,2011,0.079940991,2199701.0,,,0.29674571101999947
Zambia,2011,0.296627043,7506102.0,,,0.30114549613999947
Zambia,2011,0.087666932,7506102.0,,,0.29813988840999944
Zimbabwe,2011,0.49972969,7608011.0,,,0.3019205280899995
Zimbabwe,2011,0.240925927,7608011.0,,,0.2924424749499995
Afghanistan,2014,,16708999.0,,,0.2883874416899996
Afghanistan,2014,,16708999.0,,,0.2883874416899996
Albania,2014,0.473788095,2322032.0,,,0.17837151359999998
Albania,2014,0.23890096,2322032.0,,,0.2022035568799999
Algeria,2014,0.594636332,27628433.0,,,0.28962301270999957
Algeria,2014,0.369710709,27628433.0,,,0.28835634812999966
Angola,2014,0.404596478,14342950.0,,,0.27865922907999974
Angola,2014,0.125435419,14342950.0,,,0.2923922285999997
Argentina,2014,0.539017616,31872846.0,,,0.2959204424199997
Argentina,2014,0.446274994,31872846.0,,,0.26535459770999986
Armenia,2014,0.22044531,2428128.0,,,0.21031084179999981
Armenia,2014,0.110929259,2428128.0,,,0.24645015146999974
Australia,2014,0.981294759,18749193.0,,,0.3099717304999995
Australia,2014,1.0,18749193.0,,,0.2957818373599996
Austria,2014,0.971015639,7260944.0,,,0.31830088726999944
Austria,2014,0.962738365,7260944.0,,,0.3225462107699997
Azerbaijan,2014,0.320497794,7283305.0,,,0.27439843989
Azerbaijan,2014,0.247933544,7283305.0,,,0.2804235393699998
Bahrain,2014,0.825584522,1005566.0,,,0.2812723255999996
Bahrain,2014,0.810302585,1005566.0,,,0.2824546203599996
Bangladesh,2014,0.362922094,105778630.0,,,0.2871398846899995
Bangladesh,2014,0.230339877,105778630.0,,,0.2802254349899997
Belarus,2014,0.756017172,7971997.0,,,0.2510018909699999
Belarus,2014,0.665575729,7971997.0,,,0.3310097886899996
Belgium,2014,0.977926928,9263588.0,,,0.29651820918999955
Belgium,2014,0.986055423,9263588.0,,,0.3054888768499995
Belize,2014,0.554154234,228016.0,,,0.2937673084799996
Belize,2014,0.373800594,228016.0,,,0.28982713320999953
Benin,2014,0.209783558,6043333.0,,,0.29960959940999954
Benin,2014,0.100133158,6043333.0,,,0.30004805473999974
Bhutan,2014,0.394909182,523289.0,,,0.2843769373699996
Bhutan,2014,0.249000487,523289.0,,,0.2911698721099997
Bolivia,2014,0.523663154,7120716.0,,,0.3053861870899996
Bolivia,2014,0.259174603,7120716.0,,,0.32488546606999963
Bosnia and Herzegovina,2014,0.606077924,3077307.0,,,0.28278738130999964
Bosnia and Herzegovina,2014,0.407742285,3077307.0,,,0.2726540889299997
Botswana,2014,0.651664688,1405268.0,0.29670809,,0.24846013389999957
Botswana,2014,0.319688748,1405268.0,0.072423082,,0.09885530616
Brazil,2014,0.753735584,152293155.0,,,0.2711709741999999
Brazil,2014,0.572280492,152293155.0,,,0.17435211511999996
Bulgaria,2014,0.720666563,6271977.0,,,0.29393082940999976
Bulgaria,2014,0.493628552,6271977.0,,,0.20569032187999978
Burkina Faso,2014,0.196314284,9623020.0,,,0.15618150879000006
Burkina Faso,2014,0.064288786,9623020.0,,,0.18896748606000005
Burundi,2014,,5630929.0,,,0.18693872662
Burundi,2014,,5630929.0,,,0.18693872662
Cambodia,2014,0.260470032,10284331.0,0.15976172,,0.19022949293999997
Cambodia,2014,0.163069167,10284331.0,0.092474365,,0.13482588185999983
Cameroon,2014,0.187373244,12084831.0,,,0.25420350550000015
Cameroon,2014,0.023035479,12084831.0,,,0.2933944265700002
Canada,2014,0.995444026,29372810.0,,,0.28955656066000024
Canada,2014,0.984080931,29372810.0,,,0.29629375813000014
Chad,2014,0.159646762,7035329.0,,,0.2836197730800003
Chad,2014,0.07131344,7035329.0,,,0.35525406257000014
Chile,2014,0.69542081,14064832.0,,,0.3160151111200002
Chile,2014,0.538035887,14064832.0,,,0.2659641151500002
China,2014,0.832214386,1113693456.0,,,0.28812657448000023
China,2014,0.726805568,1113693456.0,,,0.2923561014800002
Colombia,2014,0.487332567,34309704.0,,,0.2810361762500002
Colombia,2014,0.243945372,34309704.0,,,0.2812608555500001
"Congo, Dem. Rep.",2014,0.219350098,40959603.0,,,0.26317402219000013
"Congo, Dem. Rep.",2014,0.107811251,40959603.0,,,0.2753438622800002
"Congo, Rep.",2014,0.237104447,2849454.0,,,0.2780259674300001
"Congo, Rep.",2014,0.070179422,2849454.0,,,0.28555605254000016
Costa Rica,2014,0.697552169,3611461.0,,,0.31061364002000025
Costa Rica,2014,0.567371049,3611461.0,,,0.27650786222000023
Cote d'Ivoire,2014,0.410756677,13848553.0,0.276345057,,0.2727033565800001
Cote d'Ivoire,2014,0.241759495,13848553.0,0.191938885,,0.24281654911000009
Croatia,2014,0.907560178,3606895.0,,,0.19597281024000004
Croatia,2014,0.789111309,3606895.0,,,0.2103490862400001
Cyprus,2014,0.916118465,991903.0,,,0.16732185268999986
Cyprus,2014,0.880047553,991903.0,,,0.2018891889399998
Czechia,2014,0.855156039,8944904.0,,,0.19702185944
Czechia,2014,0.771392578,8944904.0,,,0.18972100257000002
Denmark,2014,1.0,4641892.0,,,0.1618853889699997
Denmark,2014,1.0,4641892.0,,,0.1618853889699997
Dominican Republic,2014,0.625928417,7152325.0,,,0.22717168820000005
Dominican Republic,2014,0.412936852,7152325.0,,,0.25459744399000006
Ecuador,2014,0.563159215,11054660.0,,,0.21223828071000017
Ecuador,2014,0.310402195,11054660.0,,,0.1921468308500001
"Egypt, Arab Rep.",2014,0.198864158,63009609.0,,,0.18635390975999988
"Egypt, Arab Rep.",2014,0.054577862,63009609.0,,,0.21104514397000018
El Salvador,2014,0.465669046,4304307.0,,,0.17066433673999984
El Salvador,2014,0.219417901,4304307.0,,,0.2441717781700001
Estonia,2014,0.979804082,1110561.0,,,0.16121456836999973
Estonia,2014,0.972075808,1110561.0,,,0.14962814164999977
Ethiopia,2014,0.262639188,55109169.0,,,0.17309381996999992
Ethiopia,2014,0.15008216,55109169.0,,,0.19823460787000008
Finland,2014,1.0,4545771.0,,,0.16056423911999976
Finland,2014,1.0,4545771.0,,,0.16056423911999976
France,2014,0.979570201,53825137.0,,,0.16658309623999976
France,2014,0.944811583,53825137.0,,,0.2216778393600002
Gabon,2014,0.433155522,1209169.0,,,0.13720715344999979
Gabon,2014,0.175541305,1209169.0,,,0.15053841423999972
Georgia,2014,0.471661703,3020250.0,,,0.16735919623999984
Georgia,2014,0.283801604,3020250.0,,,0.18146385565999992
Germany,2014,0.998805747,69974132.0,,,0.19898276299999995
Germany,2014,0.969911048,69974132.0,,,0.3329141499200003
Ghana,2014,0.451520331,16743744.0,0.14973283,,0.18005569100999982
Ghana,2014,0.335196061,16743744.0,0.100493275,,0.14522502105999988
Greece,2014,0.90920746,9357686.0,,,0.5438960525099994
Greece,2014,0.823547436,9357686.0,,,0.43871998559999975
Guatemala,2014,0.495242303,9616393.0,,,0.5478310568199994
Guatemala,2014,0.290836384,9616393.0,,,0.5546262510199993
Guinea,2014,,6293415.0,,,0.5529156922399994
Guinea,2014,,6293415.0,,,0.5529156922399994
Haiti,2014,0.225489907,6636287.0,,,0.39068855664000013
Haiti,2014,0.133082144,6636287.0,,,0.5245059272999998
Honduras,2014,0.385674015,5672647.0,,,0.5716936484299997
Honduras,2014,0.20855013,5672647.0,,,0.5462100502599995
"Hong Kong SAR, China",2014,0.976887507,6342961.0,,,0.43122064506999974
"Hong Kong SAR, China",2014,0.940363528,6342961.0,,,0.4415327737799999
Hungary,2014,0.760383773,8464202.0,,,0.35928462408000006
Hungary,2014,0.665746803,8464202.0,,,0.5142980735599996
India,2014,0.594840292,907853291.0,,,0.5803575721599992
India,2014,0.436106769,907853291.0,,,0.6154774890299991
Indonesia,2014,0.452677592,185894322.0,,,0.5898112105399993
Indonesia,2014,0.221340114,185894322.0,,,0.5843867582299993
"Iran, Islamic Rep.",2014,0.93880894,61676328.0,,,0.5731743916299993
"Iran, Islamic Rep.",2014,0.898988692,61676328.0,,,0.5966633419999992
Iraq,2014,0.123264846,20884823.0,,,0.6049621952799992
Iraq,2014,0.084286098,20884823.0,,,0.6103278464199992
Ireland,2014,0.963701282,3629630.0,,,0.40453562289000017
Ireland,2014,0.92254306,3629630.0,,,0.4029939559400001
Israel,2014,0.9320479,5787501.0,,,0.5583554595599997
Israel,2014,0.850693239,5787501.0,,,0.5504651729799995
Italy,2014,0.906413656,51850742.0,,,0.5155782160399994
Italy,2014,0.826279775,51850742.0,,,0.5471156872199994
Jamaica,2014,0.846044374,2096466.0,,,0.5745729995599994
Jamaica,2014,0.692284484,2096466.0,,,0.4896101743999999
Japan,2014,0.963945633,110762343.0,,,0.4562789824299998
Japan,2014,0.969743001,110762343.0,,,0.47427810205999976
Jordan,2014,0.301150301,5205320.0,,,0.5769864105599992
Jordan,2014,0.163352547,5205320.0,,,0.5969804252599993
Kazakhstan,2014,0.600188762,12875804.0,,,0.49985028222999955
Kazakhstan,2014,0.447278944,12875804.0,,,0.3993613758199999
Kenya,2014,0.822842976,25714887.0,0.627395658,,0.5568911462499991
Kenya,2014,0.631689037,25714887.0,0.518441741,,0.4388162168199994
"Korea, Rep.",2014,0.943662106,43035419.0,,,0.1414764163000001
"Korea, Rep.",2014,0.943518328,43035419.0,,,0.1414764163000001
Kosovo,2014,0.528483096,1334099.0,,,0.14147074117000003
Kosovo,2014,0.402131105,1334099.0,,,0.12922639024000002
Kuwait,2014,0.791225959,2736473.0,,,0.1333546176000001
Kuwait,2014,0.636726453,2736473.0,,,0.1749915340900001
Kyrgyz Republic,2014,0.226763859,3978542.0,,,0.16230657165000018
Kyrgyz Republic,2014,0.121566909,3978542.0,,,0.18807558200000024
Latvia,2014,0.926830217,1719348.0,,,0.1580368868900001
Latvia,2014,0.865140408,1719348.0,,,0.1567975052200001
Lebanon,2014,0.593019598,4265657.0,,,0.15058633047000003
Lebanon,2014,0.283534237,4265657.0,,,0.23101918893000012
Lithuania,2014,0.837531495,2524428.0,,,0.15047784231000014
Lithuania,2014,0.691214134,2524428.0,,,0.1359734634400001
Luxembourg,2014,0.968703495,451457.0,,,0.12982377466
Luxembourg,2014,0.952390805,451457.0,,,0.1536298075
Madagascar,2014,,13785487.0,,,0.13595166939000008
Madagascar,2014,,13785487.0,,,0.13595166939000008
Malawi,2014,0.239004691,8735190.0,,,0.1318355076700001
Malawi,2014,0.093559531,8735190.0,,,0.15497249654000012
Malaysia,2014,0.844337127,22158615.0,,,0.15539607445000014
Malaysia,2014,0.752771612,22158615.0,,,0.1701197027800001
Mali,2014,0.232067178,9100789.0,0.116836573,,0.1466428907
Mali,2014,0.153577476859921,9100789.0,0.115803574,,0.12216446796999984
Malta,2014,0.975443598,364279.0,,,0.14739798258999973
Malta,2014,0.946181681,364279.0,,,0.1472611228799998
Mauritius,2014,0.889913807,1010413.0,,,0.17658221390999976
Mauritius,2014,0.719548051,1010413.0,,,0.1666754759499996
Mexico,2014,0.456526032,84399247.0,,,0.17292770844999983
Mexico,2014,0.293630324,84399247.0,,,0.18368623575999968
Moldova,2014,0.222055994,2361002.0,,,0.16402371851999978
Moldova,2014,0.110780324,2361002.0,,,0.1681499171399997
Mongolia,2014,0.936300641,2074233.0,,,0.18168662918999967
Mongolia,2014,0.891090498,2074233.0,,,0.17139504553999976
Montenegro,2014,0.687533666,504976.0,,,0.1558810797499997
Montenegro,2014,0.46396088,504976.0,,,0.16209801993999975
Myanmar,2014,0.250684183,36618649.0,,,0.1598816983599997
Myanmar,2014,0.193538987,36618649.0,,,0.18167782115999995
Namibia,2014,0.708661368,1427950.0,0.150925494,,0.1705977220399997
Namibia,2014,0.407007754,1427950.0,0.032255649,,0.05177436586
Nepal,2014,0.40205276,18161615.0,,,0.25587642088999973
Nepal,2014,0.241349128,18161615.0,,,0.2536308294799998
Netherlands,2014,0.99524162,13933854.0,,,0.30075235989999966
Netherlands,2014,0.989560854,13933854.0,,,0.30232662370999963
New Zealand,2014,0.996351216,3534713.0,,,0.2699254783799997
New Zealand,2014,0.993618735,3534713.0,,,0.2793989163899997
Nicaragua,2014,0.264904129,4012287.0,,,0.25293925668000006
Nicaragua,2014,0.088384834,4012287.0,,,0.2715190607999999
Niger,2014,,9371030.0,,,0.2745665967899999
Niger,2014,,9371030.0,,,0.2745665967899999
Nigeria,2014,0.537069303,100567840.0,,,0.3034922230399997
Nigeria,2014,0.305065329,100567840.0,,,0.25401957053999985
North Macedonia,2014,0.797326037,1565432.0,,,0.2539849174799998
North Macedonia,2014,0.598386047,1565432.0,,,0.2379343687699999
Norway,2014,1.0,4150602.0,,,0.25479807166999974
Norway,2014,1.0,4150602.0,,,0.25479807166999974
Pakistan,2014,0.152102948,128875593.0,,,0.24971474652999992
Pakistan,2014,0.097547671,128875593.0,,,0.2622707022299997
Panama,2014,0.515121291,2737867.0,,,0.2384650605699999
Panama,2014,0.318581031,2737867.0,,,0.24353305008999984
Peru,2014,0.377760808,21413567.0,,,0.24872349133999982
Peru,2014,0.1572273,21413567.0,,,0.2517740080799999
Philippines,2014,0.400997997,66911959.0,,,0.23703727197999985
Philippines,2014,0.180376718,66911959.0,,,0.24386433670999996
Poland,2014,0.822210524,32293711.0,,,0.3051371520699998
Poland,2014,0.713221345,32293711.0,,,0.3015051519799998
Portugal,2014,0.92740175,8911922.0,,,0.31332017360999964
Portugal,2014,0.801757923,8911922.0,,,0.2539705362999999
Puerto Rico,2014,0.788272113,2955855.0,,,0.2364738388999999
Puerto Rico,2014,0.560395589,2955855.0,,,0.2444375172699999
Romania,2014,0.714628721,16846776.0,,,0.33690878943
Romania,2014,0.448465178,16846776.0,,,0.23656050896
Russian Federation,2014,0.701715628,120673872.0,,,0.2778969065899997
Russian Federation,2014,0.631933703,120673872.0,,,0.27243701232999984
Rwanda,2014,0.587775915,6472142.0,0.256414809,,0.2759321337999998
Rwanda,2014,0.170873462,6472142.0,0.067645374,,0.16279017070999988
Saudi Arabia,2014,0.728726269,20496432.0,,,0.4070144025600005
Saudi Arabia,2014,0.648242608,20496432.0,,,0.42843784812000046
Senegal,2014,0.227210334,7858967.0,,,0.40385044891000044
Senegal,2014,0.043919994,7858967.0,,,0.4207243540100005
Serbia,2014,0.834765597,6141282.0,,,0.42621639032000064
Serbia,2014,0.825158402,6141282.0,,,0.43702775918000064
Singapore,2014,0.964045369,4691514.0,,,0.4345012030500006
Singapore,2014,0.962746371,4691514.0,,,0.43163760623000064
Slovak Republic,2014,0.821395226,4582684.0,,,0.4394804151400007
Slovak Republic,2014,0.698665688,4582684.0,,,0.3977492224900005
Slovenia,2014,0.98382405,1759867.0,,,0.3996360651700005
Slovenia,2014,0.957399098,1759867.0,,,0.3748188817600004
Somalia,2014,0.461791823,6719620.0,0.439887931,,0.39687092044000055
Somalia,2014,0.273565618,6719620.0,0.266581295,,0.3168489515600006
South Africa,2014,0.796051526,38992463.0,0.181340114,,0.21680517412000014
South Africa,2014,0.563528868,38992463.0,0.088562569,,0.13176263305
Spain,2014,0.981961152,39593406.0,,,0.40425156425999964
Spain,2014,0.966352023,39593406.0,,,0.4005145900299995
Sri Lanka,2014,0.853465588,15433197.0,,,0.4582315012799995
Sri Lanka,2014,0.78699179,15433197.0,,,0.42433001608999965
Sudan,2014,0.204235074,21021157.0,,,0.32004631427
Sudan,2014,0.075274332,21021157.0,,,0.37158195141000006
Sweden,2014,1.0,7971436.0,,,0.3835406226199995
Sweden,2014,0.993418643,7971436.0,,,0.3977865535199994
Switzerland,2014,0.973684692,6883205.0,,,0.40806820120999965
Switzerland,2014,0.988673307,6883205.0,,,0.4101027375699995
"Taiwan, China",2014,0.939526,19968635.0,,,0.41180821664999967
"Taiwan, China",2014,0.881269605,19968635.0,,,0.4112432296199996
Tajikistan,2014,0.15233063,5217089.0,,,0.45891640476000023
Tajikistan,2014,0.057923166,5217089.0,,,0.4531368175400001
Tanzania,2014,0.497811193,26884351.0,0.418837034,,0.37875009632999945
Tanzania,2014,0.247676973,26884351.0,0.180623202,,0.2477452989599999
Thailand,2014,0.82640007,56707280.0,,,0.4364470066699997
Thailand,2014,0.713588554,56707280.0,,,0.3954666200999998
Togo,2014,0.249725006,4254423.0,,,0.4184713661299998
Togo,2014,0.081414588,4254423.0,,,0.41522843704999984
Tunisia,2014,0.358140607,8426960.0,,,0.4195806162499999
Tunisia,2014,0.148081052,8426960.0,,,0.4036739651199999
Turkiye,2014,0.594241501,57336171.0,,,0.41548831908999984
Turkiye,2014,0.511322857,57336171.0,,,0.4051031919699999
Uganda,2014,0.548465424,18082753.0,0.442538455,,0.31005242927000015
Uganda,2014,0.288055039,18082753.0,0.213327094,,0.2562570227300001
Ukraine,2014,0.586810576,39385204.0,,,0.17108240636000008
Ukraine,2014,0.437391437,39385204.0,,,0.1596514617900002
United Arab Emirates,2014,0.880168624,6398423.0,0.146510124,,0.19389865727000008
United Arab Emirates,2014,0.776929587,6398423.0,0.070171005,,0.14785189353000017
United Kingdom,2014,0.994897449,52712003.0,,,0.18668821956999998
United Kingdom,2014,0.980837342,52712003.0,,,0.19166428523999998
United States,2014,0.973667296,254715188.0,,,0.20614354656000017
United States,2014,0.876911488,254715188.0,,,0.22603362030000018
Uruguay,2014,0.538219725,2625287.0,,,0.16283895135999987
Uruguay,2014,0.332113071,2625287.0,,,0.17254853297999995
Uzbekistan,2014,0.445894904,21374576.0,,,0.17425821095999994
Uzbekistan,2014,0.348606071,21374576.0,,,0.18253616588999994
"Venezuela, RB",2014,0.629952597,21274157.0,,,0.19641384545000007
"Venezuela, RB",2014,0.480314479,21274157.0,,,0.19872109814000014
Viet Nam,2014,0.390560127,68893679.0,,,0.22892220996999985
Viet Nam,2014,0.187117039,68893679.0,,,0.19652956131000004
West Bank and Gaza,2014,0.299720683,2416583.0,,,0.18165599718999995
West Bank and Gaza,2014,0.156402577,2416583.0,,,0.1989158023299999
"Yemen, Rep.",2014,,16904246.0,,,0.20029564834999994
"Yemen, Rep.",2014,,16904246.0,,,0.20029564834999994
Zambia,2014,0.456870057,8358295.0,0.165314207,,0.18875478210000007
Zambia,2014,0.205722723,8358295.0,0.054845034,,0.07116780704000007
Zimbabwe,2014,0.430846697,7862617.0,0.293265342,,0.2825393982000004
Zimbabwe,2014,0.16303132,7862617.0,0.099679284,,0.15148691225000013
Afghanistan,2017,0.156192951,18807229.0,,,0.2727089530900004
Afghanistan,2017,0.138025033,18807229.0,,,0.27289150456000044
Albania,2017,0.515062769,2340965.0,,,0.26424540718000045
Albania,2017,0.227510282,2340965.0,,,0.27130867511000045
Algeria,2017,0.479671413,28799702.0,,,0.29319373269
Algeria,2017,0.349708015,28799702.0,,,0.2853816752300002
Argentina,2017,0.557898131,33036043.0,,,0.2534062965100003
Argentina,2017,0.380612805,33036043.0,,,0.23210372632522588
Armenia,2017,0.566496155,2384230.0,,,0.25851332527000037
Armenia,2017,0.344192748,2384230.0,,,0.2787080842300005
Australia,2017,0.996734772,19621820.0,,,0.2590715294000005
Australia,2017,0.992878444,19621820.0,,,0.26587822619000046
Austria,2017,0.983347649,7481549.0,,,0.28497720522000036
Austria,2017,0.979066007,7481549.0,,,0.30395215174000034
Azerbaijan,2017,0.354987976,7438923.0,,,0.26907828930000033
Azerbaijan,2017,0.18135179,7438923.0,,,0.25244567930000034
Bahrain,2017,0.871381794,1137724.0,,,0.26223530901896747
Bahrain,2017,0.758219838,1137724.0,,,0.2549417450389674
Bangladesh,2017,0.566799304,111658076.0,0.256871435,,0.26472336350522585
Bangladesh,2017,0.400787327,111658076.0,0.145716919,,0.1826724703422556
Belarus,2017,0.856395737,7909969.0,,,0.23544163662999984
Belarus,2017,0.744133863,7909969.0,,,0.23512894225999975
Belgium,2017,0.984931917,9407055.0,,,0.25560978379999993
Belgium,2017,0.988567353,9407055.0,,,0.3164916428000001
Benin,2017,0.429043296,6631280.0,0.211457691,,0.23179017812999983
Benin,2017,0.318528897,6631280.0,0.135064913,,0.1611564198600002
Bolivia,2017,0.621220325,7571421.0,,,0.30384340747000016
Bolivia,2017,0.428278339,7571421.0,,,0.3157614875099998
Bosnia and Herzegovina,2017,0.663948537,2982772.0,,,0.35828761677999976
Bosnia and Herzegovina,2017,0.475024304,2982772.0,,,0.3017944968381259
Botswana,2017,0.618897765,1470809.0,0.32269736,,0.3355105909499997
Botswana,2017,0.346667331,1470809.0,0.124832132,,0.20294554325000022
Brazil,2017,0.789749123,158478074.0,,,0.41502758326999994
Brazil,2017,0.566252388,158478074.0,,,0.36841273720999995
Bulgaria,2017,0.838787863,6128150.0,,,0.3905410968399998
Bulgaria,2017,0.545476854,6128150.0,,,0.39778561285
Burkina Faso,2017,0.540937166,10570484.0,0.409513922,,0.40398943374000007
Burkina Faso,2017,0.267418073,10570484.0,0.211171464,,0.20684229663999987
Cambodia,2017,0.265658331,10807431.0,,,0.27206812472000025
Cambodia,2017,0.14304062,10807431.0,,,0.2291201124000003
Cameroon,2017,0.409817361,13358414.0,0.204358405,,0.21531983822000025
Cameroon,2017,0.249801251,13358414.0,0.071707128,,0.20883124344000006
Canada,2017,0.996929846,30253020.0,,,0.19190703014999982
Canada,2017,0.997778285,30253020.0,,,0.19266585880999984
Central African Republic,2017,0.167622479,2404000.0,,,0.1796611763299999
Central African Republic,2017,0.092024136,2404000.0,,,0.19722821961999987
Chad,2017,0.268361015,7782131.0,0.187784161,,0.1787688855399999
Chad,2017,0.141435997,7782131.0,0.099157399,,0.12623776081000002
Chile,2017,0.79311156,14675996.0,0.235654527,,0.26491807876000023
Chile,2017,0.668719885,14675996.0,0.112949391,,0.2729974401100001
China,2017,0.87578148,1133758537.0,,,0.21072454453
China,2017,0.688845831,1133758537.0,,,0.20105198686999987
Colombia,2017,0.528904033,36092425.0,,,0.22063851307000004
Colombia,2017,0.35019564,36092425.0,,,0.20648516321999996
"Congo, Dem. Rep.",2017,0.31421149,45407203.0,0.190385281,,0.2333650874899999
"Congo, Dem. Rep.",2017,0.173902759,45407203.0,0.116608761,,0.1152588226300001
"Congo, Rep.",2017,0.313531314,3026298.0,,,0.34927927654000024
"Congo, Rep.",2017,0.181581773,3026298.0,,,0.3329512727100002
Costa Rica,2017,0.743424478,3790388.0,,,0.45565257397
Costa Rica,2017,0.580312309,3790388.0,,,0.41722462470000005
Cote d'Ivoire,2017,0.460730899,14983416.0,0.386618113,,0.36509596443000014
Cote d'Ivoire,2017,0.341676872,14983416.0,0.270915601,,0.23980807097000015
Croatia,2017,0.895725998,3508155.0,,,0.4683775638399994
Croatia,2017,0.809970247,3508155.0,,,0.46658688578690055
Cyprus,2017,0.919699893,1039880.0,,,0.4783853116599993
Cyprus,2017,0.838071831,1039880.0,,,0.45687541714999946
Czechia,2017,0.878765913,8934395.0,,,0.45346389336999954
Czechia,2017,0.706443755,8934395.0,,,0.43488885483999956
Denmark,2017,0.998623389,4767144.0,,,0.5261787853799991
Denmark,2017,1.0,4767144.0,,,0.5063766708699992
Dominican Republic,2017,0.655966391,7508555.0,,,0.36442087259
Dominican Republic,2017,0.421151901,7508555.0,,,0.42342454182999967
Ecuador,2017,0.631323032,11800828.0,,,0.4304615331599997
Ecuador,2017,0.333950796,11800828.0,,,0.3449226046900001
"Egypt, Arab Rep.",2017,0.41073589,66961302.0,,,0.3538278817100002
"Egypt, Arab Rep.",2017,0.203202254,66961302.0,,,0.45531675486999956
El Salvador,2017,0.37722772,4464670.0,,,0.4415636199699996
El Salvador,2017,0.192922492,4464670.0,,,0.37695371632000024
Estonia,2017,0.991790846,1103273.0,,,0.49970451970896634
Estonia,2017,0.962138201,1103273.0,,,0.4535541901499996
Ethiopia,2017,0.430952717,61575604.0,,,0.4623722279399994
Ethiopia,2017,0.224122769,61575604.0,,,0.4336984437299995
Finland,2017,1.0,4600229.0,,,0.494695425127934
Finland,2017,0.994633523,4600229.0,,,0.4874730327748351
France,2017,0.943599399,54658275.0,,,0.43097331851999954
France,2017,0.934691796,54658275.0,,,0.4371972988799997
Gabon,2017,0.644497121,1332068.0,0.481277924,,0.46643681515999935
Gabon,2017,0.498290375,1332068.0,0.367522007,,0.3660003648200003
"Gambia, The",2017,0.338459547,1294272.0,,,0.3582311526000001
"Gambia, The",2017,0.205577189,1294272.0,,,0.39698002734000004
Georgia,2017,0.71257109,2987888.0,,,0.41184754167000015
Georgia,2017,0.461205022,2987888.0,,,0.283264352628126
Germany,2017,0.998158362,71374479.0,,,0.45131239301000037
Germany,2017,0.981222665,71374479.0,,,0.4251603636600003
Ghana,2017,0.639443485,18083712.0,0.435465286,,0.4453331168000002
Ghana,2017,0.483440601,18083712.0,0.320251176,,0.3346032255899998
Greece,2017,0.88095235,9220190.0,,,0.21924292527000017
Greece,2017,0.815177436,9220190.0,,,0.1728829612300001
Guatemala,2017,0.531409198,10430246.0,,,0.21140259715000012
Guatemala,2017,0.304192861,10430246.0,,,0.19884310723000012
Guinea,2017,0.258706712,6873506.0,0.148593496,,0.1557772632300001
Guinea,2017,0.199027727,6873506.0,0.121592934,,0.12402692431000012
Haiti,2017,0.424419711,7048972.0,0.181866884,,0.21291102304000017
Haiti,2017,0.178797675,7048972.0,0.06508071,,0.17550553048000012
Honduras,2017,0.534874504,6185475.0,,,0.33492202482501776
Honduras,2017,0.331007225,6185475.0,,,0.31936620982999975
"Hong Kong SAR, China",2017,0.972190841,6493265.0,,,0.35392369240999977
"Hong Kong SAR, China",2017,0.923735489,6493265.0,,,0.3653210916899998
Hungary,2017,0.797735106,8389859.0,,,0.2853854313789666
Hungary,2017,0.676696558,8389859.0,,,0.30016408030999947
India,2017,0.817354241,962463650.0,,,0.2908003037399995
India,2017,0.770829503,962463650.0,,,0.28942817269999954
Indonesia,2017,0.570204014,193777030.0,,,0.27992344553999965
Indonesia,2017,0.36595761,193777030.0,,,0.28358507582999976
"Iran, Islamic Rep.",2017,0.944698347,63892824.0,0.302284666,,0.29826732262999966
"Iran, Islamic Rep.",2017,0.932458435,63892824.0,0.203650079,,0.21426204764000004
Iraq,2017,0.253116983,23052127.0,,,0.7461933147400004
Iraq,2017,0.186932908,23052127.0,,,0.7549998394700005
Ireland,2017,0.969410667,3749429.0,,,0.7168622067189674
Ireland,2017,0.929394006,3749429.0,,,0.7416055391989673
Israel,2017,0.975543062,6131598.0,,,0.7125314716789675
Israel,2017,0.856901156,6131598.0,,,0.6911339006239855
Italy,2017,0.957791373,52409524.0,,,0.7156649329400004
Italy,2017,0.906310943,52409524.0,,,0.6703496594400005
Japan,2017,0.987121248,110907804.0,,,0.7021424177400006
Japan,2017,0.97539931,110907804.0,,,0.7417092452700005
Jordan,2017,0.488850777,6558247.0,,,0.7307443376000005
Jordan,2017,0.328801993,6558247.0,,,0.7046333722900003
Kazakhstan,2017,0.652622438,13196334.0,,,0.7781996125300004
Kazakhstan,2017,0.488058881,13196334.0,,,0.7047330008200003
Kenya,2017,0.889394904,28150345.0,0.819306255,,0.8198897968600002
Kenya,2017,0.704534812,28150345.0,0.593646664,,0.5913490901899995
"Korea, Rep.",2017,0.966521421,44377468.0,,,0.39466629667000064
"Korea, Rep.",2017,0.92149171,44377468.0,,,0.3787163924300006
Kosovo,2017,0.57550596,1328163.0,,,0.33035998007000056
Kosovo,2017,0.443333169,1328163.0,,,0.2963987975600001
Kuwait,2017,0.858081784,3138850.0,,,0.36991282889000077
Kuwait,2017,0.708011562,3138850.0,,,0.3780824476700007
Kyrgyz Republic,2017,0.427656604,4195979.0,,,0.36274407959000016
Kyrgyz Republic,2017,0.356772204,4195979.0,,,0.3694200386900007
Lao PDR,2017,0.367933342,4638548.0,,,0.35850502422000063
Lao PDR,2017,0.173703744,4638548.0,,,0.3672981760200007
Latvia,2017,0.963415381,1657658.0,,,0.38907500924690175
Latvia,2017,0.885241011,1657658.0,,,0.3812300745617371
Lebanon,2017,0.546281753,4654352.0,,,0.3786601509588207
Lebanon,2017,0.298943603,4654352.0,,,0.3601335561500006
Lesotho,2017,0.543294293,1350411.0,0.356306492,,0.35548513099000045
Lesotho,2017,0.323939866,1350411.0,0.156391226,,0.20353214505000003
Liberia,2017,0.4177937,2745577.0,0.236204343,,0.23536424934000022
Liberia,2017,0.266030025,2745577.0,0.166720862,,0.17736819132999984
Libya,2017,0.705816105,4585159.0,,,0.1870730993069013
Libya,2017,0.582768531,4585159.0,,,0.20436284338793434
Lithuania,2017,0.861737951,2445393.0,,,0.19481868616000014
Lithuania,2017,0.779344146,2445393.0,,,0.167062255528967
Luxembourg,2017,0.990647208,486845.0,,,0.19394291344000006
Luxembourg,2017,0.983172727,486845.0,,,0.1884389440900001
Madagascar,2017,0.215134284,15245537.0,0.141520579,,0.12599581829000006
Madagascar,2017,0.123429918,15245537.0,0.088776485,,0.12342910260000012
Malawi,2017,0.420109178,9645161.0,0.26875519,,0.27909321968000017
Malawi,2017,0.212052814,9645161.0,0.103937537,,0.1170515074700001
Malaysia,2017,0.885408304,23682698.0,0.116287559,,0.18158666438999999
Malaysia,2017,0.805045468,23682698.0,0.097374436,,0.11651844720000008
Maldives,2017,0.849705952,342024.0,0.281064448,,0.2623696021499998
Maldives,2017,0.714076644,342024.0,0.160901157,,0.16208258579999985
Mali,2017,0.381653282,9985747.0,0.265352359,,0.2686975346600002
Mali,2017,0.312610829,9985747.0,0.211658979,,0.21617120239999973
Malta,2017,0.991526589,390899.0,,,0.25510111467000024
Malta,2017,0.94656339,390899.0,,,0.2599389631600002
Mauritius,2017,0.921876913,1031251.0,,,0.25099839897000015
Mauritius,2017,0.863189806,1031251.0,,,0.23358156095000016
Mexico,2017,0.432457382,88534114.0,,,0.2615610657800002
Mexico,2017,0.252140568,88534114.0,,,0.2789716623400002
Moldova,2017,0.519442476,2278507.0,,,0.3124626003400003
Moldova,2017,0.3150981,2278507.0,,,0.3054150019500002
Mongolia,2017,0.94545619,2155814.0,0.276949334,,0.2682073250779343
Mongolia,2017,0.90594433,2155814.0,0.131449843,,0.19929752701896702
Montenegro,2017,0.737483192,506847.0,,,0.29225987260999975
Montenegro,2017,0.602747108,506847.0,,,0.29294418900999974
Morocco,2017,0.348715112,24894226.0,,,0.29942743978999986
Morocco,2017,0.192921556,24894226.0,,,0.38724457725999994
Mozambique,2017,0.515480989,14874137.0,0.286702102,,0.35819809225000016
Mozambique,2017,0.268005233,14874137.0,0.116255171,,0.14754125481000016
Myanmar,2017,0.282910424,38000865.0,,,0.4859634336699996
Myanmar,2017,0.225439827,38000865.0,,,0.48847917938999946
Namibia,2017,0.874247393,1547830.0,0.529208393,,0.49864035369999954
Namibia,2017,0.704174204,1547830.0,0.2915158,,0.3231494094799996
Nepal,2017,0.503296457,18869412.0,,,0.35166957580000036
Nepal,2017,0.379215298,18869412.0,,,0.3405095649452255
Netherlands,2017,0.995372359,14234525.0,,,0.3329691524100005
Netherlands,2017,0.997885419,14234525.0,,,0.3339356936900005
New Zealand,2017,0.993188641,3788624.0,,,0.32060708335000043
New Zealand,2017,0.989674298,3788624.0,,,0.3299839989000005
Nicaragua,2017,0.381285333,4249427.0,,,0.3367037266600002
Nicaragua,2017,0.199378063,4249427.0,,,0.34378324807000055
Niger,2017,0.188669744,10546918.0,,,0.21460072209
Niger,2017,0.104938235,10546918.0,,,0.30495803838000035
Nigeria,2017,0.497227988,109170774.0,,,0.33735685566000034
Nigeria,2017,0.245287586,109170774.0,,,0.35539794902522553
North Macedonia,2017,0.831304344,1567300.0,,,0.3451598610300005
North Macedonia,2017,0.666726361,1567300.0,,,0.34941792589000054
Norway,2017,1.0,4298959.0,,,0.3557757281000003
Norway,2017,0.993623949,4298959.0,,,0.3463922428700004
Pakistan,2017,0.25998449,135055510.0,,,0.34129985976000027
Pakistan,2017,0.142158896,135055510.0,,,0.3348368418994578
Panama,2017,0.555562823,2915245.0,,,0.36937944072000056
Panama,2017,0.328640009,2915245.0,,,0.3430247076400005
Paraguay,2017,0.555403113,4382299.0,0.332754301,,0.3447783524558686
Paraguay,2017,0.382959523,4382299.0,0.222844319,,0.2980190394300001
Peru,2017,0.529816751,22473210.0,,,0.3158624835599998
Peru,2017,0.270247467,22473210.0,,,0.44331025658999956
Philippines,2017,0.453628131,71585383.0,,,0.3014635735800002
Philippines,2017,0.180263524,71585383.0,,,0.39584758588
Poland,2017,0.88407061,32223349.0,,,0.3853952453299999
Poland,2017,0.84221052,32223349.0,,,0.40796968477999973
Portugal,2017,0.955808845,8871342.0,,,0.4102518663799995
Portugal,2017,0.874609984,8871342.0,,,0.41382565414999944
Romania,2017,0.709994017,16606939.0,,,0.4230308420899995
Romania,2017,0.378348994,16606939.0,,,0.39250190606999974
Russian Federation,2017,0.794358345,120066877.0,,,0.3785048717399995
Russian Federation,2017,0.702362146,120066877.0,,,0.38762687263999945
Rwanda,2017,0.57596308,7050113.0,0.417012545,,0.41668139179
Rwanda,2017,0.386518463,7050113.0,0.152302845,,0.17899183858999992
Saudi Arabia,2017,0.76443137,23241801.0,,,0.3875363742
Saudi Arabia,2017,0.645637011,23241801.0,,,0.37556031197999984
Senegal,2017,0.475735478,8705549.0,0.351104335,,0.35549455736999974
Senegal,2017,0.344888347,8705549.0,0.268226838,,0.25390475312000016
Serbia,2017,0.760452776,6046629.0,,,0.1981822822989669
Serbia,2017,0.645292731,6046629.0,,,0.242578140023985
Sierra Leone,2017,0.243855838,4219730.0,0.139694258,,0.14623405530000003
Sierra Leone,2017,0.129209834,4219730.0,0.065778618,,0.11542051940736434
Singapore,2017,0.98962409,4905185.0,,,0.2801931320079792
Singapore,2017,0.963782491,4905185.0,,,0.2541004401997609
Slovak Republic,2017,0.882921371,4594115.0,,,0.2569969602556292
Slovak Republic,2017,0.779373919,4594115.0,,,0.23742036893633275
Slovenia,2017,0.989129053,1756994.0,,,0.27518453975389273
Slovenia,2017,0.954606225,1756994.0,,,0.2689898864218268
South Africa,2017,0.735779464,41039555.0,0.236232787896707,,0.19991298227999998
South Africa,2017,0.626352808,41039555.0,0.120606669,,0.13328285571000015
South Sudan,2017,,6092487.0,,,0.45540059811000055
South Sudan,2017,,6092487.0,,,0.45540059811000055
Spain,2017,0.941437934,39549433.0,,,0.43418500738000054
Spain,2017,0.930887591,39549433.0,,,0.4328645630200006
Sri Lanka,2017,0.75679178,16017388.0,,,0.4548692054900003
Sri Lanka,2017,0.7058422,16017388.0,,,0.45144246845000013
Sweden,2017,0.997915803,8184039.0,,,0.45942195965000004
Sweden,2017,0.996675809,8184039.0,,,0.46642538938999983
Switzerland,2017,0.990889883,7127704.0,,,0.4611645683000004
Switzerland,2017,0.974382332,7127704.0,,,0.4128934381600003
"Taiwan, China",2017,0.96236849,20340388.0,,,0.4169545815900002
"Taiwan, China",2017,0.91091776,20340388.0,,,0.45249284798
Tajikistan,2017,0.526899065,5649763.0,,,0.40546433104693796
Tajikistan,2017,0.384750118,5649763.0,,,0.4300355754700004
Tanzania,2017,0.530418261,30023264.0,0.43946583,,0.41580771807000017
Tanzania,2017,0.372505179,30023264.0,0.303687519,,0.29049882334999994
Thailand,2017,0.842897399,58293189.0,,,0.26638161049625203
Thailand,2017,0.775467095,58293189.0,,,0.2593701718699998
Togo,2017,0.523144543,4608431.0,0.248226984,,0.2808342696299997
Togo,2017,0.347435734,4608431.0,0.164054997,,0.1814763792399999
Trinidad and Tobago,2017,0.832504851,1090252.0,,,0.2126138094299999
Trinidad and Tobago,2017,0.770773854,1090252.0,,,0.20446498802000002
Tunisia,2017,0.47453268,8662597.0,,,0.21244885120625226
Tunisia,2017,0.210496482,8662597.0,,,0.20852762379999998
Turkiye,2017,0.766746991,60604220.0,0.193541631,,0.22013756165999981
Turkiye,2017,0.563754096,60604220.0,0.119664957,,0.1390087856099999
Turkmenistan,2017,0.4134398,4458186.0,,,0.5285634663300001
Turkmenistan,2017,0.394209698,4458186.0,,,0.5288742999699999
Uganda,2017,0.670711371,20360656.0,0.578256773,,0.5727469252800002
Uganda,2017,0.472989683,20360656.0,0.396297376,,0.35179481644999994
Ukraine,2017,0.693127939,38655749.0,,,0.24700933179999984
Ukraine,2017,0.532602144,38655749.0,,,0.2511473924874242
United Arab Emirates,2017,0.916795237,7433015.0,0.251504164,,0.26436902535000006
United Arab Emirates,2017,0.829903704,7433015.0,0.155859008,,0.23295657001896708
United Kingdom,2017,0.976197512,53834160.0,,,0.19939678181999973
United Kingdom,2017,0.944735139,53834160.0,,,0.1957976217199998
United States,2017,0.983672137,261470917.0,,,0.22744855965999983
United States,2017,0.852185675,261470917.0,,,0.17753757832812592
Uruguay,2017,0.74032972,2670291.0,,,0.1832746252799998
Uruguay,2017,0.486147281,2670291.0,,,0.22476203935999992
Uzbekistan,2017,0.411958096,22359293.0,,,0.16619799939999974
Uzbekistan,2017,0.309178406,22359293.0,,,0.22444561791999984
"Venezuela, RB",2017,0.823289612,22179490.0,0.143997396,,0.16831956865999984
"Venezuela, RB",2017,0.601840357,22179490.0,0.058035265,,0.12423844484000021
Viet Nam,2017,0.378077683,71315938.0,,,0.34780398917000027
Viet Nam,2017,0.202775224,71315938.0,,,0.35275096103000025
West Bank and Gaza,2017,0.336907971,2625785.0,,,0.3483508051900002
West Bank and Gaza,2017,0.119815739,2625785.0,,,0.36576324454000014
Zambia,2017,0.556023649,9326870.0,0.340572126,,0.36234975745000014
Zambia,2017,0.312449635,9326870.0,0.185140136,,0.20756937942999984
Zimbabwe,2017,0.630571803,8235262.0,0.541369718,,0.48267485516000036
Zimbabwe,2017,0.436011797,8235262.0,0.402301141,,0.3596583696599999
Afghanistan,2021,,21791072.0,,,0.40248450248000006
Afghanistan,2021,,21791072.0,,,0.40248450248000006
Albania,2021,0.5540872,2340601.0,,,0.38576840608000007
Albania,2021,0.272656017,2340601.0,,,0.38293360818999994
Algeria,2021,0.521719095,30458426.0,,,0.3974935800499999
Algeria,2021,0.319058848,30458426.0,,,0.39315060899000004
Argentina,2021,0.758196452,34481880.0,0.403894528,,0.39726928578
Argentina,2021,0.652348174,34481880.0,0.269952845,,0.3020795166099996
Armenia,2021,0.619282099,2364189.0,0.194905197,,0.22092644550999999
Armenia,2021,0.454501446,2364189.0,0.126098566,,0.1498793145999998
Australia,2021,1.0,20888823.0,,,0.3122390465499996
Australia,2021,0.983045519,20888823.0,,,0.3372494563999998
Austria,2021,0.999179052,7633446.0,,,0.32037437231999955
Austria,2021,1.0,7633446.0,,,0.3174321766499995
Azerbaijan,2022,0.533430889,7732344.0,,,0.26589579154999976
Azerbaijan,2022,0.3557871,7732344.0,,,0.29726415317999966
Bangladesh,2021,0.55574733,117641793.0,0.31296325,,0.29713923144999965
Bangladesh,2021,0.48651172,117641793.0,0.255684277,,0.2619601474200001
Belgium,2021,0.997174869,9600074.0,,,0.43366968045
Belgium,2021,0.979358828,9600074.0,,,0.38121875752000045
Benin,2021,0.535391783,7495327.0,0.413399342,,0.40883825982000005
Benin,2021,0.41191727,7495327.0,0.296868111,,0.2910362737599998
Bolivia,2021,0.771521304,8150856.0,0.175094236,,0.14041784957999995
Bolivia,2021,0.562876483,8150856.0,0.0601244,,0.0714667978400001
Bosnia and Herzegovina,2021,0.840130972,2851847.0,,,0.5596147534599998
Bosnia and Herzegovina,2021,0.722946634,2851847.0,,,0.4769230243399995
Botswana,2022,0.661921928,1588124.0,0.449042473,,0.4632159960399995
Botswana,2022,0.475924168,1588124.0,0.240333448,,0.27533550897000014
Brazil,2021,0.854033211,165349748.0,0.307715114,,0.3451036610299999
Brazil,2021,0.819784255,165349748.0,0.212264429,,0.33874601227
Bulgaria,2021,0.906857152,5933315.0,,,0.3218208711599996
Bulgaria,2021,0.738666174,5933315.0,,,0.2962465374699996
Burkina Faso,2021,0.43149292,12018028.0,0.29390011,,0.3143534069299998
Burkina Faso,2021,0.254991002,12018028.0,0.175454969,,0.18949772661000008
Cambodia,2021,0.400925461,11527565.0,,,0.4303956044
Cambodia,2021,0.233453776,11527565.0,,,0.44733877995
Cameroon,2021,0.634602381,15059599.0,0.521560781,,0.5063279780100003
Cameroon,2021,0.338855918,15059599.0,0.277981433,,0.26751672697000034
Canada,2021,0.998095496,31991096.0,,,0.16012196040000007
Canada,2021,0.99372127,31991096.0,,,0.17181169805000007
Chad,2022,0.236793874,8962706.0,0.13149997,,0.12804675630999982
Chad,2022,0.236091663,8962706.0,0.104886548,,0.12625609143999983
Chile,2021,0.87482081,15803947.0,,,0.3009952986900004
Chile,2021,0.864288191,15803947.0,,,0.2974319096100004
China,2021,0.924606238,1157739289.0,,,0.28841015743000026
China,2021,0.830814727,1157739289.0,,,0.26661457277000017
Colombia,2021,0.677428201,39661157.0,0.275041252,,0.29696191910000025
Colombia,2021,0.476721563,39661157.0,0.131570578,,0.15495614930999993
Comoros,2022,0.392006375,495193.0,,,0.2911971325899999
Comoros,2022,0.267967957,495193.0,,,0.28766797336999994
"Congo, Dem. Rep.",2022,0.338109671,51784116.0,0.288179263,,0.2704432353099999
"Congo, Dem. Rep.",2022,0.1788928,51784116.0,0.13466369,,0.13829901494000002
"Congo, Rep.",2021,0.562483733,3350070.0,0.430619111,,0.40954298267999995
"Congo, Rep.",2021,0.334793467,3350070.0,0.27348332,,0.2837319707000002
Costa Rica,2021,0.759278374,3990389.0,,,0.4801257762799995
Costa Rica,2021,0.572341412,3990389.0,,,0.49634418620000004
Cote d'Ivoire,2021,0.552585614,16718735.0,0.438033143,,0.4358185268799994
Cote d'Ivoire,2021,0.440101253,16718735.0,0.352790054,,0.34847942113
Croatia,2021,0.966893495,3348534.0,,,0.17310229224000007
Croatia,2021,0.844593938,3348534.0,,,0.24976128025999988
Cyprus,2021,0.947140869,1094549.0,,,0.17852845856000013
Cyprus,2021,0.90750839,1094549.0,,,0.15293286543000012
Czechia,2021,0.94986818,8985899.0,,,0.20403979563999997
Czechia,2021,0.948614342,8985899.0,,,0.20519247496999996
Denmark,2021,1.0,4880509.0,,,0.14683114441000014
Denmark,2021,1.0,4880509.0,,,0.14683114441000014
Dominican Republic,2021,0.595621021,7960918.0,,,0.13868008907000007
Dominican Republic,2021,0.388819501,7960918.0,,,0.17571093806625232
Ecuador,2021,0.675094162,12914981.0,,,0.16399268319000015
Ecuador,2021,0.591497121,12914981.0,,,0.17560279819000008
"Egypt, Arab Rep.",2021,0.323904892,72722825.0,,,0.14682842313000014
"Egypt, Arab Rep.",2021,0.199988255,72722825.0,,,0.15881525618000011
El Salvador,2021,0.443230999,4592875.0,0.140420901,,0.18648429754
El Salvador,2021,0.230837472,4592875.0,0.062158404,,0.17732960091
Estonia,2021,0.993222775,1110971.0,,,0.556093514069999
Estonia,2021,0.994582595,1110971.0,,,0.576711517939999
Eswatini,2022,0.694851741,779017.0,0.593868513,,0.5953399095099992
Eswatini,2022,0.612097727,779017.0,0.527791367,,0.5197314072699999
Ethiopia,2022,0.542817159,70814574.0,,,0.54824704727
Ethiopia,2022,0.346932354,70814574.0,,,0.4875082014099999
Finland,2021,1.0,4663598.0,,,0.5758163607699999
Finland,2021,0.988240978,4663598.0,,,0.5642280263300001
France,2021,0.99805449,55812045.0,,,0.49412869045000035
France,2021,0.984015681,55812045.0,,,0.3974543906800001
Gabon,2021,0.710252459,1467427.0,0.587756528,,0.5970855211299999
Gabon,2021,0.586120686,1467427.0,0.555112326,,0.5322511781399997
"Gambia, The",2022,0.358567806,1458016.0,,,0.6022203764700005
"Gambia, The",2022,0.287386767,1458016.0,,,0.44422502553
Georgia,2021,0.75861939,2940933.0,,,0.6640387065800006
Georgia,2021,0.624455596,2940933.0,,,0.6445841355700006
Germany,2021,1.0,71716499.0,,,0.6725015727900008
Germany,2021,0.999411107,71716499.0,,,0.6649973462300008
Ghana,2021,0.772024902,20017745.0,0.685272646,,0.6815958775600006
Ghana,2021,0.547194536,20017745.0,0.463769124,,0.4556269527800002
Greece,2021,0.970363177,9182577.0,,,0.2847403494500002
Greece,2021,0.916421798,9182577.0,,,0.2663990128900002
Guatemala,2022,0.390402645,11489738.0,,,0.2681817888
Guatemala,2022,0.338747906,11489738.0,,,0.29353640949000015
Guinea,2021,0.348859497,7735937.0,0.262825829,,0.2530079437700002
Guinea,2021,0.237648154,7735937.0,0.143435567,,0.14711041474999972
Honduras,2021,0.450331344,6863097.0,,,0.16316992806000008
Honduras,2021,0.269722905,6863097.0,,,0.2039254789000001
"Hong Kong SAR, China",2021,0.986919995,6637356.0,,,0.3891278558399999
"Hong Kong SAR, China",2021,0.964630769,6637356.0,,,0.18187583052999995
Hungary,2021,0.928504148,8330756.0,,,0.19069461025999995
Hungary,2021,0.812454721,8330756.0,,,0.15668578388000012
Iceland,2021,1.0,297833.0,,,0.16632018331000012
Iceland,2021,1.0,297833.0,,,0.16632018331000012
India,2021,0.77047704,1033092817.0,0.15160378,,0.14539951013000013
India,2021,0.782527604,1033092817.0,0.033442013,,0.09438633422000009
Indonesia,2021,0.549662961,203818030.0,,,0.17719223479000007
Indonesia,2021,0.46931382,203818030.0,,,0.19710810699000003
"Iran, Islamic Rep.",2021,0.917102032,66867932.0,0.146089674,,0.2149585724500001
"Iran, Islamic Rep.",2021,0.873955083,66867932.0,0.090513131,,0.1593745013999999
Iraq,2021,0.213177848,25903954.0,,,0.18263614975000025
Iraq,2021,0.144329295,25903954.0,,,0.19089117688000026
Ireland,2021,0.999132808,3983258.0,,,0.20025046691000026
Ireland,2021,0.992868412,3983258.0,,,0.19924105617000024
Israel,2021,0.955201827,6631697.0,,,0.1963677063699999
Israel,2021,0.890240294,6631697.0,,,0.17406439689000017
Italy,2021,0.989573123,51815239.0,,,0.3503170651900001
Italy,2021,0.947910261,51815239.0,,,0.2538360901881265
Jamaica,2021,0.770388434,2248537.0,0.165087097,,0.20145878081000013
Jamaica,2021,0.676887024,2248537.0,0.068832098,,0.1916652105300001
Japan,2021,0.985039309,110830955.0,,,0.18222650447812616
Japan,2021,0.984676065,110830955.0,,,0.18734152691812617
Jordan,2021,0.538513864,7296924.0,0.108407319,,0.12724100466999982
Jordan,2021,0.370123856,7296924.0,0.103881005,,0.14510251272999994
Kazakhstan,2021,0.80463169,13791287.0,,,0.6530244671999996
Kazakhstan,2021,0.820833316,13791287.0,,,0.6669476962899998
Kenya,2021,0.870200163,31704189.0,0.770743765,,0.7811896185486654
Kenya,2021,0.6744951,31704189.0,0.560261735,,0.5590469825399995
"Korea, Rep.",2021,0.998563595,45556455.0,,,0.19011200225000008
"Korea, Rep.",2021,0.968873922,45556455.0,,,0.3634190992
Kosovo,2021,0.62107815,1385580.0,,,0.19069459453999996
Kosovo,2021,0.518651462,1385580.0,,,0.16098384958999992
Kyrgyz Republic,2021,0.457642574,4515230.0,0.142902221,,0.15517796724999994
Kyrgyz Republic,2021,0.440891178,4515230.0,0.07131394,,0.1518220602599998
Lao PDR,2021,0.469877309,5024510.0,,,0.32355980597003653
Lao PDR,2021,0.228046669,5024510.0,,,0.4292781275700004
Latvia,2021,0.98326432,1596418.0,,,0.518994387647934
Latvia,2021,0.94055818,1596418.0,,,0.4933437413700006
Lebanon,2021,0.25931917,4108774.0,,,0.45711357069000047
Lebanon,2021,0.128548567,4108774.0,,,0.4871875840400004
Lesotho,2022,0.669614756,1434393.0,0.506008084,,0.5220383377000005
Lesotho,2022,0.586391557,1434393.0,0.387852158,,0.4422221362
Liberia,2021,0.579241617,3018782.0,0.427870953,,0.4291922517800003
Liberia,2021,0.421040693,3018782.0,0.264692161,,0.2683330808999997
Lithuania,2021,0.949877819,2372426.0,,,0.28090465552586813
Lithuania,2021,0.913343081,2372426.0,,,0.2674361406799999
Madagascar,2022,0.338802529,17259462.0,0.247425301,,0.2388270868199999
Madagascar,2022,0.149386778,17259462.0,0.104648781,,0.12262782964999994
Malawi,2021,0.491164202,11111253.0,0.398958431,,0.37254885146999994
Malawi,2021,0.330939711,11111253.0,0.260246567,,0.25492313490999985
Malaysia,2021,0.919659085,25769271.0,0.376963117,,0.36460094601000004
Malaysia,2021,0.829814604,25769271.0,0.133840416,,0.17082509613000008
Mali,2021,0.474852826,11438992.0,0.331920889,,0.3389605117999997
Mali,2021,0.375125069,11438992.0,0.236455008,,0.2505243587
Malta,2021,0.985062694,446624.0,,,0.12938836763999984
Malta,2021,0.933451681,446624.0,,,0.13576350553999986
Mauritania,2022,0.238712319,2584547.0,0.117790237,,0.12443757500000008
Mauritania,2022,0.228307099,2584547.0,0.077274677,,0.11596909171000007
Mauritius,2021,0.905099664,1058961.0,0.190967207,,0.1759943909299999
Mauritius,2021,0.905511383,1058961.0,0.110497306,,0.1412278457099998
Mexico,2022,0.602225062,93851214.0,0.239944489,,0.22417743243
Mexico,2022,0.320687284,93851214.0,0.093448975,,0.11842978873999987
Moldova,2021,0.707836383,2108305.0,,,0.4939154745599996
Moldova,2021,0.544318834,2108305.0,,,0.5902033846199999
Mongolia,2021,0.985657244,2237019.0,0.640524627,,0.6125208124499993
Mongolia,2021,0.982881158,2237019.0,0.509125228,,0.5488801253299999
Morocco,2021,0.513404859,26706787.0,,,0.38675368025999957
Morocco,2021,0.339329149,26706787.0,,,0.37441141892999963
Mozambique,2021,0.594723932,16874256.0,0.383917888,,0.41974868964999973
Mozambique,2021,0.344836365,16874256.0,0.158179922,,0.19812735793000003
Myanmar,2021,0.576526712,39685121.0,0.358390802,,0.3385012488596967
Myanmar,2021,0.329858552,39685121.0,0.18809365,,0.28974412393000004
Namibia,2021,0.81306739,1715314.0,0.53633816,,0.5302418194299997
Namibia,2021,0.563812129,1715314.0,0.260837445,,0.31451543523000003
Nepal,2021,0.602782073,20254590.0,,,0.39487398780000005
Nepal,2021,0.445530382,20254590.0,,,0.3485245110900001
Netherlands,2021,1.0,14717214.0,,,0.40446890176000017
Netherlands,2021,0.993316268,14717214.0,,,0.3886296442973645
New Zealand,2021,1.0,4122094.0,,,0.3609715448400001
New Zealand,2021,0.968748591,4122094.0,,,0.39967508420000003
Nicaragua,2021,0.291313768,4567953.0,,,0.3625245515200002
Nicaragua,2021,0.21356135,4567953.0,,,0.35641119841000024
Niger,2022,0.113647721,12328593.0,,,0.2787607252220931
Niger,2022,0.121684628,12328593.0,,,0.3399986335441864
Nigeria,2021,0.536824562,122350743.0,,,0.39207283914
Nigeria,2021,0.326924794,122350743.0,,,0.3956804530573643
North Macedonia,2021,0.903391205,1536653.0,,,0.40102690175
North Macedonia,2021,0.776908745,1536653.0,,,0.40167973583999994
Norway,2021,1.0,4453612.0,,,0.4103589459100001
Norway,2021,0.986795941,4453612.0,,,0.4080872423481262
Pakistan,2021,0.232122997,146030491.0,,,0.38820294530472876
Pakistan,2021,0.176113668,146030491.0,,,0.39243911303736445
Panama,2021,0.533290875,3160275.0,,,0.43320304908000007
Panama,2021,0.324129915,3160275.0,,,0.3791914729273644
Paraguay,2021,0.587917400008447,4679787.0,0.405696786,,0.39873455900000004
Paraguay,2021,0.478391116,4679787.0,0.333822615,,0.3205690117181261
Peru,2021,0.653974922,24463530.0,0.194515214,,0.20628186752999988
Peru,2021,0.45536394,24463530.0,0.066122733,,0.08276262912000008
Philippines,2021,0.627977305,77692157.0,0.286479069,,0.255261938211666
Philippines,2021,0.339873974,77692157.0,0.112270156,,0.13348844178999983
Poland,2021,0.969166821,32028961.0,,,0.3475346346099996
Poland,2021,0.939239233,32028961.0,,,0.35702113893999976
Portugal,2021,0.959988328,8923687.0,,,0.31171356707999937
Portugal,2021,0.87620248,8923687.0,,,0.32660190263999944
Romania,2021,0.770990845,16163817.0,,,0.40790697603000003
Romania,2021,0.571201072,16163817.0,,,0.33913736238999953
Russian Federation,2021,0.923204028,119582441.0,0.34696995,,0.37553451452999975
Russian Federation,2021,0.858112011,119582441.0,0.302959441,,0.3158087449081257
Saudi Arabia,2021,0.794305341,23509479.0,,,0.47976577771999973
Saudi Arabia,2021,0.666106333,23509479.0,,,0.46441770266999965
Senegal,2021,0.61135487,10017948.0,0.509239795,,0.5102971284199996
Senegal,2021,0.481770203,10017948.0,0.358028082,,0.36943075715
Serbia,2021,0.928377321,5915242.0,,,0.3163154694299998
Serbia,2021,0.842813625,5915242.0,,,0.2924425484099997
Sierra Leone,2021,0.342861359,4762478.0,0.233538339,,0.22454581005999993
Sierra Leone,2021,0.206725919,4762478.0,0.125581155,,0.13466078864000017
Singapore,2021,0.988799056,4993587.0,0.345899092,,0.32563709943586816
Singapore,2021,0.955489016,4993587.0,0.246082198,,0.25471716296380237
Slovak Republic,2021,0.98805618,4593346.0,,,0.4297613935089673
Slovak Republic,2021,0.908304833,4593346.0,,,0.302646755598638
Slovenia,2021,1.0,1784150.0,,,0.4069291936989674
Slovenia,2021,0.976174085,1784150.0,,,0.42414655766690146
South Africa,2021,0.903879137,44211052.0,0.433520835,,0.4471577361099996
South Africa,2021,0.77822227,44211052.0,0.26329354,,0.2559777598099998
South Sudan,2021,,6159568.0,,,0.5274178082800001
South Sudan,2021,,6159568.0,,,0.5274178082800001
Spain,2021,0.985429614,40639965.0,,,0.4530718947500001
Spain,2021,0.979309096,40639965.0,,,0.4701839113599998
Sri Lanka,2021,0.907189877,16803664.0,,,0.5395243082099994
Sri Lanka,2021,0.870790314,16803664.0,,,0.5221964373099997
Sweden,2021,1.0,8517166.0,,,0.5370771362299994
Sweden,2021,0.992210691,8517166.0,,,0.5076328740599997
Switzerland,2021,0.994940399,7337959.0,,,0.5048137657299998
Switzerland,2021,0.994864965,7337959.0,,,0.5048137657299998
"Taiwan, China",2021,0.958578085,20568066.0,,,0.39128912328
"Taiwan, China",2021,0.929848019,20568066.0,,,0.4845360541799999
Tajikistan,2021,0.403237486,6196225.0,,,0.47802175094999994
Tajikistan,2021,0.382291253,6196225.0,,,0.5017539237399997
Tanzania,2021,0.613692188,34527295.0,0.536878298,,0.5258583236399994
Tanzania,2021,0.390159801,34527295.0,0.309031833,,0.30840218765999994
Thailand,2021,0.941533914,60059109.0,0.672816828,,0.3880983231899999
Thailand,2021,0.976796914,60059109.0,0.492445335,,0.4974123481199995
Togo,2021,0.565835641,5137794.0,0.431580112,,0.4198446542800003
Togo,2021,0.39040294,5137794.0,0.263707969,,0.25839448013999966
Tunisia,2021,0.400714067,8970562.0,,,0.23023718920812614
Tunisia,2021,0.320202963,8970562.0,,,0.24548917863000017
Turkiye,2021,0.82526556,64398074.0,0.232598993,,0.22386000509999995
Turkiye,2021,0.613740974,64398074.0,0.107821805,,0.12250501474742435
Uganda,2021,0.75561354,24351947.0,0.645135107,,0.6468985770400008
Uganda,2021,0.513881763,24351947.0,0.376594253,,0.38169653679000026
Ukraine,2021,0.861205443,37851388.0,,,0.1712002502399997
Ukraine,2021,0.797302772,37851388.0,,,0.18575778089999978
United Arab Emirates,2021,0.872747568,7842387.0,0.149589996,,0.16508317449999982
United Arab Emirates,2021,0.833963853,7842387.0,0.106540968,,0.12112102297896683
United Kingdom,2021,0.998928571,55029201.0,,,0.33784344394000043
United Kingdom,2021,0.995684104,55029201.0,,,0.3401450057900005
United States,2021,0.974216006,270549658.0,,,0.3311941427500004
United States,2021,0.912456386,270549658.0,,,0.3408100818600004
Uruguay,2021,0.813431635,2725712.0,,,0.33048390067000033
Uruguay,2021,0.632294779,2725712.0,,,0.3486329491000005
Uzbekistan,2021,0.458833181,23599241.0,,,0.26270648181000017
Uzbekistan,2021,0.414951363,23599241.0,,,0.3037556771100004
"Venezuela, RB",2021,0.885171338,20527738.0,0.332737342,,0.32834918433000027
"Venezuela, RB",2021,0.782085438,20527738.0,0.258646901,,0.24517517467999977
Viet Nam,2022,0.666331942,74158712.0,0.227877046,,0.24160886765196912
Viet Nam,2022,0.406903784,74158712.0,0.06968545,,0.1269478502348482
West Bank and Gaza,2021,0.444020902,2915259.0,,,0.4761246651700003
West Bank and Gaza,2021,0.174399652,2915259.0,,,0.4830949767100003
"Yemen, Rep.",2022,0.154967084,21192335.0,,,0.5213207901600004
"Yemen, Rep.",2022,0.065049397,21192335.0,,,0.5226147780800007
Zambia,2021,0.589065245,10800121.0,0.534470456,,0.49762658416000044
Zambia,2021,0.329143886,10800121.0,0.238728895,,0.24619113266000014
Zimbabwe,2021,0.68276073,8977056.0,0.573238434,,0.5636652776326374
Zimbabwe,2021,0.469225338,8977056.0,0.405732405,,0.37181277531641826
Albania,2024,0.566571758,2278004.0,,0.895077808,0.5587354335300007
Albania,2024,0.301748782,2278004.0,,0.728308914,0.4729052947100001
Algeria,2024,0.37976993,32019804.0,,0.852111857,0.46704827202000027
Algeria,2024,0.312489637,32019804.0,,0.794499125,0.5560215418200005
Argentina,2024,0.864417641,35433130.0,0.614011013,0.902552818,0.5755114354981267
Argentina,2024,0.746649665,35433130.0,0.497144608,0.849253272,0.48910126988999975
Armenia,2024,0.762371412,2406318.0,0.203007347,0.898466311996375,0.2122433996999999
Armenia,2024,0.640431619,2406318.0,0.129285256,0.840217076,0.18416557811999976
Australia,2024,0.988062062,21852264.0,,0.960465719,0.22475545639000002
Australia,2024,0.968175014,21852264.0,,0.867038975,0.25759436869000013
Austria,2024,0.997193237,7825678.0,,0.943218825,0.23707733327999958
Austria,2024,0.991909687,7825678.0,,0.929504963,0.23342302212999988
Azerbaijan,2024,0.663794766,7885113.0,,0.888022572,0.23399286678812609
Azerbaijan,2024,0.411579115,7885113.0,,0.826691872,0.2602508899700001
Bahrain,2024,0.856405688,1277545.0,,0.985839369,0.2558068250300001
Bahrain,2024,0.773383121,1277545.0,,0.957759745,0.22421584069999995
Bangladesh,2024,0.481890552,122837439.0,0.236437843,0.537109942,0.23311015776999994
Bangladesh,2024,0.355467073,122837439.0,0.16232704,0.275964941,0.15541314676999973
Belgium,2024,0.979177344,9867164.0,,0.950500986,0.15266813224000017
Belgium,2024,0.987161846,9867164.0,,0.950284931,0.15338284557000006
Belize,2024,0.707706158,300138.0,0.163027247,0.869971797,0.13933713555000016
Belize,2024,0.637647609,300138.0,0.097119491,0.845907772,0.1132666124300001
Benin,2024,0.587139782,8207504.0,0.514055869,0.420958016,0.5153032173000007
Benin,2024,0.415027171,8207504.0,0.350411078,0.226756104,0.3553973672200002
Bolivia,2024,0.64379584,8553476.0,0.249322022,0.860911328,0.21951206005437868
Bolivia,2024,0.455603934,8553476.0,0.125512139,0.686705388,0.13354657072999981
Bosnia and Herzegovina,2024,0.821463468,2764009.0,,0.895534431,0.5767745679199989
Bosnia and Herzegovina,2024,0.703836262,2764009.0,,0.776054536,0.48828671179000027
Botswana,2024,0.693996817,1679590.0,0.608549002,0.599235175,0.5825281587099985
Botswana,2024,0.49437268,1679590.0,0.376932903,0.281598075,0.38292852075999967
Brazil,2024,0.918922107,169047814.0,0.645588672,0.886032951,0.6319558025200004
Brazil,2024,0.780975447,169047814.0,0.485584217,0.859640177,0.4634328765200004
Bulgaria,2024,0.894347564,5509377.0,,0.852702842,0.45366901490999934
Bulgaria,2024,0.77655005,5509377.0,,0.706677543,0.46274256672999925
Burkina Faso,2024,0.600238737,13262560.0,0.517231294,0.393418194,0.52256787144
Burkina Faso,2024,0.385347844,13262560.0,0.328103594,0.192788997,0.33766568905000016
Cambodia,2024,0.46319534,12177453.0,0.192197046,0.851536877,0.22523980463000018
Cambodia,2024,0.281273293,12177453.0,0.134036373,0.747955152,0.15996994610736462
Cameroon,2024,0.715008863,16524096.0,0.655139634,0.599787749,0.6465725975600004
Cameroon,2024,0.44891987,16524096.0,0.393522154,0.255930212,0.38766645975
Canada,2024,0.982605669,33960981.0,,0.957511928,0.1577948084200002
Canada,2024,0.986214335,33960981.0,,0.940074098,0.15459188625000025
Chad,2024,0.207856126,10289880.0,0.144309802,0.158165044,0.14479503130000024
Chad,2024,0.210676399,10289880.0,0.116917221,0.047141805,0.14591180379999985
Chile,2024,0.915259074,16241277.0,,0.909124895,0.4306114556499994
Chile,2024,0.753603236,16241277.0,,0.803791069,0.41249466213999947
China,2024,0.938015738,1176678702.0,,0.940039004,0.45452098511999944
China,2024,0.827432333,1176678702.0,,0.745530558,0.4350634544799994
Colombia,2024,0.664939467,41544122.0,0.477208915,0.857635886,0.46989835896999954
Colombia,2024,0.429248421,41544122.0,0.263005548,0.730824119,0.24498480339999978
Comoros,2024,0.524204684,532331.0,0.164773504,0.446151896,0.1811339848319196
Comoros,2024,0.350109004,532331.0,0.105160808,0.414752863,0.13348811284000026
"Congo, Dem. Rep.",2024,0.47662483,57033055.0,0.431408139,0.40335286,0.4281127846764177
"Congo, Dem. Rep.",2024,0.265410579,57033055.0,0.230841422,0.196982161,0.22817610409000008
"Congo, Rep.",2024,0.648105386,3655093.0,0.58977413,0.41739987,0.5764864343526385
"Congo, Rep.",2024,0.4170827,3655093.0,0.405013635,0.222447936,0.37706282871999997
Costa Rica,2024,0.77035552,4118576.0,,0.897000107,0.5722892357099991
Costa Rica,2024,0.628158144,4118576.0,,0.83908532,0.5399299302799995
Cote d'Ivoire,2024,0.669277521,18301587.0,0.621947963,0.554379909,0.6016371675505507
Cote d'Ivoire,2024,0.435262534,18301587.0,0.401611359,0.348852103,0.38882131734000036
Croatia,2024,0.95970947,3313982.0,,0.930697493,0.2623283367900002
Croatia,2024,0.876323883,3313982.0,,0.789227874,0.2751126125100003
Cyprus,2024,0.97430269,1129055.0,,0.919874697,0.34575996430000067
Cyprus,2024,0.94178047,1129055.0,,0.878371619,0.2109364037000001
Czechia,2024,0.967052054,9161251.0,,0.934792355,0.23385070260000027
Czechia,2024,0.856046021,9161251.0,,0.919103385,0.18780471920999994
Denmark,2024,0.992463887,5003352.0,,0.994905031,0.23124006465000024
Denmark,2024,0.977544566,5003352.0,,0.961980268,0.19668566785000025
Dominican Republic,2024,0.726289033,8281568.0,0.233989507,0.915347482,0.22230741218000016
Dominican Republic,2024,0.52950278,8281568.0,0.099059862,0.860275513,0.14231993806000015
Ecuador,2024,0.698771073,13484219.0,0.135344164,0.892229483,0.1506975199199998
Ecuador,2024,0.564453859,13484219.0,0.04909266,0.730477813,0.14274394426999995
"Egypt, Arab Rep.",2024,0.497821904,77385958.0,0.200326031,0.617755656,0.22323444900999992
"Egypt, Arab Rep.",2024,0.330809494,77385958.0,0.089496242,0.44517771,0.10785897825555
El Salvador,2024,0.558448627,4718943.0,,0.873708745,0.4103356478989673
El Salvador,2024,0.247330514,4718943.0,,0.710607105,0.4837111364300001
Estonia,2024,0.994701576,1151475.0,,0.990625928,0.5479303458500002
Estonia,2024,0.980471531,1151475.0,,0.944246646,0.49945421416
Eswatini,2024,0.722174467,816208.0,0.585659501,0.623843056,0.5927420393900004
Eswatini,2024,0.544790275,816208.0,0.381857529,0.354065849,0.3896129490184616
Ethiopia,2024,0.529919326,78031387.0,,0.188884431,0.5140147722300002
Ethiopia,2024,0.425762685,78031387.0,,0.061288295,0.6593305809900001
Finland,2024,0.997377296,4749954.0,,0.958757411,0.6407267088499998
Finland,2024,1.0,4749954.0,,0.909595722,0.6324995427699998
France,2024,0.995083961,56825584.0,,0.967108601,0.6252418670300002
France,2024,0.987136082,56825584.0,,0.959712188,0.6476015142800001
Gabon,2024,0.736690787,1573811.0,0.675083115,0.764284237,0.66351512061
Gabon,2024,0.599569791,1573811.0,0.528493794,0.571700753,0.5282260116999995
"Gambia, The",2024,0.406598827,1598990.0,0.20828538,0.715573466,0.22551305577999992
"Gambia, The",2024,0.344089976,1598990.0,0.164761581,0.547771228,0.15351258145000007
Georgia,2024,0.852884297,2933716.0,,0.872431879,0.7885201969499995
Georgia,2024,0.691241033,2933716.0,,0.737821556,0.7385149979899995
Germany,2024,0.981287844,71691113.0,,0.952074739,0.8350350319599987
Germany,2024,0.985525412,71691113.0,,0.948792255,0.8232494061599992
Ghana,2024,0.890315781,21563813.0,0.855771728,0.704451421,0.8491589186099994
Ghana,2024,0.695783204,21563813.0,0.673546273,0.312657463,0.6647832007399999
Greece,2024,0.94526658,8991800.0,,0.951545539,0.2214437762000002
Greece,2024,0.795975005,8991800.0,,0.852968992,0.2860914833262521
Guatemala,2024,0.448814148,12299923.0,,0.796910181,0.27954989332999997
Guatemala,2024,0.283362046,12299923.0,,0.58212844,0.3445796645699998
Guinea,2024,0.405177154,8464230.0,0.320406746,0.356239868,0.31186653306
Guinea,2024,0.293012687,8464230.0,0.164350947,0.240782764,0.18036459042000022
Honduras,2024,0.482404991,7345357.0,0.115911306,0.786847018,0.13337957185999982
Honduras,2024,0.337073036,7345357.0,0.098316783,0.701725906,0.10833237526000002
"Hong Kong SAR, China",2024,0.996574394,6729811.0,,0.957547267,0.35110132599999955
"Hong Kong SAR, China",2024,0.937664847,6729811.0,,0.776181328,0.2648662199199998
Hungary,2024,0.923576075,8202714.0,,0.957221043,0.24393329064000002
Hungary,2024,0.788623054,8202714.0,,0.835025293,0.2843989496281259
Iceland,2024,0.99758129,322325.0,,0.985405097,0.2828955177099999
Iceland,2024,1.0,322325.0,,0.992557057,0.3101819046399998
India,2024,0.908311711,1077731602.0,0.321073438,0.574079071,0.3075124059099998
India,2024,0.863166813,1077731602.0,0.095977622,0.28223519,0.10569566603000004
Indonesia,2024,0.615891425,211076339.0,0.285681428,0.762953778,0.2313102676600001
Indonesia,2024,0.484188045,211076339.0,0.121587297,0.616945575,0.1469590696699998
"Iran, Islamic Rep.",2024,0.9385934,69914781.0,0.153827122,0.842507607,0.3142206464143784
"Iran, Islamic Rep.",2024,0.868646774,69914781.0,0.096869157,0.673304227,0.18004477308000014
Iraq,2024,0.367811554,28355455.0,0.15744845,0.826974997,0.18840221446000033
Iraq,2024,0.202214446,28355455.0,0.060396589,0.6635914,0.09439717426999993
Ireland,2024,0.9780517,4298252.0,,0.955910997,0.22112439476437845
Ireland,2024,0.990245742,4298252.0,,0.936298757,0.26045182580999965
Israel,2024,0.952144131,7062352.0,,0.935044899,0.2399136925750181
Israel,2024,0.803519531,7062352.0,,0.749598426,0.26714217774999965
Italy,2024,0.885999559,51829051.0,,0.903484118,0.23230578021627118
Italy,2024,0.821215678,51829051.0,,0.880699979,0.2595267321812616
Japan,2024,0.990854185,110011344.0,,0.883631098,0.25388320132
Japan,2024,0.976785124,110011344.0,,0.757938767,0.25550726331999984
Jordan,2024,0.536178921,7867178.0,0.246450292,0.913042934,0.23272124828999977
Jordan,2024,0.357152731,7867178.0,0.144415795,0.862099225,0.16868219858250483
Kazakhstan,2024,0.895146093,14324777.0,0.480613054,0.888234919,0.49727797350000047
Kazakhstan,2024,0.833413415,14324777.0,0.500545539,0.87719603,0.4821454174700005
Kenya,2024,0.942665958,34616135.0,0.92245381,0.741737379,0.9193176468799986
Kenya,2024,0.838761641,34616135.0,0.803532907,0.39895669,0.7963842663699999
"Korea, Rep.",2024,0.986932212,46039322.0,0.71036751,0.964758324,0.5904882187199995
"Korea, Rep.",2024,0.941886846,46039322.0,0.43646594,0.716720028,0.2780704521500002
Kosovo,2024,0.624781676,1382360.0,,0.956171796,0.3434231111100003
Kosovo,2024,0.666871162,1382360.0,,0.961858017,0.34513920059000036
Kuwait,2024,0.816945446,3950546.0,,0.976988619,0.31080486021166687
Kuwait,2024,0.636048709,3950546.0,,0.93438933,0.17847224387000002
Kyrgyz Republic,2024,0.766989988,4780143.0,0.356564668,0.927912252,0.3526700604000002
Kyrgyz Republic,2024,0.65588805,4780143.0,0.240788007,0.908806884,0.261935629880328
Lao PDR,2024,0.505576529,5322750.0,0.162346194,0.800294791,0.22393403948000024
Lao PDR,2024,0.182733611,5322750.0,0.052388092,0.553570748,0.10847284326999991
Latvia,2024,0.971909689,1582835.0,,0.961872817,0.5363106201399995
Latvia,2024,0.916439398,1582835.0,,0.900738654,0.5249184287699995
Lebanon,2024,0.266905852,4231057.0,,0.963023303,0.5266764414199996
Lebanon,2024,0.175536565,4231057.0,,0.91025595,0.43779390925000017
Liberia,2024,0.583549855,3295997.0,0.546128976,0.373606479,0.5378697574199992
Liberia,2024,0.430083046,3295997.0,0.369106511,0.262677902,0.37145378644999943
Libya,2024,0.351818772,5262910.0,,0.841747285,0.2954973556600003
Libya,2024,0.300230794,5262910.0,,0.750069929,0.29746309018
Lithuania,2024,0.997989893,2444088.0,,0.930291464,0.3620553755900003
Lithuania,2024,0.977831158,2444088.0,,0.828846913,0.35466693344000005
Madagascar,2024,0.313389341,18851036.0,0.26128513,0.156771188,0.25538377328
Madagascar,2024,0.141117475,18851036.0,0.091896586,0.041398287,0.14453145274000018
Malawi,2024,0.585605304,12384937.0,0.558082154,0.232224963,0.5315272750799993
Malawi,2024,0.380829684,12384937.0,0.347852431,0.164249177,0.34782087197999983
Malaysia,2024,0.931284043,27297352.0,0.553540558,0.93503928,0.5282880589500005
Malaysia,2024,0.820441783,27297352.0,0.282490518,0.769803208,0.23032025489515487
Mali,2024,0.609026765,12725942.0,0.556784806,0.491182269,0.5534784670700009
Mali,2024,0.454853738,12725942.0,0.374225293,0.412730414,0.38122276359999985
Malta,2024,0.986438218,480050.0,,0.955596732,0.12933103318999983
Malta,2024,0.934254898,480050.0,,0.884552864,0.13213372760999978
Mauritania,2024,0.29308038,2860979.0,,0.653643905,0.1338837968799997
Mauritania,2024,0.243259402,2860979.0,,0.51402644,0.12486844675000003
Mauritius,2024,0.917740754,1070318.0,0.13628251,0.774400956,0.12814552280999997
Mauritius,2024,0.863341062,1070318.0,0.048738416,0.767636189,0.060622294559999984
Mexico,2024,0.619710694,97411242.0,0.141202486,0.826320852,0.2055457642599999
Mexico,2024,0.396044369,97411242.0,0.049052016,0.698481326,0.07513907306507865
Moldova,2024,0.635385507,1966418.0,,0.840984928,0.6055673080299996
Moldova,2024,0.435496378,1966418.0,,0.705331475,0.44750397819000015
Mongolia,2024,0.988664095,2344987.0,0.678960155,0.89949758,0.6680877425199994
Mongolia,2024,0.973968424,2344987.0,0.582301126,0.822774519,0.5773060602599993
Montenegro,2024,0.812114792,503215.0,,0.847520538,0.5105333308499993
Montenegro,2024,0.667159777,503215.0,,0.824068874,0.4059986102899996
Morocco,2024,0.464830016,27893979.0,,0.724877648,0.2844657480799999
Morocco,2024,0.412388909,27893979.0,,0.531833399,0.5264496149699993
Mozambique,2024,0.670790731,18581790.0,0.571097753,0.364799621,0.5808134758099992
Mozambique,2024,0.353078695,18581790.0,0.286048395,0.130197769,0.2891417618500005
Namibia,2024,0.815282446,1858089.0,0.56896321,0.673708157,0.5708843308999996
Namibia,2024,0.599327544,1858089.0,0.357034552,0.398710887,0.4694714098399999
Nepal,2024,0.646403454,21168213.0,0.136035471,0.566004595,0.13835749135999983
Nepal,2024,0.530095282,21168213.0,0.060482408,0.404004601,0.08073726706000009
Netherlands,2024,0.997758337,15164931.0,,0.97238478,0.3684245895299999
Netherlands,2024,0.982593268,15164931.0,,0.939158514,0.36074478815999983
New Zealand,2024,0.985665617,4263369.0,,0.961885929,0.35349983713999966
New Zealand,2024,0.968077986,4263369.0,,0.943434759,0.3664682294200001
Nicaragua,2024,0.260566215,4830854.0,,0.827489981,0.3632868956099999
Nicaragua,2024,0.195936528,4830854.0,,0.626820712,0.3497510795299997
Niger,2024,0.13052727,13873697.0,,0.179792586,0.3634399015768219
Niger,2024,0.175059704,13873697.0,,0.119007211,0.36895424014999983
Nigeria,2024,0.742769863,133329232.0,0.400399067,0.445268217,0.4011116087600002
Nigeria,2024,0.467443881,133329232.0,0.219212905,0.275609246,0.24255778462999966
North Macedonia,2024,0.88150262,1515847.0,,0.87255857,0.25136450828000023
North Macedonia,2024,0.783945633,1515847.0,,0.77062563,0.29962738800000066
Norway,2024,0.991120207,4608487.0,,0.9852768,0.26929088104000043
Norway,2024,0.977236874,4608487.0,,0.976735671,0.2297010006100002
Oman,2024,0.709499197,3775451.0,,0.944184573,0.2572979842900004
Oman,2024,0.67415018,3775451.0,,0.895743117,0.2522717786750186
Pakistan,2024,0.364061625,155833628.0,0.256203931,0.449977302,0.2170527940550785
Pakistan,2024,0.136062538,155833628.0,0.074445238,0.216750696,0.17426794138736448
Panama,2024,0.765155782,3331755.0,0.502039899,0.856411512,0.47372050277000083
Panama,2024,0.454815776,3331755.0,0.198439433,0.59324025,0.20936200119000023
Paraguay,2024,0.681355834,4874331.0,0.412431531,0.910503051,0.40475597978000016
Paraguay,2024,0.500776335,4874331.0,0.279982282,0.730226566,0.28181052855999966
Peru,2024,0.690577749,25601447.0,0.540667372,0.860086069974834,0.47438573924000066
Peru,2024,0.446241136,25601447.0,0.250673147,0.663092158,0.24744923656000015
Philippines,2024,0.606849095,82023644.0,0.383535481,0.795987858,0.3107376595599996
Philippines,2024,0.344399006,82023644.0,0.144798761,0.573867,0.1530075666900001
Poland,2024,0.901625577,31148749.0,,0.827932123,0.3546921202899994
Poland,2024,0.80082156,31148749.0,,0.780835915,0.3654447126299997
Portugal,2024,0.938593786,9214262.0,,0.890601901,0.3392532574799996
Portugal,2024,0.876983758,9214262.0,,0.822410614,0.3417571065299995
Romania,2024,0.819551402,16033507.0,,0.82806649,0.35264225913999964
Romania,2024,0.554182775,16033507.0,,0.68144714,0.3326755857800001
Russian Federation,2024,0.851523933,118635010.0,,0.958420952,0.38664628474999957
Russian Federation,2024,0.706261391,118635010.0,,0.886045522,0.34927937748999954
Saudi Arabia,2024,0.816639368,25248449.0,0.372714695,0.990470807,0.38208364364000025
Saudi Arabia,2024,0.746153434,25248449.0,0.353482862,0.992341146,0.3410594986600001
Senegal,2024,0.814368884,11094279.0,0.75696781,0.794112895,0.7501154788717938
Senegal,2024,0.689944361,11094279.0,0.537319569,0.561330414,0.5647261068326371
Serbia,2024,0.886506363,5672737.0,,0.848638461,0.37714862160812634
Serbia,2024,0.751389894,5672737.0,,0.707693861,0.3901645091099997
Sierra Leone,2024,0.460586414,5200533.0,0.3858867,0.403546172,0.3890212858955286
Sierra Leone,2024,0.274565691,5200533.0,0.226004896,0.213431066,0.20714175865999995
Singapore,2024,0.994491242,5220107.0,0.605778867,0.967512599,0.5839839409499996
Singapore,2024,0.957614658,5220107.0,0.503211046,0.872241999,0.4587255550900361
Slovak Republic,2024,0.95682965,4563499.0,,0.923967583,0.36931681570000036
Slovak Republic,2024,0.870148494,4563499.0,,0.8083177,0.34751515927000043
Slovenia,2024,0.991895166,1803880.0,,0.896596853,0.35903911944793426
Slovenia,2024,0.980833524,1803880.0,,0.844145841,0.39528182511000004
South Africa,2024,0.848469759,46723498.0,0.367119158,0.774210087,0.3629342128699997
South Africa,2024,0.742156415,46723498.0,0.221728993,0.5138743,0.2400040751899998
Spain,2024,0.981305693,41937630.0,,0.973682728,0.1825297713800002
Spain,2024,0.98757347,41937630.0,,0.952457803,0.19186879987000008
Sri Lanka,2024,0.826966068,17109247.0,,0.529251873,0.1948788882000001
Sri Lanka,2024,0.801862322,17109247.0,,0.280344222,0.1801223323100002
Sweden,2024,0.99863252,8719085.0,,0.998898646,0.19666696139999995
Sweden,2024,0.966188778,8719085.0,,0.959573991,0.20668594980000005
Switzerland,2024,0.984989382,7553903.0,,0.957559969,0.19105524272000007
Switzerland,2024,0.982819631,7553903.0,,0.923755968,0.22895513054000008
"Taiwan, China",2024,0.983260892,20437095.0,,0.960713529,0.18670277312
"Taiwan, China",2024,0.91561596,20437095.0,,0.814602366,0.26606346423999994
Tajikistan,2024,0.575514616,6596875.0,0.197862023,0.713764724,0.21750879293
Tajikistan,2024,0.499650557,6596875.0,0.063852793,0.491923045,0.10416042892000002
Tanzania,2024,0.657966604,38155970.0,0.589381842,0.253135187,0.5880292678800008
Tanzania,2024,0.50851909,38155970.0,0.437053469,0.131015308,0.46322746089000033
Thailand,2024,0.922500729,60882768.0,0.511292294,0.913306108,0.4790045256800004
Thailand,2024,0.91185615,60882768.0,0.27461158,0.774338745,0.27907886180999963
Togo,2024,0.665981569,5593530.0,0.575935218,0.540777318,0.5820121779079134
Togo,2024,0.436513631,5593530.0,0.33553918,0.281313986,0.34730879336641834
Trinidad and Tobago,2024,0.750028438,1120989.0,,0.860819116,0.11527841088999997
Trinidad and Tobago,2024,0.739723507,1120989.0,,0.859112257,0.23211045650999984
Tunisia,2024,0.48615022,9219268.0,,0.778687779,0.27032399071999974
Tunisia,2024,0.216558128,9219268.0,,0.531308291,0.2626754948950784
Turkiye,2024,0.855567256,66691005.0,0.290980408,0.884375589,0.2779351674568833
Turkiye,2024,0.755367583,66691005.0,0.146382925,0.860432676,0.19572581523999993
Uganda,2024,0.767587317,27277834.0,0.727589803,0.475754616,0.7197265990000006
Uganda,2024,0.668868869,27277834.0,0.601517724,0.241009086,0.6042590489699993
Ukraine,2024,0.916087601,32338724.0,,0.977082006,0.37577223060000003
Ukraine,2024,0.815206323,32338724.0,,0.907760992,0.3706076969199998
United Kingdom,2024,0.988073284,56450851.0,,0.969324466,0.32571036763999983
United Kingdom,2024,1.0,56450851.0,,0.949874162,0.38241261442999985
United States,2024,0.979827961,275987833.0,,0.989097012,0.36322688926999974
United States,2024,0.955767682,275987833.0,,0.961443637,0.39235909352000015
Uruguay,2024,0.809982572,2755004.0,,0.926561879,0.3798491851999999
Uruguay,2024,0.628504097,2755004.0,,0.893141434,0.38254010456000015
Uzbekistan,2024,0.582973903,24646062.0,,0.780883989,0.3915573138200001
Uzbekistan,2024,0.616991329,24646062.0,,0.671879612,0.38002093357
"Venezuela, RB",2024,0.892479408,20899114.0,0.40487902,0.924917116,0.39588154260999997
"Venezuela, RB",2024,0.844291999,20899114.0,0.236346634,0.847864431,0.2708278477000001
Viet Nam,2024,0.85486253,76663207.0,0.496406088,0.965962769,0.4934742277381264
Viet Nam,2024,0.481091971,76663207.0,0.223192959,0.747717482,0.23633348925999992
West Bank and Gaza,2024,0.439652343,3183655.0,,0.952751833,0.5484799445299999
West Bank and Gaza,2024,0.331063553,3183655.0,,0.922962877,0.6998614323800001
Zambia,2024,0.81948049,12029200.0,0.794271842,0.523660916,0.7776356858299998
Zambia,2024,0.587956699,12029200.0,0.540941748,0.18545688,0.5288904867699997
Zimbabwe,2024,0.570495586,9588258.0,0.4941243,0.423385794,0.50251902121
Zimbabwe,2024,0.382144157,9588258.0,0.341983782,0.155777001,0.35138246200000006
Albania,2011,0.287292586,2281010.0,,,0.1987608419999998
Albania,2011,0.26403657,2281010.0,,,0.1987608419999998
Algeria,2011,0.398755572,26251587.0,,,0.19876084199999977
Algeria,2011,0.202971325,26251587.0,,,0.19876084199999977
Angola,2011,0.443138131,12779501.0,,,0.19876084199999977
Angola,2011,0.304581974,12779501.0,,,0.19876084199999977
Argentina,2011,0.383509965,30685516.0,,,0.1987608419999998
Argentina,2011,0.155354047,30685516.0,,,0.1987608419999998
Armenia,2011,0.186043743,2457011.0,,,0.1987608419999998
Armenia,2011,0.138532414,2457011.0,,,0.19876084199999983
Australia,2011,0.991180767,17830548.0,,,0.19876084199999977
Australia,2011,0.987611337,17830548.0,,,0.19876084199999977
Austria,2011,0.977435483,7123870.0,,,0.19876084199999977
Austria,2011,0.925412912,7123870.0,,,0.19876084199999977
Azerbaijan,2011,0.185607187,7034188.0,,,0.1987608419999998
Azerbaijan,2011,0.04507345,7034188.0,,,0.19876084199999988
Bahrain,2011,0.729991234,978145.0,,,0.19876084199999983
Bahrain,2011,0.414045221,978145.0,,,0.19876084199999983
Bangladesh,2011,0.367621347,100376575.0,,,0.19876084199999977
Bangladesh,2011,0.203189773,100376575.0,,,0.19876084199999977
Belarus,2011,0.622554762,8075665.0,,,0.1987608419999998
Belarus,2011,0.41672662,8075665.0,,,0.1987608419999998
Belgium,2011,0.974420797,9049843.0,,,0.19876084199999977
Belgium,2011,0.896595265,9049843.0,,,0.19876084199999977
Benin,2011,0.148372843,5496491.0,,,0.19876084199999977
Benin,2011,0.028369985,5496491.0,,,0.19876084199999983
Bolivia,2011,0.320088183,6675907.0,,,0.19876084199999977
Bolivia,2011,0.194003244,6675907.0,,,0.19876084199999977
Bosnia and Herzegovina,2011,0.580815092,3217823.0,,,0.1987608419999998
Bosnia and Herzegovina,2011,0.464023128,3217823.0,,,0.1987608419999998
Botswana,2011,0.352054994,1340324.0,,,0.1987608419999998
Botswana,2011,0.203047424,1340324.0,,,0.1987608419999998
Brazil,2011,0.61985263,145842533.0,,,0.1987608419999998
Brazil,2011,0.363426948,145842533.0,,,0.1987608419999998
Bulgaria,2011,0.5406442,6400381.0,,,0.1987608419999998
Bulgaria,2011,0.452329799,6400381.0,,,0.1987608419999998
Burkina Faso,2011,0.173811159,8802362.0,,,0.19876084199999977
Burkina Faso,2011,0.057270206,8802362.0,,,0.19876084199999983
Cameroon,2011,0.196929045,11072780.0,,,0.19876084199999977
Cameroon,2011,0.054548266,11072780.0,,,0.19876084199999983
Canada,2011,0.967129284,28373521.0,,,0.19876084199999977
Canada,2011,0.907250575,28373521.0,,,0.19876084199999977
Chile,2011,0.431086697,13480066.0,,,0.19876084199999977
Chile,2011,0.389117107,13480066.0,,,0.19876084199999977
China,2011,0.63545725,1090576711.0,,,0.1987608419999998
China,2011,0.652909654,1090576711.0,,,0.1987608419999998
Colombia,2011,0.363792877,32481705.0,,,0.1987608419999998
Colombia,2011,0.127720874,32481705.0,,,0.1987608419999998
Comoros,2011,0.290370892,382348.0,,,0.19876084199999983
Comoros,2011,0.069971288,382348.0,,,0.19876084199999994
"Congo, Rep.",2011,0.130634909,2658255.0,,,0.1987608419999998
"Congo, Rep.",2011,0.045848102,2658255.0,,,0.19876084199999988
Costa Rica,2011,0.52247779,3423771.0,,,0.1987608419999998
Costa Rica,2011,0.450164036,3423771.0,,,0.1987608419999998
Croatia,2011,0.904552818,3638504.0,,,0.1987608419999998
Croatia,2011,0.752768644,3638504.0,,,0.1987608419999998
Cyprus,2011,0.875761602,936237.0,,,0.19876084199999983
Cyprus,2011,0.768113822,936237.0,,,0.19876084199999983
Czechia,2011,0.847021442,8965818.0,,,0.19876084199999977
Czechia,2011,0.55653783,8965818.0,,,0.19876084199999977
Denmark,2011,0.997836261,4549535.0,,,0.1989795088199998
Denmark,2011,0.994716008,4549535.0,,,0.1987608419999998
Djibouti,2011,0.15908158,591971.0,,,0.19876084199999983
Djibouti,2011,0.044812001,591971.0,,,0.1987608419999999
Dominican Republic,2011,0.415296745,6788648.0,,,0.1987608419999998
Dominican Republic,2011,0.283014137,6788648.0,,,0.1987608419999998
Ecuador,2011,0.406003353,10352753.0,,,0.1987608419999998
Ecuador,2011,0.261196939,10352753.0,,,0.1987608419999998
El Salvador,2011,0.152175963,4126198.0,,,0.1989856654999998
El Salvador,2011,0.099620986,4126198.0,,,0.19898566549999985
Estonia,2011,0.98003666,1128611.0,,,0.1987608419999998
Estonia,2011,0.9082595,1128611.0,,,0.1987608419999998
Eswatini,2011,0.331061133,680317.0,,,0.19876084199999983
Eswatini,2011,0.207716854,680317.0,,,0.19876084199999983
Finland,2011,0.996031517,4475337.0,,,0.1989795088199998
Finland,2011,1.0,4475337.0,,,0.19795555594999978
France,2011,0.988901854,52976120.0,,,0.19876084199999977
France,2011,0.856715875,52976120.0,,,0.19876084199999977
Gabon,2011,0.22872549,1077711.0,,,0.1987608419999998
Gabon,2011,0.10867649,1077711.0,,,0.19876084199999983
Georgia,2011,0.376352464,3084171.0,,,0.1987608419999998
Georgia,2011,0.132828465,3084171.0,,,0.1987608419999998
Germany,2011,0.98467892,70576834.0,,,0.19876084199999977
Germany,2011,0.960428072,70576834.0,,,0.19876084199999977
Ghana,2011,0.307486712,15512209.0,,,0.19876084199999977
Ghana,2011,0.265399205,15512209.0,,,0.19876084199999977
Greece,2011,0.833417102,9493929.0,,,0.19876084199999977
Greece,2011,0.470617732,9493929.0,,,0.19876084199999977
Guatemala,2011,0.226284005,8804525.0,,,0.1987608419999998
Guatemala,2011,0.217326862,8804525.0,,,0.1987608419999998
Haiti,2011,0.306849812,6250015.0,,,0.19876084199999977
Haiti,2011,0.06241689,6250015.0,,,0.19876084199999983
Honduras,2011,0.221926145,5181064.0,,,0.19876084199999977
Honduras,2011,0.171805411,5181064.0,,,0.19876084199999977
"Hong Kong SAR, China",2011,0.905040757,6165173.0,,,0.19876084199999977
"Hong Kong SAR, China",2011,0.796999725,6165173.0,,,0.19876084199999977
Hungary,2011,0.763521023,8529919.0,,,0.19876084199999977
Hungary,2011,0.510157496,8529919.0,,,0.19876084199999977
India,2011,0.380260608,853745004.0,,,0.19876084199999977
India,2011,0.2730086,853745004.0,,,0.19876084199999977
Indonesia,2011,0.217098269,177530453.0,,,0.19876084199999977
Indonesia,2011,0.128239231,177530453.0,,,0.1987608419999998
"Iran, Islamic Rep.",2011,0.760375003,59270231.0,,,0.19876084199999977
"Iran, Islamic Rep.",2011,0.679422485,59270231.0,,,0.19876084199999977
Iraq,2011,0.118395864,18241367.0,,,0.1987608419999998
Iraq,2011,0.070617424,18241367.0,,,0.19876084199999983
Ireland,2011,0.953337481,3598499.0,,,0.20307037062999977
Ireland,2011,0.880824634,3598499.0,,,0.1987608419999998
Israel,2011,0.952296813,5491153.0,,,0.19876084199999977
Israel,2011,0.737456097,5491153.0,,,0.19876084199999977
Italy,2011,0.765545694,50957209.0,,,0.19876084199999977
Italy,2011,0.317547315,50957209.0,,,0.19876084199999977
Jamaica,2011,0.734083587,2007871.0,,,0.1989795088199998
Jamaica,2011,0.629842058,2007871.0,,,0.1987608419999998
Japan,2011,0.979460526,110945852.0,,,0.19876084199999977
Japan,2011,0.858536832,110945852.0,,,0.19876084199999977
Jordan,2011,0.348447195,4670454.0,,,0.1987608419999998
Jordan,2011,0.114777112,4670454.0,,,0.19876084199999983
Kazakhstan,2011,0.473758305,12564991.0,,,0.1987608419999998
Kazakhstan,2011,0.26745356,12564991.0,,,0.1987608419999998
Kenya,2011,0.435345764,23450849.0,,,0.19876084199999977
Kenya,2011,0.402718556,23450849.0,,,0.19876084199999977
"Korea, Rep.",2011,0.964027949,41432826.0,,,0.19876084199999977
"Korea, Rep.",2011,0.84087767,41432826.0,,,0.19876084199999977
Kosovo,2011,0.476998334,1287712.0,,,0.1987608419999998
Kosovo,2011,0.335204347,1287712.0,,,0.1987608419999998
Kuwait,2011,0.913138707,2266476.0,,,0.1987608419999998
Kuwait,2011,0.736063596,2266476.0,,,0.1987608419999998
Lao PDR,2011,0.284775254,4035423.0,,,0.1989795088199998
Lao PDR,2011,0.229701927,4035423.0,,,0.19887325374999978
Latvia,2011,0.92073468,1800178.0,,,0.1987608419999998
Latvia,2011,0.788573329,1800178.0,,,0.1987608419999998
Lebanon,2011,0.418053895,3709897.0,,,0.1987608419999998
Lebanon,2011,0.227162907,3709897.0,,,0.1987608419999998
Lesotho,2011,0.205352363,1266790.0,,,0.1987608419999998
Lesotho,2011,0.138858751,1266790.0,,,0.1987608419999998
Liberia,2011,0.210961558,2309936.0,,,0.1987608419999998
Liberia,2011,0.148213528,2309936.0,,,0.1987608419999998
Lithuania,2011,0.802625581,2635099.0,,,0.1987608419999998
Lithuania,2011,0.439865947,2635099.0,,,0.1987608419999998
Luxembourg,2011,0.96854427,417441.0,,,0.19876084199999983
Luxembourg,2011,0.839841855,417441.0,,,0.19876084199999983
Malawi,2011,0.201535709,7972899.0,,,0.19876084199999977
Malawi,2011,0.102690621,7972899.0,,,0.1987608419999998
Malaysia,2011,0.701204263,20649116.0,,,0.1987608419999998
Malaysia,2011,0.570914584,20649116.0,,,0.1987608419999998
Malta,2011,0.966174051,351508.0,,,0.19876084199999983
Malta,2011,0.887041881,351508.0,,,0.19876084199999983
Mauritania,2011,0.208246941,1903527.0,,,0.1987608419999998
Mauritania,2011,0.106622419,1903527.0,,,0.19876084199999983
Mauritius,2011,0.818305521,986634.0,,,0.19876084199999983
Mauritius,2011,0.731306574,986634.0,,,0.19876084199999983
Mexico,2011,0.270201587,79795751.0,,,0.1987608419999998
Mexico,2011,0.285709103,79795751.0,,,0.1987608419999998
Moldova,2011,0.182787666,2361620.0,,,0.1987608419999998
Moldova,2011,0.173669791,2361620.0,,,0.1987608419999998
Mongolia,2011,0.798451404,1973485.0,,,0.1987608419999998
Mongolia,2011,0.733515615,1973485.0,,,0.1987608419999998
Montenegro,2011,0.562276902,500343.0,,,0.19876084199999988
Montenegro,2011,0.290152761,500343.0,,,0.19876084199999988
Nepal,2011,0.265681687,17498633.0,,,0.19876084199999977
Nepal,2011,0.236472342,17498633.0,,,0.19876084199999977
Netherlands,2011,0.985258135,13694510.0,,,0.19876084199999977
Netherlands,2011,0.998135965,13694510.0,,,0.19876084199999977
New Zealand,2011,0.996058193,3443024.0,,,0.1993105873899998
New Zealand,2011,0.986689064,3443024.0,,,0.1993105873899998
Nicaragua,2011,0.17129014,3774402.0,,,0.1987608419999998
Nicaragua,2011,0.082743496,3774402.0,,,0.19876084199999983
Nigeria,2011,0.338085532,92621676.0,,,0.19876084199999977
Nigeria,2011,0.214764731,92621676.0,,,0.19876084199999977
North Macedonia,2011,0.744229397,1569860.0,,,0.1987608419999998
North Macedonia,2011,0.706827065,1569860.0,,,0.1987608419999998
Oman,2011,0.764664647,1989124.0,,,0.1987608419999998
Oman,2011,0.680399155,1989124.0,,,0.1987608419999998
Pakistan,2011,0.114478903,120857470.0,,,0.1987608419999998
Pakistan,2011,0.079549107,120857470.0,,,0.1987608419999998
Panama,2011,0.279882934,2569368.0,,,0.1987608419999998
Panama,2011,0.154077782,2569368.0,,,0.1987608419999998
Paraguay,2011,0.247273455,3870412.0,,,0.1987608419999998
Paraguay,2011,0.145508823,3870412.0,,,0.1987608419999998
Peru,2011,0.22702638,20570757.0,,,0.1987608419999998
Peru,2011,0.144673371,20570757.0,,,0.1987608419999998
Philippines,2011,0.297500335,62034866.0,,,0.19876084199999977
Philippines,2011,0.183441471,62034866.0,,,0.19876084199999977
Poland,2011,0.753172993,32308457.0,,,0.19876084199999977
Poland,2011,0.478273814,32308457.0,,,0.19876084199999977
Portugal,2011,0.821312467,8967347.0,,,0.19876084199999977
Portugal,2011,0.751283769,8967347.0,,,0.19876084199999977
Qatar,2011,0.663440667,1392286.0,,,0.1987608419999998
Qatar,2011,0.641141398,1392286.0,,,0.1987608419999998
Romania,2011,0.462188802,17058580.0,,,0.19876084199999977
Romania,2011,0.37042849,17058580.0,,,0.19876084199999977
Russian Federation,2011,0.518357322,121177141.0,,,0.1987608419999998
Russian Federation,2011,0.328140302,121177141.0,,,0.1987608419999998
Rwanda,2011,0.398800621,5941330.0,,,0.19876084199999977
Rwanda,2011,0.178143701,5941330.0,,,0.19876084199999977
Saudi Arabia,2011,0.568276434,17354530.0,,,0.19876084199999977
Saudi Arabia,2011,0.266778754,17354530.0,,,0.19876084199999977
Serbia,2011,0.675795804,6237019.0,,,0.1987608419999998
Serbia,2011,0.289301684,6237019.0,,,0.1987608419999998
Sierra Leone,2011,0.175020603,3534329.0,,,0.1987608419999998
Sierra Leone,2011,0.107838614,3534329.0,,,0.19876084199999983
Singapore,2011,0.989549563,4359214.0,,,0.1989795088199998
Singapore,2011,0.947077488,4359214.0,,,0.1987608419999998
Slovak Republic,2011,0.834787957,4557830.0,,,0.1987608419999998
Slovak Republic,2011,0.594804478,4557830.0,,,0.1987608419999998
Slovenia,2011,0.968737843,1758964.0,,,0.1989795088199998
Slovenia,2011,0.984530486,1758964.0,,,0.1987608419999998
South Africa,2011,0.590952564,36953226.0,,,0.1987608419999998
South Africa,2011,0.407610329,36953226.0,,,0.1987608419999998
Spain,2011,0.956390457,39626900.0,,,0.19876084199999977
Spain,2011,0.783849194,39626900.0,,,0.19876084199999977
Sri Lanka,2011,0.684714794,15571720.0,,,0.19876084199999977
Sri Lanka,2011,0.687159056,15571720.0,,,0.19876084199999977
Sweden,2011,0.993204967,7820937.0,,,0.19876084199999977
Sweden,2011,0.960769889,7820937.0,,,0.19876084199999977
Syrian Arab Republic,2011,0.237488068,14356499.0,,,0.19876084199999977
Syrian Arab Republic,2011,0.222464358,14356499.0,,,0.19876084199999977
"Taiwan, China",2011,0.907870452,19429474.0,,,0.19876084199999977
"Taiwan, China",2011,0.723406629,19429474.0,,,0.19876084199999977
Tanzania,2011,0.193626113,24470055.0,,,0.19876084199999977
Tanzania,2011,0.13456703,24470055.0,,,0.1987608419999998
Thailand,2011,0.754424072,54766867.0,,,0.1987608419999998
Thailand,2011,0.593428903,54766867.0,,,0.1987608419999998
Togo,2011,0.118729246,3932998.0,,,0.1991981756399998
Togo,2011,0.068126444,3932998.0,,,0.1991981756399998
Trinidad and Tobago,2011,0.743233735,1050120.0,,,0.1987608419999998
Trinidad and Tobago,2011,0.803274876,1050120.0,,,0.1987608419999998
Turkiye,2011,0.618999364,54201890.0,,,0.1987608419999998
Turkiye,2011,0.437528463,54201890.0,,,0.1987608419999998
Uganda,2011,0.262182801,16363076.0,,,0.19876084199999977
Uganda,2011,0.123869481,16363076.0,,,0.1987608419999998
Ukraine,2011,0.404821988,39900312.0,,,0.19876084199999977
Ukraine,2011,0.451661502,39900312.0,,,0.19876084199999977
United Arab Emirates,2011,0.73274681,5710622.0,,,0.19876084199999977
United Arab Emirates,2011,0.263195493,5710622.0,,,0.19876084199999977
United Kingdom,2011,0.979548977,51619966.0,,,0.19876084199999977
United Kingdom,2011,0.910408256,51619966.0,,,0.19876084199999977
United States,2011,0.902882069,248390172.0,,,0.1982585950899998
United States,2011,0.761346082,248390172.0,,,0.1982585950899998
Uruguay,2011,0.261827259,2578893.0,,,0.1987608419999998
Uruguay,2011,0.123668651,2578893.0,,,0.1987608419999998
Uzbekistan,2011,0.260058519,20171292.0,,,0.19876084199999977
Uzbekistan,2011,0.150205667,20171292.0,,,0.19876084199999977
"Venezuela, RB",2011,0.538242478,20199432.0,,,0.1987608419999998
"Venezuela, RB",2011,0.175110013,20199432.0,,,0.1987608419999998
Viet Nam,2011,0.209356336,65955596.0,,,0.19876084199999977
Viet Nam,2011,0.226477887,65955596.0,,,0.19876084199999977
West Bank and Gaza,2011,0.256218326,2199701.0,,,0.1987608419999998
West Bank and Gaza,2011,0.086824456,2199701.0,,,0.19876084199999983
Zambia,2011,0.262977994,7506102.0,,,0.19876084199999977
Zambia,2011,0.128176299,7506102.0,,,0.1987608419999998
Zimbabwe,2011,0.502087096,7608011.0,,,0.19876084199999977
Zimbabwe,2011,0.223553713,7608011.0,,,0.19876084199999977
Afghanistan,2014,,16708999.0,,,0.20197888157000002
Afghanistan,2014,,16708999.0,,,0.20197888157000002
Albania,2014,0.404027012,2322032.0,,,0.18200977024000006
Albania,2014,0.299647681,2322032.0,,,0.18297211297000016
Algeria,2014,0.574825566,27628433.0,,,0.20462715671
Algeria,2014,0.384515585,27628433.0,,,0.21918862099999997
Angola,2014,0.376685556,14342950.0,,,0.20208564168000007
Angola,2014,0.148649616,14342950.0,,,0.2080416231999999
Argentina,2014,0.575038218,31872846.0,,,0.19663528866999996
Argentina,2014,0.244910062,31872846.0,,,0.20110719334
Armenia,2014,0.198846654,2428128.0,,,0.17414618455000014
Armenia,2014,0.103974111,2428128.0,,,0.1774641151800002
Australia,2014,0.996190708,18749193.0,,,0.21737725867999988
Australia,2014,0.947786718,18749193.0,,,0.21550226907999995
Austria,2014,0.981421853,7260944.0,,,0.23051831073999982
Austria,2014,0.884852204,7260944.0,,,0.21682064507000004
Azerbaijan,2014,0.363055624,7283305.0,,,0.19978763882
Azerbaijan,2014,0.100249458,7283305.0,,,0.2790835409699997
Bahrain,2014,0.858160945,1005566.0,,,0.1826996840000001
Bahrain,2014,0.665253157,1005566.0,,,0.18975560295000002
Bangladesh,2014,0.354420065,105778630.0,,,0.20805761182000002
Bangladesh,2014,0.208307107,105778630.0,,,0.20178121484999997
Belarus,2014,0.760839554,7971997.0,,,0.20979562665999993
Belarus,2014,0.481637863,7971997.0,,,0.2624026610099998
Belgium,2014,0.995275537,9263588.0,,,0.21530399633999991
Belgium,2014,0.908874018,9263588.0,,,0.22817299874999988
Belize,2014,0.522035874,228016.0,,,0.21117734268999985
Belize,2014,0.393257977,228016.0,,,0.20989148934999988
Benin,2014,0.209231225,6043333.0,,,0.22098828199999992
Benin,2014,0.083645821,6043333.0,,,0.22602425026999984
Bhutan,2014,0.380104664,523289.0,,,0.19454270865
Bhutan,2014,0.221758761,523289.0,,,0.19394797186000004
Bolivia,2014,0.460816557,7120716.0,,,0.24312042862
Bolivia,2014,0.313552852,7120716.0,,,0.24417235126999984
Bosnia and Herzegovina,2014,0.561337555,3077307.0,,,0.20903313306000001
Bosnia and Herzegovina,2014,0.343864518,3077307.0,,,0.18741424369000015
Botswana,2014,0.538269916,1405268.0,0.198760842,,0.18122582938999993
Botswana,2014,0.477309231,1405268.0,0.227415707,,0.1864827244299999
Brazil,2014,0.730215754,152293155.0,,,0.15220624326000018
Brazil,2014,0.525523791,152293155.0,,,0.13859563179000017
Bulgaria,2014,0.672732672,6271977.0,,,0.1506379374700001
Bulgaria,2014,0.325709746,6271977.0,,,0.1587401578200002
Burkina Faso,2014,0.176661687,9623020.0,,,0.1347843551500001
Burkina Faso,2014,0.083217026,9623020.0,,,0.18294173409000017
Burundi,2014,,5630929.0,,,0.17329820480000016
Burundi,2014,,5630929.0,,,0.17329820480000016
Cambodia,2014,0.205273912,10284331.0,0.112592615,,0.13628196439000015
Cambodia,2014,0.26329008,10284331.0,0.184685995,,0.16853673511000014
Cameroon,2014,0.157733399,12084831.0,,,0.2542261084599998
Cameroon,2014,0.05326138,12084831.0,,,0.26821814950999984
Canada,2014,0.993902052,29372810.0,,,0.26900126638999977
Canada,2014,0.974011621,29372810.0,,,0.27891522636999966
Chad,2014,0.150189443,7035329.0,,,0.3018245399899998
Chad,2014,0.080873461,7035329.0,,,0.2865526884799996
Chile,2014,0.634541465,14064832.0,,,0.2508138523899998
Chile,2014,0.624931538,14064832.0,,,0.2411186732399999
China,2014,0.797951738,1113693456.0,,,0.27051182286
China,2014,0.742828836,1113693456.0,,,0.2813383647099999
Colombia,2014,0.424290359,34309704.0,,,0.25317012656999976
Colombia,2014,0.284328532,34309704.0,,,0.23756164144999978
"Congo, Dem. Rep.",2014,0.207322062,40959603.0,,,0.2378413901199999
"Congo, Dem. Rep.",2014,0.122839224,40959603.0,,,0.2591555048699998
"Congo, Rep.",2014,0.211682989,2849454.0,,,0.25686632305999985
"Congo, Rep.",2014,0.074403128,2849454.0,,,0.25386479397999984
Costa Rica,2014,0.655434769,3611461.0,,,0.26324103687
Costa Rica,2014,0.615990341,3611461.0,,,0.26424429449999987
Cote d'Ivoire,2014,0.392803574,13848553.0,0.26174613,,0.24194486273999985
Cote d'Ivoire,2014,0.241007407,13848553.0,0.20317365,,0.19996676164
Croatia,2014,0.905674724,3606895.0,,,0.5512548100399992
Croatia,2014,0.577734982,3606895.0,,,0.32213529024999993
Cyprus,2014,0.936471029,991903.0,,,0.1279926626400002
Cyprus,2014,0.744154655,991903.0,,,0.16798161945000017
Czechia,2014,0.849932561,8944904.0,,,0.18460980074000016
Czechia,2014,0.649341451,8944904.0,,,0.17739640642000037
Denmark,2014,1.0,4641892.0,,,0.13125756047000028
Denmark,2014,1.0,4641892.0,,,0.13125756047000028
Dominican Republic,2014,0.603077051,7152325.0,,,0.16055640819000044
Dominican Republic,2014,0.379843985,7152325.0,,,0.17633744453000033
Ecuador,2014,0.508589381,11054660.0,,,0.16973363475000028
Ecuador,2014,0.335038135,11054660.0,,,0.2825084017500002
"Egypt, Arab Rep.",2014,0.174208636,63009609.0,,,0.17411895872000016
"Egypt, Arab Rep.",2014,0.073073605,63009609.0,,,0.2014378525700003
El Salvador,2014,0.390754443,4304307.0,,,0.13839141702000027
El Salvador,2014,0.305089896,4304307.0,,,0.12560870233000027
Estonia,2014,0.987484925,1110561.0,,,0.15356253762000036
Estonia,2014,0.906345809,1110561.0,,,0.12330990770000021
Ethiopia,2014,0.255881412,55109169.0,,,0.14153755586000022
Ethiopia,2014,0.142952259,55109169.0,,,0.15159011334000033
Finland,2014,1.0,4545771.0,,,0.11964585572000025
Finland,2014,1.0,4545771.0,,,0.11964585572000025
France,2014,0.991154347,53825137.0,,,0.12674449269000015
France,2014,0.788718434,53825137.0,,,0.1964238457100003
Gabon,2014,0.374291011,1209169.0,,,0.12256439357000025
Gabon,2014,0.230909825,1209169.0,,,0.12294209140000026
Georgia,2014,0.447968076,3020250.0,,,0.15000469006000025
Georgia,2014,0.098740675,3020250.0,,,0.1452249404400003
Germany,2014,0.995054378,69974132.0,,,0.15811921052000025
Germany,2014,0.936846671,69974132.0,,,0.2439018340400002
Ghana,2014,0.423422177,16743744.0,0.118232237,,0.2309142591199999
Ghana,2014,0.364241959,16743744.0,0.15636589,,0.17653869444
Greece,2014,0.934322149,9357686.0,,,0.36868071013999976
Greece,2014,0.469982836,9357686.0,,,0.544468482409999
Guatemala,2014,0.437429222,9616393.0,,,0.46706775127999944
Guatemala,2014,0.368534565,9616393.0,,,0.5361924791699993
Guinea,2014,,6293415.0,,,0.5931099419599988
Guinea,2014,,6293415.0,,,0.5931099419599988
Haiti,2014,0.211622613,6636287.0,,,0.5400223547799994
Haiti,2014,0.146713693,6636287.0,,,0.5744488671699991
Honduras,2014,0.336726448,5672647.0,,,0.573302093919999
Honduras,2014,0.271924968,5672647.0,,,0.5770665604099989
"Hong Kong SAR, China",2014,0.973068256,6342961.0,,,0.5696351910299992
"Hong Kong SAR, China",2014,0.889910736,6342961.0,,,0.5308955761499992
Hungary,2014,0.758349195,8464202.0,,,0.31719927561000016
Hungary,2014,0.506808135,8464202.0,,,0.5002296381799993
India,2014,0.568119789,907853291.0,,,0.5917406489599989
India,2014,0.432338984,907853291.0,,,0.611393738649999
Indonesia,2014,0.363241603,185894322.0,,,0.585423210799999
Indonesia,2014,0.351662078,185894322.0,,,0.5933739542399991
"Iran, Islamic Rep.",2014,0.934526286,61676328.0,,,0.5273694131499994
"Iran, Islamic Rep.",2014,0.885721582,61676328.0,,,0.5340998787799994
Iraq,2014,0.120245126,20884823.0,,,0.601100460959999
Iraq,2014,0.08643241,20884823.0,,,0.6038612833799991
Ireland,2014,0.95443253,3629630.0,,,0.5801624682399991
Ireland,2014,0.909452371,3629630.0,,,0.5863961064199991
Israel,2014,0.960639308,5787501.0,,,0.581204500459999
Israel,2014,0.673444327,5787501.0,,,0.4933329472499993
Italy,2014,0.914782052,51850742.0,,,0.5189219530199994
Italy,2014,0.607976313,51850742.0,,,0.5125268904799991
Jamaica,2014,0.800218129,2096466.0,,,0.6009469696499992
Jamaica,2014,0.733630878,2096466.0,,,0.584333377829999
Japan,2014,0.984530492,110762343.0,,,0.5249348993499994
Japan,2014,0.815084361,110762343.0,,,0.5320868439599993
Jordan,2014,0.318459007,5205320.0,,,0.558521114049999
Jordan,2014,0.124092005,5205320.0,,,0.597451514509999
Kazakhstan,2014,0.61384704,12875804.0,,,0.4560001889000001
Kazakhstan,2014,0.316073087,12875804.0,,,0.5046574853799993
Kenya,2014,0.788519524,25714887.0,0.61847253,,0.5771427411199993
Kenya,2014,0.663570016,25714887.0,0.515553909,,0.4415354749099999
"Korea, Rep.",2014,0.96937391,43035419.0,,,0.17573689655999997
"Korea, Rep.",2014,0.860883208,43035419.0,,,0.14958711364999996
Kosovo,2014,0.502537585,1334099.0,,,0.12905121078999998
Kosovo,2014,0.410773743,1334099.0,,,0.12208115849000001
Kuwait,2014,0.7525261,2736473.0,,,0.12770509906999997
Kuwait,2014,0.629038668,2736473.0,,,0.12617741632999996
Kyrgyz Republic,2014,0.21465394,3978542.0,,,0.15198130115000005
Kyrgyz Republic,2014,0.116079266,3978542.0,,,0.13900177446
Latvia,2014,0.915901179,1719348.0,,,0.22101410741000013
Latvia,2014,0.813141877,1719348.0,,,0.1405475262200002
Lebanon,2014,0.522058515,4265657.0,,,0.12689916551
Lebanon,2014,0.297809489,4265657.0,,,0.13385847043
Lithuania,2014,0.868890283,2524428.0,,,0.12620716932999992
Lithuania,2014,0.333527001,2524428.0,,,0.1272001579999999
Luxembourg,2014,0.978029819,451457.0,,,0.13194015292
Luxembourg,2014,0.864730971,451457.0,,,0.13265533940000004
Madagascar,2014,,13785487.0,,,0.13548229675999995
Madagascar,2014,,13785487.0,,,0.13548229675999995
Malawi,2014,0.214763979,8735190.0,,,0.12868595457999998
Malawi,2014,0.120893648,8735190.0,,,0.20819619837999986
Malaysia,2014,0.821775037,22158615.0,,,0.15681822237999998
Malaysia,2014,0.761996176,22158615.0,,,0.14543676395999997
Mali,2014,0.222612003,9100789.0,0.120035239,,0.12596828251
Mali,2014,0.15706832,9100789.0,0.109204992,,0.12242301393000013
Malta,2014,0.973848532,364279.0,,,0.12831098140000013
Malta,2014,0.873188679,364279.0,,,0.1187295976800002
Mauritania,2014,0.271567588,2084692.0,,,0.1170668739600002
Mauritania,2014,0.147082174,2084692.0,,,0.11642438672000026
Mauritius,2014,0.854274776,1010413.0,,,0.12273717366000023
Mauritius,2014,0.691465861,1010413.0,,,0.12313139588000026
Mexico,2014,0.416840807,84399247.0,,,0.13944551808000033
Mexico,2014,0.320600604,84399247.0,,,0.11987288401000025
Moldova,2014,0.194436687,2361002.0,,,0.11938179535000026
Moldova,2014,0.122383695,2361002.0,,,0.1210213190100002
Mongolia,2014,0.913986004,2074233.0,,,0.12497421803000028
Mongolia,2014,0.930465502,2074233.0,,,0.12578484783000027
Montenegro,2014,0.643957229,504976.0,,,0.1332455567300002
Montenegro,2014,0.413445997,504976.0,,,0.12184063946000025
Myanmar,2014,0.25982492,36618649.0,,,0.12559099545000024
Myanmar,2014,0.134552226,36618649.0,,,0.13993472614000033
Namibia,2014,0.673533654,1427950.0,0.107726424,,0.12654786921000027
Namibia,2014,0.42122862,1427950.0,0.095479139,,0.11941446218000008
Nepal,2014,0.373387873,18161615.0,,,0.2138910243600003
Nepal,2014,0.254208929,18161615.0,,,0.2033670089700003
Netherlands,2014,0.993231642,13933854.0,,,0.2090499330400002
Netherlands,2014,0.991493467,13933854.0,,,0.20866308881000026
New Zealand,2014,0.99614018,3534713.0,,,0.2289384383300004
New Zealand,2014,0.99097341,3534713.0,,,0.2234574400100004
Nicaragua,2014,0.234121493,4012287.0,,,0.19755450317000028
Nicaragua,2014,0.111357122,4012287.0,,,0.20162574956000032
Niger,2014,,9371030.0,,,0.23842790725000046
Niger,2014,,9371030.0,,,0.23842790725000046
Nigeria,2014,0.488837885,100567840.0,,,0.2350498724800003
Nigeria,2014,0.357487556,100567840.0,,,0.2085049037900003
North Macedonia,2014,0.772821813,1565432.0,,,0.1941658614000003
North Macedonia,2014,0.466522764,1565432.0,,,0.1806494129700001
Norway,2014,1.0,4150602.0,,,0.2017010705000003
Norway,2014,1.0,4150602.0,,,0.2017010705000003
Pakistan,2014,0.129554894,128875593.0,,,0.20078241499000027
Pakistan,2014,0.131964371,128875593.0,,,0.20097306077000027
Panama,2014,0.477056689,2737867.0,,,0.20483961551000035
Panama,2014,0.307475429,2737867.0,,,0.19610460585000028
Peru,2014,0.324688986,21413567.0,,,0.2020072300300003
Peru,2014,0.195356816,21413567.0,,,0.21637001507000025
Philippines,2014,0.35853776,66911959.0,,,0.21096278406000035
Philippines,2014,0.190465717,66911959.0,,,0.19328421318000036
Poland,2014,0.803837155,32293711.0,,,0.2296565089300003
Poland,2014,0.63684642,32293711.0,,,0.2182018197800004
Portugal,2014,0.875704159,8911922.0,,,0.24288903155000036
Portugal,2014,0.856933097,8911922.0,,,0.2033993736300003
Puerto Rico,2014,0.752503024,2955855.0,,,0.21040449589000032
Puerto Rico,2014,0.449607211,2955855.0,,,0.20363215337000043
Romania,2014,0.618245605,16846776.0,,,0.19316502314000025
Romania,2014,0.55034636,16846776.0,,,0.23131816594000032
Russian Federation,2014,0.698901213,120673872.0,,,0.22640636714000031
Russian Federation,2014,0.544353958,120673872.0,,,0.21894243893000034
Rwanda,2014,0.50882778,6472142.0,0.210002017,,0.24781921322
Rwanda,2014,0.233265498,6472142.0,0.118758992,,0.19633913657000002
Saudi Arabia,2014,0.708916152,20496432.0,,,0.3438895335700001
Saudi Arabia,2014,0.645375242,20496432.0,,,0.3061500780300001
Senegal,2014,0.199401461,7858967.0,,,0.33812305451
Senegal,2014,0.067508113,7858967.0,,,0.3146857744799996
Serbia,2014,0.8389097,6141282.0,,,0.36556755406
Serbia,2014,0.777626664,6141282.0,,,0.3639088256599998
Sierra Leone,2014,0.199565713,3858836.0,,,0.37175078500000003
Sierra Leone,2014,0.064227275,3858836.0,,,0.35459073022000015
Singapore,2014,0.970340159,4691514.0,,,0.4163496457399997
Singapore,2014,0.929417797,4691514.0,,,0.41350852142
Slovak Republic,2014,0.849239582,4582684.0,,,0.35840648598
Slovak Republic,2014,0.376377611,4582684.0,,,0.31660093602000017
Slovenia,2014,0.980710321,1759867.0,,,0.3322036701100001
Slovenia,2014,0.914516692,1759867.0,,,0.2806533868400002
Somalia,2014,0.371154106,6719620.0,0.356811471,,0.3371353303400001
Somalia,2014,0.42695627,6719620.0,0.406829009,,0.3904362558199997
South Africa,2014,0.770393775,38992463.0,0.163688811,,0.21613346415000012
South Africa,2014,0.53500538,38992463.0,0.095729308,,0.23770500973000008
Spain,2014,0.987240907,39593406.0,,,0.3154191275299995
Spain,2014,0.846662138,39593406.0,,,0.20514251478000006
Sri Lanka,2014,0.819884567,15433197.0,,,0.36259883716999963
Sri Lanka,2014,0.851960187,15433197.0,,,0.35583417918999966
Sudan,2014,0.169699866,21021157.0,,,0.30778251420999964
Sudan,2014,0.101231694,21021157.0,,,0.35097650688999965
Sweden,2014,1.0,7971436.0,,,0.30036842841999983
Sweden,2014,0.98621719,7971436.0,,,0.3189697871899994
Switzerland,2014,0.985760624,6883205.0,,,0.36148598097999973
Switzerland,2014,0.940055477,6883205.0,,,0.35269789105999977
"Taiwan, China",2014,0.940478516,19968635.0,,,0.32557991857999946
"Taiwan, China",2014,0.773143556,19968635.0,,,0.33726082919999967
Tajikistan,2014,0.15112378,5217089.0,,,0.36188334352999973
Tajikistan,2014,0.044742712,5217089.0,,,0.35490364777999966
Tanzania,2014,0.439079248,26884351.0,0.358825889,,0.3529139340199996
Tanzania,2014,0.318718211,26884351.0,0.256090171,,0.23056141001999989
Thailand,2014,0.797637081,56707280.0,,,0.37308796036999986
Thailand,2014,0.705503136,56707280.0,,,0.3802524313199999
Togo,2014,0.211615368,4254423.0,,,0.3945106028
Togo,2014,0.122872603,4254423.0,,,0.39120695434999997
Tunisia,2014,0.304182867,8426960.0,,,0.3966911054200001
Tunisia,2014,0.187671341,8426960.0,,,0.40086517436999997
Turkiye,2014,0.611569584,57336171.0,,,0.38738663327
Turkiye,2014,0.41569651,57336171.0,,,0.3561721799099998
Uganda,2014,0.509221527,18082753.0,0.408700037,,0.38947524938000005
Uganda,2014,0.350350053,18082753.0,0.267135697,,0.27198737650000016
Ukraine,2014,0.521892116,39385204.0,,,0.16551874366000022
Ukraine,2014,0.559446576,39385204.0,,,0.1501641841200002
United Arab Emirates,2014,0.884041523,6398423.0,0.120008518,,0.23017193092000013
United Arab Emirates,2014,0.667392515,6398423.0,0.096308508,,0.13507780943999997
United Kingdom,2014,1.0,52712003.0,,,0.14311484588999998
United Kingdom,2014,0.907583793,52712003.0,,,0.22436273449000016
United States,2014,0.948046267,254715188.0,,,0.12654558524999987
United States,2014,0.875635175,254715188.0,,,0.13980894209999986
Uruguay,2014,0.495360984,2625287.0,,,0.11967373389999984
Uruguay,2014,0.29513113,2625287.0,,,0.11682884598999987
Uzbekistan,2014,0.479179658,21374576.0,,,0.24454482426999985
Uzbekistan,2014,0.248653073,21374576.0,,,0.1463019801399999
"Venezuela, RB",2014,0.665440742,21274157.0,,,0.1441974402599999
"Venezuela, RB",2014,0.276261744,21274157.0,,,0.14545862492999992
Viet Nam,2014,0.290211715,68893679.0,,,0.13593861146999997
Viet Nam,2014,0.374371906,68893679.0,,,0.16544383382000005
West Bank and Gaza,2014,0.334915082,2416583.0,,,0.12361276165999988
West Bank and Gaza,2014,0.105757326,2416583.0,,,0.12532258217999986
"Yemen, Rep.",2014,,16904246.0,,,0.12366258522999984
"Yemen, Rep.",2014,,16904246.0,,,0.12366258522999984
Zambia,2014,0.395770248,8358295.0,0.114631714,,0.14916756438999992
Zambia,2014,0.28843361,8358295.0,0.132405875,,0.13747161538999994
Zimbabwe,2014,0.369464549,7862617.0,0.224548714,,0.2188796227400001
Zimbabwe,2014,0.239638174,7862617.0,0.200067402,,0.2165945497299999
Afghanistan,2017,0.180164994,18807229.0,,,0.19981108650999999
Afghanistan,2017,0.097525865,18807229.0,,,0.2152369024073643
Albania,2017,0.425132495,2340965.0,,,0.2642127209399999
Albania,2017,0.31500678,2340965.0,,,0.2314369271847287
Algeria,2017,0.487470777,28799702.0,,,0.2959493941399998
Algeria,2017,0.285835978,28799702.0,,,0.28461051306999985
Argentina,2017,0.533374981,33036043.0,,,0.22344808447999984
Argentina,2017,0.331053118,33036043.0,,,0.20636286888
Armenia,2017,0.480150559,2384230.0,,,0.21508341590000002
Armenia,2017,0.468151013,2384230.0,,,0.20685151693000006
Australia,2017,0.99446618,19621820.0,,,0.22860718876736413
Australia,2017,1.0,19621820.0,,,0.2666647423599995
Austria,2017,0.990935943,7481549.0,,,0.38504219487
Austria,2017,0.925929084,7481549.0,,,0.20697875782999997
Azerbaijan,2017,0.345417162,7438923.0,,,0.22524926307999998
Azerbaijan,2017,0.125709993,7438923.0,,,0.22671880589999993
Bahrain,2017,0.854848779,1137724.0,,,0.22105238072999975
Bahrain,2017,0.673034243,1137724.0,,,0.20573407012999986
Bangladesh,2017,0.535263718,111658076.0,0.191689541,,0.23403862587999988
Bangladesh,2017,0.409932137,111658076.0,0.266504132,,0.2626301857900002
Belarus,2017,0.850064663,7909969.0,,,0.24068241768000015
Belarus,2017,0.551589551,7909969.0,,,0.23409204005
Belgium,2017,0.993000467,9407055.0,,,0.21505611661000004
Belgium,2017,0.943162552,9407055.0,,,0.20073432511
Benin,2017,0.407994899,6631280.0,0.175448265,,0.21451499786
Benin,2017,0.341760169,6631280.0,0.191188254,,0.20322592392
Bolivia,2017,0.599065252,7571421.0,,,0.24711620500000042
Bolivia,2017,0.412594457,7571421.0,,,0.24156198434000029
Bosnia and Herzegovina,2017,0.628029573,2982772.0,,,0.2845589126900002
Bosnia and Herzegovina,2017,0.375835394,2982772.0,,,0.2688033185000002
Botswana,2017,0.527257562,1470809.0,0.230693884,,0.2630190831600004
Botswana,2017,0.469702185,1470809.0,0.27518396,,0.26265100235999994
Brazil,2017,0.772300449,158478074.0,,,0.33139555525999975
Brazil,2017,0.46667753,158478074.0,,,0.23565224541000013
Bulgaria,2017,0.750993777,6128150.0,,,0.3374635648699995
Bulgaria,2017,0.434560994,6128150.0,,,0.31123459250999996
Burkina Faso,2017,0.45564783,10570484.0,0.33245855,,0.32569942591999956
Burkina Faso,2017,0.387174947,10570484.0,0.326107345,,0.3019889274100003
Cambodia,2017,0.225866867,10807431.0,,,0.1585518029100001
Cambodia,2017,0.19683384,10807431.0,,,0.1565163027600001
Cameroon,2017,0.396618173,13358414.0,0.146414389,,0.20685548395999998
Cameroon,2017,0.247821151,13358414.0,0.160979783,,0.17296104690999997
Canada,2017,0.996881813,30253020.0,,,0.16771068454000024
Canada,2017,1.0,30253020.0,,,0.16999756054000023
Central African Republic,2017,0.15338817,2404000.0,,,0.18053378586000002
Central African Republic,2017,0.105007362,2404000.0,,,0.1682846998700002
Chad,2017,0.239016172,7782131.0,0.152007103,,0.15776372797000018
Chad,2017,0.179483487,7782131.0,0.152915739,,0.13376938594999999
Chile,2017,0.742837975,14675996.0,0.175962571,,0.2382210827499998
Chile,2017,0.746411695,14675996.0,0.234639759,,0.23712586594999976
China,2017,0.784880969,1133758537.0,,,0.18233624305000012
China,2017,0.865750931,1133758537.0,,,0.2171402980100002
Colombia,2017,0.494205985,36092425.0,,,0.22905216440999993
Colombia,2017,0.342662751,36092425.0,,,0.19650660113000018
"Congo, Dem. Rep.",2017,0.26635895,45407203.0,0.164893631,,0.18487756960000015
"Congo, Dem. Rep.",2017,0.244776629,45407203.0,0.154424451,,0.16230387431000018
"Congo, Rep.",2017,0.263264158,3026298.0,,,0.3106050243500002
"Congo, Rep.",2017,0.255402841,3026298.0,,,0.3199935822500002
Costa Rica,2017,0.679016634,3790388.0,,,0.3619945853000003
Costa Rica,2017,0.67646603,3790388.0,,,0.3619945853000003
Cote d'Ivoire,2017,0.451340126,14983416.0,0.356017074,,0.34541516420000007
Cote d'Ivoire,2017,0.33582822,14983416.0,0.308982783,,0.22391315349999996
Croatia,2017,0.926594367,3508155.0,,,0.39304983106000024
Croatia,2017,0.468602712,3508155.0,,,0.35740821691000024
Cyprus,2017,0.918601678,1039880.0,,,0.32677048791000024
Cyprus,2017,0.731845081,1039880.0,,,0.34552524309000027
Czechia,2017,0.87545991,8934395.0,,,0.38456171550000035
Czechia,2017,0.411841961,8934395.0,,,0.36197236508000047
Denmark,2017,0.999024965,4767144.0,,,0.40215612495000036
Denmark,2017,1.0,4767144.0,,,0.40446466617000043
Dominican Republic,2017,0.623531887,7508555.0,,,0.38555072677000035
Dominican Republic,2017,0.403990593,7508555.0,,,0.36160317567000044
Ecuador,2017,0.572770883,11800828.0,,,0.31837930266000025
Ecuador,2017,0.350042328,11800828.0,,,0.3693087739300004
"Egypt, Arab Rep.",2017,0.396604143,66961302.0,,,0.38061434496000046
"Egypt, Arab Rep.",2017,0.140479376,66961302.0,,,0.37520767976000047
El Salvador,2017,0.332142047,4464670.0,,,0.3715884436041862
El Salvador,2017,0.231242842,4464670.0,,,0.36639621584
Estonia,2017,0.988348856,1103273.0,,,0.39975439248000016
Estonia,2017,0.919284202,1103273.0,,,0.2424026612799999
Ethiopia,2017,0.383613283,61575604.0,,,0.40090243195000036
Ethiopia,2017,0.281642873,61575604.0,,,0.3813769828800002
Finland,2017,0.997584169,4600229.0,,,0.4075828309900006
Finland,2017,1.0,4600229.0,,,0.40982231543000053
France,2017,0.979119634,54658275.0,,,0.41186795705000045
France,2017,0.70331663,54658275.0,,,0.36462372394000037
Gabon,2017,0.592071657,1332068.0,0.412921349,,0.4338188972100003
Gabon,2017,0.572273539,1332068.0,0.487703313,,0.4550164505100001
"Gambia, The",2017,0.329591574,1294272.0,,,0.38820654881999994
"Gambia, The",2017,0.211612477,1294272.0,,,0.40199891079999955
Georgia,2017,0.668772915,2987888.0,,,0.39243737553999986
Georgia,2017,0.307383546,2987888.0,,,0.359147029927364
Germany,2017,0.995148615,71374479.0,,,0.4065624560399998
Germany,2017,0.970309268,71374479.0,,,0.42018908584000036
Ghana,2017,0.61894029,18083712.0,0.399768271,,0.4143684403199997
Ghana,2017,0.484647905,18083712.0,0.366680073,,0.3567937832700001
Greece,2017,0.907920474,9220190.0,,,0.16295859092000012
Greece,2017,0.49069391,9220190.0,,,0.15925008055000014
Guatemala,2017,0.454243836,10430246.0,,,0.13678729486000013
Guatemala,2017,0.415828155,10430246.0,,,0.13784680242000014
Guinea,2017,0.23322698,6873506.0,0.120050745,,0.13357654015000006
Guinea,2017,0.238042064,6873506.0,0.172388381,,0.16014641675999983
Haiti,2017,0.355182593,7048972.0,0.143357339,,0.1696412471699999
Haiti,2017,0.273337593,7048972.0,0.120232695,,0.1473687765000001
Honduras,2017,0.508156426,6185475.0,,,0.38064988898999985
Honduras,2017,0.346660263,6185475.0,,,0.28563701169
"Hong Kong SAR, China",2017,0.964017268,6493265.0,,,0.29127193307000004
"Hong Kong SAR, China",2017,0.879660085,6493265.0,,,0.2846342347800002
Hungary,2017,0.77130205,8389859.0,,,0.2429948622600001
Hungary,2017,0.600871872,8389859.0,,,0.2209818502100001
India,2017,0.83084312,962463650.0,,,0.22973330619000007
India,2017,0.714001548,962463650.0,,,0.23507661913000003
Indonesia,2017,0.494974697,193777030.0,,,0.23533484583000014
Indonesia,2017,0.467655148,193777030.0,,,0.25156346753000025
"Iran, Islamic Rep.",2017,0.945898285,63892824.0,0.236371549,,0.29144411747999976
"Iran, Islamic Rep.",2017,0.92279878,63892824.0,0.337425807,,0.3012552752399996
Iraq,2017,0.258025457,23052127.0,,,0.6924806092800003
Iraq,2017,0.14858164,23052127.0,,,0.6520999583000004
Ireland,2017,0.975584886,3749429.0,,,0.6209509788000002
Ireland,2017,0.83747688,3749429.0,,,0.5978128743600005
Israel,2017,0.988747193,6131598.0,,,0.5852080631000003
Israel,2017,0.702838904,6131598.0,,,0.6236997509400004
Italy,2017,0.976588894,52409524.0,,,0.6420559883500004
Italy,2017,0.639096204,52409524.0,,,0.29897152961
Japan,2017,0.992393102,110907804.0,,,0.5997405639100005
Japan,2017,0.866675942,110907804.0,,,0.5464538724200003
Jordan,2017,0.513093496,6558247.0,,,0.5860482499000003
Jordan,2017,0.252113145,6558247.0,,,0.5534449497199999
Kazakhstan,2017,0.660512233,13196334.0,,,0.6493599766999995
Kazakhstan,2017,0.368529531,13196334.0,,,0.6019420252400003
Kenya,2017,0.841128947,28150345.0,0.742974996,,0.7448646987199775
Kenya,2017,0.760208924,28150345.0,0.699553478,,0.6728711091399994
"Korea, Rep.",2017,0.963916424,44377468.0,,,0.30514554513999964
"Korea, Rep.",2017,0.872897559,44377468.0,,,0.3009831812599996
Kosovo,2017,0.590169892,1328163.0,,,0.2624965552899997
Kosovo,2017,0.356076179,1328163.0,,,0.2977251697899997
Kuwait,2017,0.813090145,3138850.0,,,0.3024292319599997
Kuwait,2017,0.702068658,3138850.0,,,0.2976166544799996
Kyrgyz Republic,2017,0.455757607,4195979.0,,,0.2867887379199996
Kyrgyz Republic,2017,0.269843316,4195979.0,,,0.2955391771699995
Lao PDR,2017,0.317267827,4638548.0,,,0.2776124067999996
Lao PDR,2017,0.24001344,4638548.0,,,0.2894092540099999
Latvia,2017,0.953644466,1657658.0,,,0.34260121792999976
Latvia,2017,0.756994313,1657658.0,,,0.2721371335499997
Lebanon,2017,0.501567176,4654352.0,,,0.2736030972699999
Lebanon,2017,0.252793371,4654352.0,,,0.2976662457999996
Lesotho,2017,0.480336054,1350411.0,0.286773926,,0.29252330422999984
Lesotho,2017,0.393502708,1350411.0,0.250365878,,0.24312332465000014
Liberia,2017,0.354797952,2745577.0,0.19468124,,0.23716724881000026
Liberia,2017,0.36137348,2745577.0,0.233319673,,0.23065354714000028
Libya,2017,0.704598261,4585159.0,,,0.1446778584799998
Libya,2017,0.525798679,4585159.0,,,0.13404901736999977
Lithuania,2017,0.862464522,2445393.0,,,0.15286047888999998
Lithuania,2017,0.637655657,2445393.0,,,0.12644815012999996
Luxembourg,2017,0.994580608,486845.0,,,0.12872451335999988
Luxembourg,2017,0.94687018,486845.0,,,0.16110945707999969
Madagascar,2017,0.179607209,15245537.0,0.117262739,,0.12304459499999981
Madagascar,2017,0.176596764,15245537.0,0.12793078,,0.12651868979999986
Malawi,2017,0.352345758,9645161.0,0.201281201,,0.2228007518400002
Malawi,2017,0.312785653,9645161.0,0.205826391,,0.21035683597999996
Malaysia,2017,0.85817039,23682698.0,0.088711874,,0.13725461001
Malaysia,2017,0.84058156,23682698.0,0.163228694,,0.1559800878800001
Maldives,2017,0.841351623,342024.0,0.252916713,,0.23845713480000014
Maldives,2017,0.671353872,342024.0,0.179161202,,0.23736110390000015
Mali,2017,0.367281677,9985747.0,0.239827459,,0.25733426840000034
Mali,2017,0.328938601,9985747.0,0.251957677,,0.2368406188
Malta,2017,0.97346836,390899.0,,,0.2375004436000001
Malta,2017,0.974538098,390899.0,,,0.23332733098000005
Mauritania,2017,0.24789792,2278505.0,,,0.22688674744000006
Mauritania,2017,0.130964713,2278505.0,,,0.22494069377736445
Mauritius,2017,0.924187975,1031251.0,,,0.21466405237
Mauritius,2017,0.794399232,1031251.0,,,0.23437692097000012
Mexico,2017,0.376741049,88534114.0,,,0.2420720516400001
Mexico,2017,0.313209505,88534114.0,,,0.2383757200500001
Moldova,2017,0.447852506,2278507.0,,,0.2486112143200001
Moldova,2017,0.391900826,2278507.0,,,0.27609124530999996
Mongolia,2017,0.959744282,2155814.0,0.248779411,,0.2904768414000002
Mongolia,2017,0.842399142,2155814.0,0.132311971,,0.15841009612
Montenegro,2017,0.743745986,506847.0,,,0.21667174657000007
Montenegro,2017,0.410679396,506847.0,,,0.24449763681
Morocco,2017,0.327283541,24894226.0,,,0.23252425702000004
Morocco,2017,0.157270853,24894226.0,,,0.22019813640000005
Mozambique,2017,0.398059056,14874137.0,0.191821464,,0.21688932077000014
Mozambique,2017,0.446341989,14874137.0,0.261354816,,0.2797455356500003
Myanmar,2017,0.308419114,38000865.0,,,0.38215533751000025
Myanmar,2017,0.112626107,38000865.0,,,0.2924293127220932
Namibia,2017,0.828584373,1547830.0,0.420557797,,0.4357773035400003
Namibia,2017,0.764894911,1547830.0,0.459880046,,0.43657729605
Nepal,2017,0.477248655,18869412.0,,,0.3042137930299995
Nepal,2017,0.393352589,18869412.0,,,0.2927595380799995
Netherlands,2017,0.995788328,14234525.0,,,0.2815988942694572
Netherlands,2017,1.0,14234525.0,,,0.2884575135273637
New Zealand,2017,0.998009374,3788624.0,,,0.28080169130999955
New Zealand,2017,0.961759834,3788624.0,,,0.31474772172736376
Nicaragua,2017,0.330719254,4249427.0,,,0.30332759004472815
Nicaragua,2017,0.267379462,4249427.0,,,0.30356084987472837
Niger,2017,0.185658189,10546918.0,,,0.27675781722999937
Niger,2017,0.103436746,10546918.0,,,0.27344065716945726
Nigeria,2017,0.433606657,109170774.0,,,0.2828681069799994
Nigeria,2017,0.325980715,109170774.0,,,0.30824011845999943
North Macedonia,2017,0.824857157,1567300.0,,,0.3044565049799994
North Macedonia,2017,0.453303607,1567300.0,,,0.2783025961999995
Norway,2017,0.997067217,4298959.0,,,0.31537544938736384
Norway,2017,1.0,4298959.0,,,0.32584131628736385
Pakistan,2017,0.245315749,135055510.0,,,0.30957967781736373
Pakistan,2017,0.14892327,135055510.0,,,0.2981016149036437
Panama,2017,0.495251649,2915245.0,,,0.3191038134799994
Panama,2017,0.369863182,2915245.0,,,0.3070663834699994
Paraguay,2017,0.546005403,4382299.0,0.312632486,,0.30677258826999937
Paraguay,2017,0.332892135,4382299.0,0.227386831,,0.2686621170900001
Peru,2017,0.470516385,22473210.0,,,0.2737424049199999
Peru,2017,0.293711101,22473210.0,,,0.30027580846999974
Philippines,2017,0.388280454,71585383.0,,,0.3106166533699999
Philippines,2017,0.235157571,71585383.0,,,0.30979637292999984
Poland,2017,0.904671131,32223349.0,,,0.3200958164499997
Poland,2017,0.626254497,32223349.0,,,0.3159287509699997
Portugal,2017,0.942174651,8871342.0,,,0.30160131529999973
Portugal,2017,0.794079287,8871342.0,,,0.3164769458199998
Romania,2017,0.588779489,16606939.0,,,0.3209083886073642
Romania,2017,0.510621354,16606939.0,,,0.3102811634599997
Russian Federation,2017,0.775269065,120066877.0,,,0.3074201929999998
Russian Federation,2017,0.669292945,120066877.0,,,0.3067977644399999
Rwanda,2017,0.543657973,7050113.0,0.305694257,,0.3259663052
Rwanda,2017,0.414591329,7050113.0,0.321885955,,0.28921082873
Saudi Arabia,2017,0.760052639,23241801.0,,,0.35246903158999976
Saudi Arabia,2017,0.544192051,23241801.0,,,0.3323795320499997
Senegal,2017,0.465296564,8705549.0,0.344992614,,0.3437463323099997
Senegal,2017,0.344454577,8705549.0,0.267008182,,0.2547728611700003
Serbia,2017,0.769251145,6046629.0,,,0.15293873450000015
Serbia,2017,0.33344753,6046629.0,,,0.24313654139999996
Sierra Leone,2017,0.201640488,4219730.0,0.110301332,,0.12338873637000008
Sierra Leone,2017,0.190533011,4219730.0,0.109941195,,0.1177668137199999
Singapore,2017,0.979472154,4905185.0,,,0.22324250464000023
Singapore,2017,0.97838487,4905185.0,,,0.2307460785900002
Slovak Republic,2017,0.895882663,4594115.0,,,0.28407110507
Slovak Republic,2017,0.545818735,4594115.0,,,0.22124944159000015
Slovenia,2017,0.972408783,1756994.0,,,0.21029863780000013
Slovenia,2017,1.0,1756994.0,,,0.23644015628000012
South Africa,2017,0.716772308,41039555.0,0.198342559,,0.20144842973000013
South Africa,2017,0.628989823,41039555.0,0.169159166,,0.15690299048000006
South Sudan,2017,,6092487.0,,,0.40682515162999977
South Sudan,2017,,6092487.0,,,0.40682515162999977
Spain,2017,0.979936898,39549433.0,,,0.40862495157000034
Spain,2017,0.653188166,39549433.0,,,0.3588389827199998
Sri Lanka,2017,0.729011317,16017388.0,,,0.3853226962899997
Sri Lanka,2017,0.766144989,16017388.0,,,0.3972475151599998
Sweden,2017,0.998532235,8184039.0,,,0.37799661646999977
Sweden,2017,0.990895469,8184039.0,,,0.3759074230299997
Switzerland,2017,0.998140656,7127704.0,,,0.4098728605600004
Switzerland,2017,0.894088349,7127704.0,,,0.23358300252000005
"Taiwan, China",2017,0.95675148,20340388.0,,,0.3913805095199997
"Taiwan, China",2017,0.862343466,20340388.0,,,0.3672155305999999
Tajikistan,2017,0.459390375,5649763.0,,,0.31621832750999984
Tajikistan,2017,0.493356705,5649763.0,,,0.3348116983199997
Tanzania,2017,0.47313645,30023264.0,0.392395197,,0.3887033729499996
Tanzania,2017,0.456326637,30023264.0,0.371416194,,0.35616352202999985
Thailand,2017,0.831741813,58293189.0,,,0.2069231743400003
Thailand,2017,0.733384072,58293189.0,,,0.21542894798000023
Togo,2017,0.459606794,4608431.0,0.199071751,,0.2604892010564182
Togo,2017,0.438808552,4608431.0,0.247098158,,0.24907975258000004
Trinidad and Tobago,2017,0.83982548,1090252.0,,,0.18989927435999993
Trinidad and Tobago,2017,0.669542027,1090252.0,,,0.17303826326999996
Tunisia,2017,0.400200471,8662597.0,,,0.18681808468999986
Tunisia,2017,0.233242042,8662597.0,,,0.17147934802999995
Turkiye,2017,0.719402378,60604220.0,0.153836104,,0.17885659079999994
Turkiye,2017,0.559270984,60604220.0,0.202992297,,0.24409618873999997
Turkmenistan,2017,0.488334047,4458186.0,,,0.42330737602000007
Turkmenistan,2017,0.155431045,4458186.0,,,0.45263653123000014
Uganda,2017,0.606080276,20360656.0,0.504888465,,0.4837644472900001
Uganda,2017,0.571416052,20360656.0,0.507161802,,0.48548088511999976
Ukraine,2017,0.641952152,38655749.0,,,0.22290248670000004
Ukraine,2017,0.538797419083689,38655749.0,,,0.23734238661999998
United Arab Emirates,2017,0.907353321,7433015.0,0.22342981,,0.20844463776000005
United Arab Emirates,2017,0.602096193,7433015.0,0.101180918,,0.1410013020300002
United Kingdom,2017,0.987131823,53834160.0,,,0.2999385940500001
United Kingdom,2017,0.835203366,53834160.0,,,0.19507495685
United States,2017,0.942130469,261470917.0,,,0.20087506112999998
United States,2017,0.869444179,261470917.0,,,0.20296296430000002
Uruguay,2017,0.687183529,2670291.0,,,0.1329726983700001
Uruguay,2017,0.441169235996379,2670291.0,,,0.1778656138273644
Uzbekistan,2017,0.436261907,22359293.0,,,0.16333453154000008
Uzbekistan,2017,0.208981166,22359293.0,,,0.16988522056000008
"Venezuela, RB",2017,0.782752922,22179490.0,0.120270526,,0.13235565297000013
"Venezuela, RB",2017,0.569840583,22179490.0,0.073211724,,0.12441553875000003
Viet Nam,2017,0.298794365,71315938.0,,,0.29034399419999973
Viet Nam,2017,0.342172074,71315938.0,,,0.2562562632499999
West Bank and Gaza,2017,0.330769205,2625785.0,,,0.2709084595599996
West Bank and Gaza,2017,0.121657134,2625785.0,,,0.2880591284099996
Zambia,2017,0.484441665,9326870.0,0.272088235,,0.30094610097999974
Zambia,2017,0.415426341,9326870.0,0.289030297,,0.2898552234700001
Zimbabwe,2017,0.587692332,8235262.0,0.513830342,,0.5021127734399993
Zimbabwe,2017,0.483546823,8235262.0,0.430091697,,0.39786899544000043
Afghanistan,2021,,21791072.0,,,0.30825921018999985
Afghanistan,2021,,21791072.0,,,0.30825921018999985
Albania,2021,0.442597378,2340601.0,,,0.29429372175736435
Albania,2021,0.438671002,2340601.0,,,0.26899653283472874
Algeria,2021,0.51488915,30458426.0,,,0.3200805916699999
Algeria,2021,0.267237577,30458426.0,,,0.3440863415100002
Argentina,2021,0.706820806,34481880.0,0.301113158,,0.3230285125699999
Argentina,2021,0.753671465,34481880.0,0.547651453,,0.44902346627
Armenia,2021,0.571453335,2364189.0,0.145122612,,0.18558286227
Armenia,2021,0.476440386,2364189.0,0.263015714,,0.24915263758000028
Australia,2021,0.992149004,20888823.0,,,0.31306074838736403
Australia,2021,1.0,20888823.0,,,0.3020435560699996
Austria,2021,0.999453634,7633446.0,,,0.33358324320999977
Austria,2021,1.0,7633446.0,,,0.32331096608999976
Azerbaijan,2022,0.494833828,7732344.0,,,0.2986409906099997
Azerbaijan,2022,0.363766021,7732344.0,,,0.29937951282999964
Bangladesh,2021,0.545490535,117641793.0,0.301365544,,0.2874183115373641
Bangladesh,2021,0.477993148,117641793.0,0.257576662,,0.2672171285673648
Belgium,2021,0.996496688,9600074.0,,,0.34258122976472855
Belgium,2021,0.947286194,9600074.0,,,0.33676032095999964
Benin,2021,0.536447927,7495327.0,0.385064851,,0.39624520831000004
Benin,2021,0.401233118,7495327.0,0.336155873,,0.3208657189799996
Bolivia,2021,0.699053025,8150856.0,0.105527798,,0.13073897823000005
Bolivia,2021,0.663624762,8150856.0,0.188950227,,0.16028877670999994
Bosnia and Herzegovina,2021,0.829771603,2851847.0,,,0.39498542751000054
Bosnia and Herzegovina,2021,0.610301634,2851847.0,,,0.3965266740500006
Botswana,2022,0.616383072,1588124.0,0.371652222,,0.4058368822000006
Botswana,2022,0.497241571,1588124.0,0.346909482,,0.33741970642000013
Brazil,2021,0.851499688,165349748.0,0.26190976,,0.2671846570400002
Brazil,2021,0.79917718,165349748.0,0.298028051,,0.2579001569000001
Bulgaria,2021,0.834495298,5933315.0,,,0.26199919194000026
Bulgaria,2021,0.886183877,5933315.0,,,0.2525992174000001
Burkina Faso,2021,0.365589918,12018028.0,0.231060187,,0.24772146239000034
Burkina Faso,2021,0.352273782,12018028.0,0.277150804,,0.2730960864400004
Cambodia,2021,0.351871166,11527565.0,,,0.3829886074800002
Cambodia,2021,0.276468824,11527565.0,,,0.37848065625000027
Cameroon,2021,0.533308015,15059599.0,0.422390277,,0.4186483695900003
Cameroon,2021,0.485632239,15059599.0,0.427908874,,0.36377073087000006
Canada,2021,0.995803312,31991096.0,,,0.15351598695736432
Canada,2021,1.0,31991096.0,,,0.16467329309000014
Chad,2022,0.264806379,8962706.0,0.139174088,,0.15203584305000017
Chad,2022,0.189175152,8962706.0,0.09023845,,0.10114844649999999
Chile,2021,0.864133467,15803947.0,,,0.22473065771000006
Chile,2021,0.899996906,15803947.0,,,0.24202475966999987
China,2021,0.887520908835361,1157739289.0,,,0.20163583154000014
China,2021,0.884684252,1157739289.0,,,0.20049789256000017
Colombia,2021,0.625823082,39661157.0,0.20027619,,0.2148078460200001
Colombia,2021,0.500012094,39661157.0,0.276588229,,0.26074922544000034
Comoros,2022,0.405563291,495193.0,,,0.2580675395099996
Comoros,2022,0.218975382,495193.0,,,0.26694928689999964
"Congo, Dem. Rep.",2022,0.287052811,51784116.0,0.229708569,,0.23038926063999987
"Congo, Dem. Rep.",2022,0.25402204,51784116.0,0.222009097,,0.21521042650000033
"Congo, Rep.",2021,0.476979716,3350070.0,0.351930649,,0.3790759308100001
"Congo, Rep.",2021,0.458190752,3350070.0,0.405489366,,0.3795421005400001
Costa Rica,2021,0.656660833,3990389.0,,,0.4253268964699997
Costa Rica,2021,0.770397397,3990389.0,,,0.4199328720699998
Cote d'Ivoire,2021,0.55879224,16718735.0,0.439843874,,0.4464648936399999
Cote d'Ivoire,2021,0.3998009,16718735.0,0.328345135,,0.31553356722999976
Croatia,2021,0.941140962,3348534.0,,,0.1536767390699998
Croatia,2021,0.76113214,3348534.0,,,0.30924771403736434
Cyprus,2021,0.952147286,1094549.0,,,0.16933572044999973
Cyprus,2021,0.835378414,1094549.0,,,0.15335311799999995
Czechia,2021,0.947848166,8985899.0,,,0.15566013768999962
Czechia,2021,0.961890542,8985899.0,,,0.15765626603999977
Denmark,2021,1.0,4880509.0,,,0.12254160581999977
Denmark,2021,1.0,4880509.0,,,0.12254160581999977
Dominican Republic,2021,0.576893692,7960918.0,,,0.11444962544999986
Dominican Republic,2021,0.311634166,7960918.0,,,0.1286246014099998
Ecuador,2021,0.678730041,12914981.0,,,0.12673377002
Ecuador,2021,0.545411314,12914981.0,,,0.11509421478999984
"Egypt, Arab Rep.",2021,0.337872694,72722825.0,,,0.11917653066999982
"Egypt, Arab Rep.",2021,0.097374169,72722825.0,,,0.1604846492073641
El Salvador,2021,0.371029216,4592875.0,0.104926174,,0.18529132092999973
El Salvador,2021,0.316502082,4592875.0,0.123380044,,0.17035650499472865
Estonia,2021,0.992922457,1110971.0,,,0.54995420009
Estonia,2021,1.0,1110971.0,,,0.5464297980299999
Eswatini,2022,0.737458227,779017.0,0.64073681,,0.6329646671599999
Eswatini,2022,0.465979099,779017.0,0.377891013,,0.3067549223042305
Ethiopia,2022,0.46320603,70814574.0,,,0.39620776097
Ethiopia,2022,0.468245197,70814574.0,,,0.4605543006399999
Finland,2021,1.0,4663598.0,,,0.4810651436747287
Finland,2021,0.964694293,4663598.0,,,0.45210087361999973
France,2021,0.992447556,55812045.0,,,0.5304313308699999
France,2021,0.992410255,55812045.0,,,0.5304313308699999
Gabon,2021,0.65060414,1467427.0,0.548819793,,0.5510971230000002
Gabon,2021,0.681322833,1467427.0,0.626269973,,0.58655949807
"Gambia, The",2022,0.377931101,1458016.0,,,0.5657071100400001
"Gambia, The",2022,0.249053224,1458016.0,,,0.55689670499
Georgia,2021,0.7359125,2940933.0,,,0.5826164088500001
Georgia,2021,0.545414716,2940933.0,,,0.5480983232673645
Germany,2021,0.999739578,71716499.0,,,0.5715710275699999
Germany,2021,1.0,71716499.0,,,0.5579560206299998
Ghana,2021,0.695160701,20017745.0,0.588756601,,0.59313878648
Ghana,2021,0.652242917,20017745.0,0.615871413,,0.5857112720300005
Greece,2021,0.95551274,9182577.0,,,0.2462717233099997
Greece,2021,0.901372655,9182577.0,,,0.21938714911999974
Guatemala,2022,0.364126618,11489738.0,,,0.22987560801999984
Guatemala,2022,0.381836371,11489738.0,,,0.22556572524999982
Guinea,2021,0.316263939,7735937.0,0.213878226,,0.21356667907999988
Guinea,2021,0.279744287,7735937.0,0.217640802,,0.2141358889399996
Honduras,2021,0.385282529,6863097.0,,,0.13559096195000017
Honduras,2021,0.360958077,6863097.0,,,0.14281627489000004
"Hong Kong SAR, China",2021,0.989142715,6637356.0,,,0.22305402736000007
"Hong Kong SAR, China",2021,0.888805119,6637356.0,,,0.1542109870500002
Hungary,2021,0.876745454,8330756.0,,,0.11412363215000008
Hungary,2021,0.924927793,8330756.0,,,0.11097823439000011
Iceland,2021,1.0,297833.0,,,0.12572342585000015
Iceland,2021,1.0,297833.0,,,0.12572342585000015
India,2021,0.813048884,1033092817.0,0.096030387,,0.14326772062000007
India,2021,0.675019314,1033092817.0,0.126615631,,0.14861331474999995
Indonesia,2021,0.509529946,203818030.0,,,0.1587036034
Indonesia,2021,0.546388887,203818030.0,,,0.13237502006000004
"Iran, Islamic Rep.",2021,0.917385943,66867932.0,0.101171233,,0.14726540049000014
"Iran, Islamic Rep.",2021,0.846737562,66867932.0,0.192576161,,0.17729048507000006
Iraq,2021,0.214200681,25903954.0,,,0.14411290787999995
Iraq,2021,0.12493597,25903954.0,,,0.17391478704000007
Ireland,2021,0.996092429,3983258.0,,,0.12704789961999993
Ireland,2021,1.0,3983258.0,,,0.12854729571736434
Israel,2021,0.985968241,6631697.0,,,0.22996407152
Israel,2021,0.710486494,6631697.0,,,0.17545069042000008
Italy,2021,0.990681227,51815239.0,,,0.19766519000000013
Italy,2021,0.827701974,51815239.0,,,0.14769327398999996
Jamaica,2021,0.7273564,2248537.0,0.10579218,,0.11597163741999994
Jamaica,2021,0.753614052,2248537.0,0.202547621,,0.12725814696999993
Japan,2021,0.994590113,110830955.0,,,0.2339517833499997
Japan,2021,0.902280328,110830955.0,,,0.1883400151299998
Jordan,2021,0.532068897,7296924.0,0.107424818,,0.1645457390399999
Jordan,2021,0.286884423,7296924.0,0.104093855,,0.22455307919999995
Kazakhstan,2021,0.827048231,13791287.0,,,0.6361890428799992
Kazakhstan,2021,0.735476908,13791287.0,,,0.6348123853699993
Kenya,2021,0.793409684,31704189.0,0.67824295,,0.6884390780215636
Kenya,2021,0.789132255,31704189.0,0.702720373,,0.7002552379299994
"Korea, Rep.",2021,0.986898615,45556455.0,,,0.1868261077399998
"Korea, Rep.",2021,0.985713021,45556455.0,,,0.25762006527000003
Kosovo,2021,0.640796282,1385580.0,,,0.13221459237
Kosovo,2021,0.440105189,1385580.0,,,0.1391670822073644
Kyrgyz Republic,2021,0.491118025,4515230.0,0.087063337,,0.20361846030736452
Kyrgyz Republic,2021,0.362434644,4515230.0,0.174298006,,0.313065966526822
Lao PDR,2021,0.41922478,5024510.0,,,0.401383179187364
Lao PDR,2021,0.263782243,5024510.0,,,0.3980107592399995
Latvia,2021,0.969216547,1596418.0,,,0.43471733804999924
Latvia,2021,0.943280355,1596418.0,,,0.39616642750999953
Lebanon,2021,0.240265608,4108774.0,,,0.43262342634999934
Lebanon,2021,0.078729753,4108774.0,,,0.43912874974999944
Lesotho,2022,0.64336263,1434393.0,0.447560073,,0.4559287040299992
Lesotho,2022,0.617963159,1434393.0,0.48819023,,0.47503882707000034
Liberia,2021,0.503139997,3018782.0,0.356786582,,0.3620055809700002
Liberia,2021,0.539966215,3018782.0,0.374048763,,0.3795447096899999
Lithuania,2021,0.937673968,2372426.0,,,0.19042771743
Lithuania,2021,0.920234037,2372426.0,,,0.18617829970999997
Madagascar,2022,0.267765723,17259462.0,0.183611326,,0.19593992806000007
Madagascar,2022,0.253975348,17259462.0,0.202794548,,0.19772438444000007
Malawi,2021,0.474602032,11111253.0,0.372040723,,0.3707650152800002
Malawi,2021,0.347924672,11111253.0,0.295902406,,0.27839295207
Malaysia,2021,0.925143703,25769271.0,0.286997554,,0.2881360851199996
Malaysia,2021,0.742709398,25769271.0,0.255226375,,0.28446678311999973
Mali,2021,0.446873607,11438992.0,0.30765147,,0.33197258186000006
Mali,2021,0.413040161,11438992.0,0.268094088,,0.2767063800400004
Malta,2021,0.967605594,446624.0,,,0.13243639995999984
Malta,2021,0.94436205,446624.0,,,0.1338716403899998
Mauritania,2022,0.267178468,2584547.0,0.122269345,,0.15708118368999985
Mauritania,2022,0.168491086,2584547.0,0.059794539,,0.06901663301000008
Mauritius,2021,0.92325623,1058961.0,0.148322399,,0.1564381851299998
Mauritius,2021,0.836217328,1058961.0,0.199764859,,0.16197630617000003
Mexico,2022,0.48661915,93851214.0,0.153363888,,0.19159288102000005
Mexico,2022,0.500434861,93851214.0,0.278492996,,0.24031940317000025
Moldova,2021,0.643238848,2108305.0,,,0.5563944937699992
Moldova,2021,0.638843772,2108305.0,,,0.5568775690099992
Mongolia,2021,0.992140395,2237019.0,0.585832802,,0.5656083776999996
Mongolia,2021,0.954488588,2237019.0,0.597203093,,0.5381610109899995
Morocco,2021,0.473234729,26706787.0,,,0.27771265224000014
Morocco,2021,0.358965995,26706787.0,,,0.26663515808000005
Mozambique,2021,0.495318539,16874256.0,0.276193097,,0.30805433902000007
Mozambique,2021,0.494260791,16874256.0,0.323724562,,0.3236061287499997
Myanmar,2021,0.443829652,39685121.0,0.236556431,,0.2563055246400002
Myanmar,2021,0.556807974,39685121.0,0.414741293,,0.3641061473499996
Namibia,2021,0.792066143,1715314.0,0.455014035,,0.46629754193999984
Namibia,2021,0.556114644,1715314.0,0.368659524,,0.3494639929500006
Nepal,2021,0.590206262,20254590.0,,,0.3663819675836438
Nepal,2021,0.422324381,20254590.0,,,0.3424031971899999
Netherlands,2021,1.0,14717214.0,,,0.32189631955682146
Netherlands,2021,0.981791815,14717214.0,,,0.3744516150173643
New Zealand,2021,0.99539285,4122094.0,,,0.3305873547620933
New Zealand,2021,0.944629284,4122094.0,,,0.37891839483736417
Nicaragua,2021,0.248901931,4567953.0,,,0.3516720585910084
Nicaragua,2021,0.295648683,4567953.0,,,0.35867620444992343
Niger,2022,0.108876344,12328593.0,,,0.27710188401883856
Niger,2022,0.130550869,12328593.0,,,0.32366278354612654
Nigeria,2021,0.507884879,122350743.0,,,0.3732975564199999
Nigeria,2021,0.348767625,122350743.0,,,0.3330246101320931
North Macedonia,2021,0.871387211,1536653.0,,,0.35762500598999986
North Macedonia,2021,0.740126677,1536653.0,,,0.3764640336799998
Norway,2021,1.0,4453612.0,,,0.361813813740466
Norway,2021,0.963707475,4453612.0,,,0.3699665330668219
Pakistan,2021,0.224570308,146030491.0,,,0.3346910476557372
Pakistan,2021,0.181023411,146030491.0,,,0.33440462580783037
Panama,2021,0.463443046,3160275.0,,,0.3300316926836441
Panama,2021,0.404220332,3160275.0,,,0.3779990437141862
Paraguay,2021,0.574443467,4679787.0,0.387350244,,0.36000401339
Paraguay,2021,0.455440802,4679787.0,0.346655938,,0.31552135472000037
Peru,2021,0.608503958,24463530.0,0.128974761,,0.16526901817000006
Peru,2021,0.466182313,24463530.0,0.190415771,,0.20232922498999995
Philippines,2021,0.557488259,77692157.0,0.236316263,,0.22667769034
Philippines,2021,0.401691112,77692157.0,0.168946894,,0.18389548937999997
Poland,2021,0.954579993,32028961.0,,,0.34139821161999984
Poland,2021,0.98054991054349,32028961.0,,,0.3313610227699999
Portugal,2021,0.945226746,8923687.0,,,0.2865222453999997
Portugal,2021,0.781563964,8923687.0,,,0.28836419215999975
Romania,2021,0.68695628,16163817.0,,,0.30790232000999973
Romania,2021,0.719228766,16163817.0,,,0.3101621285599997
Russian Federation,2021,0.890201999,119582441.0,0.296683621,,0.3019384390299998
Russian Federation,2021,0.934904659,119582441.0,0.505768043,,0.30771451831999985
Saudi Arabia,2021,0.753040673,23509479.0,,,0.4458534236699996
Saudi Arabia,2021,0.705175566,23509479.0,,,0.3846627462299997
Senegal,2021,0.601370134,10017948.0,0.466195219,,0.47590436243999973
Senegal,2021,0.478284441,10017948.0,0.415173107,,0.40098479998000036
Serbia,2021,0.921475532,5915242.0,,,0.21974479439000016
Serbia,2021,0.693964457,5915242.0,,,0.2210857331600002
Sierra Leone,2021,0.309463494,4762478.0,0.199274844,,0.20330527506736448
Sierra Leone,2021,0.249247552,4762478.0,0.173829943,,0.1835524812699999
Singapore,2021,0.980690583,4993587.0,0.307545828,,0.2951701805699996
Singapore,2021,0.943596987,4993587.0,0.296806859,,0.30320505049000007
Slovak Republic,2021,0.955587647,4593346.0,,,0.37332303196
Slovak Republic,2021,0.960540929,4593346.0,,,0.36598882677999994
Slovenia,2021,0.989550143,1784150.0,,,0.3848253177473644
Slovenia,2021,1.0,1784150.0,,,0.3814322372699999
South Africa,2021,0.873003779,44211052.0,0.385320497,,0.3810631931199997
South Africa,2021,0.790614558,44211052.0,0.301025002,,0.25868323352
South Sudan,2021,,6159568.0,,,0.4730918605300009
South Sudan,2021,,6159568.0,,,0.4730918605300009
Spain,2021,0.984932443,40639965.0,,,0.42757768574000066
Spain,2021,0.968415238,40639965.0,,,0.43601634791000066
Sri Lanka,2021,0.900525743,16803664.0,,,0.4405355812700008
Sri Lanka,2021,0.864015211,16803664.0,,,0.43687091838000064
Sweden,2021,0.996465114,8517166.0,,,0.3776447893899999
Sweden,2021,1.0,8517166.0,,,0.3553900294899998
Switzerland,2021,0.994374863,7337959.0,,,0.40898551544000034
Switzerland,2021,1.0,7337959.0,,,0.41201382054000063
"Taiwan, China",2021,0.965125033,20568066.0,,,0.42522988570000064
"Taiwan, China",2021,0.832020607,20568066.0,,,0.42462190526000065
Tajikistan,2021,0.466475341,6196225.0,,,0.4333345774500006
Tajikistan,2021,0.180839802,6196225.0,,,0.3043545079573644
Tanzania,2021,0.537774606,34527295.0,0.458963226,,0.4506552961800006
Tanzania,2021,0.49902486,34527295.0,0.421000228,,0.4166680513699996
Thailand,2021,0.952166392,60059109.0,0.578199373,,0.34271009761000015
Thailand,2021,0.969984931,60059109.0,0.685990864,,0.5164454503700001
Togo,2021,0.530376714,5137794.0,0.387364275,,0.37905560182999987
Togo,2021,0.423368219522507,5137794.0,0.317035616,,0.31050639940999963
Tunisia,2021,0.399747756,8970562.0,,,0.1853143225500002
Tunisia,2021,0.243423961,8970562.0,,,0.2209750882300002
Turkiye,2021,0.744564232,64398074.0,0.164122661,,0.23214133632000025
Turkiye,2021,0.727424526,64398074.0,0.252082561,,0.22259651321000032
Uganda,2021,0.681297546,24351947.0,0.552368833,,0.5592196896926384
Uganda,2021,0.626527405,24351947.0,0.516758023,,0.5031512548000004
Ukraine,2021,0.826839247,37851388.0,,,0.14921805051000012
Ukraine,2021,0.908892632,37851388.0,,,0.15611139210000022
United Arab Emirates,2021,0.871586652,7842387.0,0.138278741,,0.1281807932800001
United Arab Emirates,2021,0.794338574,7842387.0,0.107194305,,0.11999315406000007
United Kingdom,2021,0.997353468,55029201.0,,,0.3162808117699997
United Kingdom,2021,1.0,55029201.0,,,0.3340917724499997
United States,2021,0.951570243,270549658.0,,,0.30146050857999973
United States,2021,0.938018128,270549658.0,,,0.2725641753199998
Uruguay,2021,0.773529518,2725712.0,,,0.3254607133200001
Uruguay,2021,0.59462253,2725712.0,,,0.31581166236999986
Uzbekistan,2021,0.497869659,23599241.0,,,0.3106456378899997
Uzbekistan,2021,0.24400025,23599241.0,,,0.32444696578999965
"Venezuela, RB",2021,0.914927901,20527738.0,0.301519737,,0.25471825146
"Venezuela, RB",2021,0.622448522,20527738.0,0.308068834,,0.24867331747000002
Viet Nam,2022,0.566516021,74158712.0,0.13785337,,0.16641812247742427
Viet Nam,2022,0.545634971,74158712.0,0.282920553,,0.2407652928174242
West Bank and Gaza,2021,0.42390656,2915259.0,,,0.40271545000472847
West Bank and Gaza,2021,0.182936517,2915259.0,,,0.4288788112299994
"Yemen, Rep.",2022,0.161080519,21192335.0,,,0.4176326073099997
"Yemen, Rep.",2022,0.05009956,21192335.0,,,0.42471717860999947
Zambia,2021,0.507426627,10800121.0,0.439351194,,0.41788768634999973
Zambia,2021,0.44506118,10800121.0,0.374653194,,0.36508229474999987
Zimbabwe,2021,0.646846193,8977056.0,0.549383914,,0.5264021056600009
Zimbabwe,2021,0.495798605,8977056.0,0.417688484,,0.39282881494
Albania,2024,0.487114254,2278004.0,,0.802785411,0.5006433498299998
Albania,2024,0.293556602,2278004.0,,0.990442509,0.5117435607699995
Algeria,2024,0.409394574,32019804.0,,0.790450315,0.47949727142999976
Algeria,2024,0.185253329,32019804.0,,0.943810269,0.4804468221299998
Argentina,2024,0.810976343,35433130.0,0.521534409,0.85750679,0.5331547685099997
Argentina,2024,0.843725876,35433130.0,0.753811424,0.977977905,0.6736392263199995
Armenia,2024,0.725797321,2406318.0,0.169581337,0.858851408,0.18436230907000017
Armenia,2024,0.636788282,2406318.0,0.199254656,0.979731072,0.22649665677000036
Australia,2024,0.97887177,21852264.0,,0.9139893,0.2683340911799998
Australia,2024,0.987486383,21852264.0,,0.977545718,0.18182723338999962
Austria,2024,0.994406299,7825678.0,,0.929150614,0.20859919922999967
Austria,2024,1.0,7825678.0,,1.0,0.19475445057999974
Azerbaijan,2024,0.617441198,7885113.0,,0.83739285,0.2809597583399999
Azerbaijan,2024,0.317424862,7885113.0,,0.981520131,0.2155261171699997
Bahrain,2024,0.83324837,1277545.0,,0.970157159,0.2042805319166663
Bahrain,2024,0.766126203,1277545.0,,1.0,0.20391559164999973
Bangladesh,2024,0.449473909,122837439.0,0.188651204,0.347540001,0.1949900437999997
Bangladesh,2024,0.387281503,122837439.0,0.259810624,0.67748738,0.2368026216550786
Belgium,2024,0.982724761,9867164.0,,0.942940783,0.13775460398999997
Belgium,2024,0.980009405,9867164.0,,1.0,0.13702479341999985
Belize,2024,0.716038758,300138.0,0.122385259,0.837785655,0.12904485293999995
Belize,2024,0.580107066,300138.0,0.175768975,0.922134677,0.16651881517999992
Benin,2024,0.573960952,8207504.0,0.480818866,0.282119176,0.5000037596999999
Benin,2024,0.420188871,8207504.0,0.391953427,0.451908824,0.35725795859000004
Bolivia,2024,0.579699446,8553476.0,0.175927823,0.72354502,0.26066237020000005
Bolivia,2024,0.53823846,8553476.0,0.264152665,0.973805253,0.2323795312700001
Bosnia and Herzegovina,2024,0.810394765,2764009.0,,0.824677008,0.5659632410000005
Bosnia and Herzegovina,2024,0.58404247,2764009.0,,0.971621298,0.4956295833800002
Botswana,2024,0.642385837,1679590.0,0.529654665,0.418507132,0.5096768319799998
Botswana,2024,0.522769665,1679590.0,0.472085297,0.649404533,0.4361740797099996
Brazil,2024,0.868281158,169047814.0,0.541827959,0.851063135,0.5464253573900006
Brazil,2024,0.843933437,169047814.0,0.758853634,0.984126927,0.6803581293699995
Bulgaria,2024,0.853020197,5509377.0,,0.775999901,0.43186405824999957
Bulgaria,2024,0.791669804,5509377.0,,0.970493374,0.3454008974050183
Burkina Faso,2024,0.535592523,13262560.0,0.459176772,0.288256175,0.4662679617199998
Burkina Faso,2024,0.472708872,13262560.0,0.407250264,0.361717253,0.417915294955673
Cambodia,2024,0.385520971,12177453.0,0.146257928,0.75455026,0.16884034058000022
Cambodia,2024,0.405397345,12177453.0,0.240132019,0.98464347,0.2821532837100004
Cameroon,2024,0.628688101,16524096.0,0.554323065,0.396351213,0.56203254137
Cameroon,2024,0.571746316,16524096.0,0.543852309,0.585031589,0.5260362519700006
Canada,2024,0.981876619,33960981.0,,0.943817988,0.12982377875000017
Canada,2024,1.0,33960981.0,,1.0,0.1919767224999999
Chad,2024,0.209963435,10289880.0,0.122282109,0.100997387,0.12731757904000016
Chad,2024,0.207374442,10289880.0,0.151550129,0.134774582,0.15156469160000025
Chile,2024,0.850152768,16241277.0,,0.845331168,0.36331257645000015
Chile,2024,0.853691665,16241277.0,,0.987948915,0.34933113598000043
China,2024,0.894974583,1176678702.0,,0.845479625,0.3821992062181264
China,2024,0.885587192,1176678702.0,,0.983635597,0.39640480854999993
Colombia,2024,0.557707913,41544122.0,0.366019515,0.772268542,0.31384470008000037
Colombia,2024,0.622389272,41544122.0,0.493736911,0.945960596,0.4642814732099994
Comoros,2024,0.516069935,532331.0,0.144415277423058,0.386006463,0.17203233468306262
Comoros,2024,0.324618637,532331.0,0.133585753,0.534215917,0.12992793452000012
"Congo, Dem. Rep.",2024,0.437790428,57033055.0,0.385321321,0.285564212,0.38063554458999976
"Congo, Dem. Rep.",2024,0.316440897,57033055.0,0.294571811,0.379244162,0.24141049393999992
"Congo, Rep.",2024,0.556570332,3655093.0,0.507257131,0.264274953,0.5084836832500005
"Congo, Rep.",2024,0.553898016,3655093.0,0.535843129,0.512382593,0.5121537816799998
Costa Rica,2024,0.72349425,4118576.0,,0.847623787,0.5425678835300005
Costa Rica,2024,0.671332161,4118576.0,,0.984900581,0.5580115914200002
Cote d'Ivoire,2024,0.61711442,18301587.0,0.568215858,0.473517245,0.5695015311500005
Cote d'Ivoire,2024,0.486274746,18301587.0,0.459605017,0.469272684,0.44022874939000056
Croatia,2024,0.977718216,3313982.0,,0.856935726,0.19747062588000006
Croatia,2024,0.552353178,3313982.0,,1.0,0.22976511022000004
Cyprus,2024,0.962670485,1129055.0,,0.886255483,0.2830480520100004
Cyprus,2024,0.953214058,1129055.0,,1.0,0.22131922157000006
Czechia,2024,0.923958816,9161251.0,,0.919882954,0.20296919692000004
Czechia,2024,0.913542044,9161251.0,,1.0,0.20763894911000008
Denmark,2024,0.98777646,5003352.0,,0.978509978,0.18494394512000006
Denmark,2024,0.979357075,5003352.0,,1.0,0.20422249056000008
Dominican Republic,2024,0.700094574,8281568.0,0.183038647,0.863669012,0.18974088221000007
Dominican Republic,2024,0.474303767,8281568.0,0.170607028,0.991884526,0.19269615698999967
Ecuador,2024,0.657733737,13484219.0,0.093464961,0.79447543,0.09724713067999995
Ecuador,2024,0.605153389,13484219.0,0.124079055,0.931560275,0.1509388809599998
"Egypt, Arab Rep.",2024,0.470131694,77385958.0,0.128834236,0.457411283,0.1641418432801573
"Egypt, Arab Rep.",2024,0.325398576,77385958.0,0.22992354,0.796757767,0.23051222493244317
El Salvador,2024,0.452763843,4718943.0,,0.768510344,0.42288552321999967
El Salvador,2024,0.368398421,4718943.0,,0.948602022,0.5278896118299993
Estonia,2024,0.989826204,1151475.0,,0.970827617,0.5429767127799995
Estonia,2024,0.982333131,1151475.0,,0.982333131,0.5512184340599995
Eswatini,2024,0.734298294,816208.0,0.577097581,0.457668048,0.5827059788699993
Eswatini,2024,0.440752171,816208.0,0.319246797,0.663063685,0.2598337098800004
Ethiopia,2024,0.540440737,78031387.0,,0.091416143,0.5164128088300001
Ethiopia,2024,0.379447401,78031387.0,,0.234958087,0.5118261852850781
Finland,2024,1.0,4749954.0,,0.933239776,0.6279866137100003
Finland,2024,0.986449515,4749954.0,,0.983582705,0.5393935407999993
France,2024,0.990919035,56825584.0,,0.959794045,0.60314676711
France,2024,1.0,56825584.0,,1.0,0.5650308525099994
Gabon,2024,0.712739464,1573811.0,0.629201755,0.632569994,0.627658073059999
Gabon,2024,0.620035953,1573811.0,0.590874907,0.796350498,0.5334985076599998
"Gambia, The",2024,0.401781551,1598990.0,0.217873653,0.624200058,0.2207788092200002
"Gambia, The",2024,0.347950047,1598990.0,0.145854042,0.689017827,0.16220320291999993
Georgia,2024,0.804361371,2933716.0,,0.789607205,0.7597789457700002
Georgia,2024,0.687329152,2933716.0,,1.0,0.6503928873000003
Germany,2024,0.992900737,71691113.0,,0.948944454,0.7702740332000001
Germany,2024,0.908792278,71691113.0,,0.96435417,0.7196002275800001
Ghana,2024,0.817894024,21563813.0,0.784934501,0.503163484,0.7792186116499988
Ghana,2024,0.799671595,21563813.0,0.777861122,0.651324757,0.7612864186093852
Greece,2024,0.90778834,8991800.0,,0.901591191,0.24494784556999974
Greece,2024,0.699156626,8991800.0,,1.0,0.2568985883799997
Guatemala,2024,0.396546974,12299923.0,,0.655214063,0.2200379193199999
Guatemala,2024,0.347905461,12299923.0,,0.853731489,0.2737604613199997
Guinea,2024,0.3716843,8464230.0,0.275103747,0.300414635,0.2849806661199997
Guinea,2024,0.336901211,8464230.0,0.222686103,0.330889229,0.22534824718000002
Honduras,2024,0.428835696,7345357.0,0.095671811,0.699031957,0.11081304205000009
Honduras,2024,0.411686514,7345357.0,0.14713021,0.908663791,0.19569256953000014
"Hong Kong SAR, China",2024,0.974437409,6729811.0,,0.87392884,0.24723190666000036
"Hong Kong SAR, China",2024,0.959277865,6729811.0,,1.0,0.2480345441750186
Hungary,2024,0.858097233,8202714.0,,0.897217781,0.20402624901000035
Hungary,2024,0.964328904,8202714.0,,1.0,0.19664726278000028
Iceland,2024,0.998275862,322325.0,,0.986061743,0.23032947022000022
Iceland,2024,1.0,322325.0,,1.0,0.21888772581000027
India,2024,0.911674455,1077731602.0,0.207763998,0.387273808,0.20008006326000027
India,2024,0.833298882,1077731602.0,0.292787212,0.643445635,0.3036710072700002
Indonesia,2024,0.547250177,211076339.0,0.17093372,0.62965141,0.19231421027000026
Indonesia,2024,0.619926628,211076339.0,0.393997695,0.969606783,0.3825033315974244
"Iran, Islamic Rep.",2024,0.908758715,69914781.0,0.112714087,0.720401857,0.14629516233000017
"Iran, Islamic Rep.",2024,0.9176576,69914781.0,0.200802749,0.981951848,0.3331402670300001
Iraq,2024,0.302429261,28355455.0,0.110602814,0.709021966,0.13514257668
Iraq,2024,0.299052578,28355455.0,0.143790667,0.926108449,0.17355833954999988
Ireland,2024,0.982569982,4298252.0,,0.945626817,0.24253839531068674
Ireland,2024,0.985196119,4298252.0,,0.963462158,0.2178917711162521
Israel,2024,0.977244734,7062352.0,,0.879960525,0.2739624283300003
Israel,2024,0.574471602,7062352.0,,0.788990089,0.1755012516099999
Italy,2024,0.896476719,51829051.0,,0.881042859,0.28565049998688324
Italy,2024,0.573500604,51829051.0,,1.0,0.23102163254484825
Japan,2024,0.986555532,110011344.0,,0.814104465,0.29316340363
Japan,2024,0.973861999,110011344.0,,1.0,0.30486930670999995
Jordan,2024,0.553178017,7867178.0,0.215690356,0.855559023,0.21652139277999982
Jordan,2024,0.292483474,7867178.0,0.186117605,0.964738014,0.22777915816999986
Kazakhstan,2024,0.910544065,14324777.0,0.500536415,0.866040144,0.4913577204599995
Kazakhstan,2024,0.682685954,14324777.0,0.432498239,0.96720695,0.43167371452999986
Kenya,2024,0.902583549,34616135.0,0.871351486,0.526465811,0.8714596125499995
Kenya,2024,0.898479264,34616135.0,0.882150854,0.759114807,0.8756824901800009
"Korea, Rep.",2024,0.966967806,46039322.0,0.567580769,0.849973258,0.5713111076000005
"Korea, Rep.",2024,0.983620852,46039322.0,0.848609661,0.982453393,0.6774736114099993
Kosovo,2024,0.720350245,1382360.0,,0.945814128,0.31604372971999956
Kosovo,2024,0.41414962,1382360.0,,0.994942295,0.37799742831999966
Kuwait,2024,0.738269028,3950546.0,,0.965912719,0.3078438985099996
Kuwait,2024,0.777451281,3950546.0,,0.928865399,0.27507366642896725
Kyrgyz Republic,2024,0.773597564,4780143.0,0.332284823,0.905086454,0.32800518516398486
Kyrgyz Republic,2024,0.552359148,4780143.0,0.237052418,0.971080736,0.2776622630400002
Lao PDR,2024,0.40696207,5322750.0,0.120153971,0.648671492,0.1340930903900001
Lao PDR,2024,0.302399256,5322750.0,0.114079002,0.830545402,0.19923456848000012
Latvia,2024,0.955994894,1582835.0,,0.933583587,0.5388438968900005
Latvia,2024,0.896607631,1582835.0,,0.97008082,0.5158788811400007
Lebanon,2024,0.279830602,4231057.0,,0.929557997,0.5123104830000005
Lebanon,2024,0.059581621,4231057.0,,0.984873583,0.5511641072799999
Lesotho,2024,0.649069683,1504222.0,0.553099856,0.380462304,0.5446587046300005
Lesotho,2024,0.531560954,1504222.0,0.488385229,0.656672359,0.4018262252199999
Liberia,2024,0.535715586,3295997.0,0.490012342,0.297905042,0.47362027390000044
Liberia,2024,0.497649483,3295997.0,0.448739869,0.385702185,0.4462099521600004
Libya,2024,0.381295678,5262910.0,,0.775599512,0.22654222358999995
Libya,2024,0.193875296,5262910.0,,0.885908358,0.24234066097000015
Lithuania,2024,0.988802236,2444088.0,,0.87726947,0.2403322038600002
Lithuania,2024,1.0,2444088.0,,1.0,0.2558226115400002
Madagascar,2024,0.239229385,18851036.0,0.179673387,0.07638742,0.18300890938999995
Madagascar,2024,0.254271302,18851036.0,0.219266123,0.174104136,0.2150684534600002
Malawi,2024,0.519133941,12384937.0,0.49259073,0.174904315,0.48002417030000083
Malawi,2024,0.477891538,12384937.0,0.442901899,0.255402652,0.42738675893999956
Malaysia,2024,0.891171379,27297352.0,0.418252373,0.839751943,0.4107155227200004
Malaysia,2024,0.870831219,27297352.0,0.54639889,0.979148638,0.5282228853999995
Mali,2024,0.596893977,12725942.0,0.502182126,0.43105644,0.5065119825300004
Mali,2024,0.458003633,12725942.0,0.450754846,0.511949551,0.4331705936600002
Malta,2024,0.966148862,480050.0,,0.918048719,0.10602014831999991
Malta,2024,0.961067053,480050.0,,1.0,0.09116967022000001
Mauritania,2024,0.305638864,2860979.0,,0.566010377,0.10796074357999988
Mauritania,2024,0.209447582,2860979.0,,0.660023057,0.10676334961999989
Mauritius,2024,0.895622248,1070318.0,0.090615703,0.731397639,0.09230223305000003
Mauritius,2024,0.897825431,1070318.0,0.155421684,0.976498529,0.1540630365100001
Mexico,2024,0.554321327,97411242.0,0.104692947,0.730794804,0.15835836116000018
Mexico,2024,0.446702388,97411242.0,0.103262265,0.930038468,0.1870179179399999
Moldova,2024,0.550742264,1966418.0,,0.766843615,0.5229988399100005
Moldova,2024,0.589612388,1966418.0,,0.931318316,0.6035116543700009
Mongolia,2024,0.988850129,2344987.0,0.633394305,0.838023583,0.5952480201300002
Mongolia,2024,0.958622875,2344987.0,0.667843652,0.99152959,0.4538489877100001
Montenegro,2024,0.846434722,503215.0,,0.812817402,0.25653636692
Montenegro,2024,0.330973747,503215.0,,0.95419081,0.4457417690799994
Morocco,2024,0.490369064,27893979.0,,0.577838368,0.39540600502999945
Morocco,2024,0.302073749,27893979.0,,0.860680948,0.40973657564999955
Mozambique,2024,0.570965845,18581790.0,0.463931683,0.217733382,0.4869041215399993
Mozambique,2024,0.499572795,18581790.0,0.446231982,0.358170891,0.44622298742000027
Namibia,2024,0.786315751,1858089.0,0.500073847,0.524338551,0.5041558542800006
Namibia,2024,0.591272853,1858089.0,0.446812451,0.660003946,0.4748483801099998
Nepal,2024,0.673720985,21168213.0,0.073076439,0.423938653,0.07519421871000005
Nepal,2024,0.391164573,21168213.0,0.198479278,0.719890803,0.21326239504000025
Netherlands,2024,0.990348764,15164931.0,,0.952406245,0.3173985734499995
Netherlands,2024,1.0,15164931.0,,1.0,0.3083879274399995
New Zealand,2024,0.983551455,4263369.0,,0.947436862,0.34634511292063075
New Zealand,2024,0.953846737,4263369.0,,0.990362058,0.3368123430499997
Nicaragua,2024,0.218236549,4830854.0,,0.714639425,0.36198121076000006
Nicaragua,2024,0.28349075,4830854.0,,0.843634167,0.33938338762999976
Niger,2024,0.142297776,13873697.0,,0.156877667,0.2867205760799997
Niger,2024,0.157389266,13873697.0,,0.153587091,0.3022353682599997
Nigeria,2024,0.736886247,133329232.0,0.363824022,0.359436847,0.38033985183000013
Nigeria,2024,0.444306589,133329232.0,0.263045639,0.409807906,0.21726813322999966
North Macedonia,2024,0.883666243,1515847.0,,0.808326137,0.20523966182999998
North Macedonia,2024,0.573747764,1515847.0,,0.985689233,0.20508554435999998
Norway,2024,0.991885302,4608487.0,,0.979076473,0.21508476810000005
Norway,2024,0.944300567,4608487.0,,1.0,0.22677091963999993
Oman,2024,0.691546307,3775451.0,,0.919308192,0.20266456791000015
Oman,2024,0.714165173,3775451.0,,0.951929935,0.22565634970999998
Pakistan,2024,0.285427199,155833628.0,0.182703973,0.301725999,0.17516407520000005
Pakistan,2024,0.243424902,155833628.0,0.185650775,0.487228893,0.19756414430507824
Panama,2024,0.658787018,3331755.0,0.36610663,0.716051123,0.3486908953700002
Panama,2024,0.575227278,3331755.0,0.433699337,0.880194308,0.4276282711999999
Paraguay,2024,0.65079302,4874331.0,0.365891925,0.799533116,0.35328985324
Paraguay,2024,0.472972593,4874331.0,0.338516895,0.965722956,0.3415333109300003
Peru,2024,0.609900311,25601447.0,0.411898343,0.729526946,0.36106365212
Peru,2024,0.52985689,25601447.0,0.474189229,0.977107595,0.4411108993099993
Philippines,2024,0.481663078,82023644.0,0.212478888,0.600128936,0.21598101756999988
Philippines,2024,0.551122807,82023644.0,0.472666338,0.968674009,0.4244712423722731
Poland,2024,0.878544942,31148749.0,,0.784144922,0.3566569733100004
Poland,2024,0.736306262,31148749.0,,0.990973736,0.38300223907000025
Portugal,2024,0.911760171,9214262.0,,0.84457673,0.1964459299500002
Portugal,2024,0.930082216,9214262.0,,1.0,0.3291506750900004
Romania,2024,0.694744285,16033507.0,,0.742285926,0.3716183206300003
Romania,2024,0.856315207,16033507.0,,0.977515738,0.3625954646100005
Russian Federation,2024,0.779776788,118635010.0,,0.929451828,0.3130506428600005
Russian Federation,2024,0.884517352,118635010.0,,0.929606306,0.3705861253400004
Saudi Arabia,2024,0.823060142,25248449.0,0.378852373,0.994260637,0.37746154843000035
Saudi Arabia,2024,0.648997344,25248449.0,0.309328521,0.978985817,0.3113426286700002
Senegal,2024,0.827972701,11094279.0,0.732628322,0.665550711,0.746593109191563
Senegal,2024,0.632600737,11094279.0,0.536829656,0.774911879,0.5309137775500001
Serbia,2024,0.901095614,5672737.0,,0.763850307,0.28832062234
Serbia,2024,0.378955351,5672737.0,,0.980918751,0.40306542787999966
Sierra Leone,2024,0.398267675,5200533.0,0.325941177,0.29080227,0.31946014839000025
Sierra Leone,2024,0.364963362,5200533.0,0.314941628,0.392201029,0.3147678503899998
Singapore,2024,0.978386326,5220107.0,0.545715607,0.919389784,0.5470065846699994
Singapore,2024,0.988662974,5220107.0,0.692108377,0.996211536,0.5799695575499993
Slovak Republic,2024,0.936161556,4563499.0,,0.862288423,0.33969362012000004
Slovak Republic,2024,0.81096751,4563499.0,,1.0,0.31334578120999984
Slovenia,2024,0.987607595,1803880.0,,0.861549318,0.3326849584100001
Slovenia,2024,0.986279614,1803880.0,,1.0,0.3163324196399999
South Africa,2024,0.857841304,46723498.0,0.335288187,0.636699687,0.36418725059999985
South Africa,2024,0.666012889,46723498.0,0.256812746,0.827746437,0.2370605958200002
Spain,2024,0.981823618,41937630.0,,0.964661265,0.13664564163000012
Spain,2024,1.0,41937630.0,,0.969698177,0.18045731088000014
Sri Lanka,2024,0.834123615,17109247.0,,0.32989865,0.1575056363700002
Sri Lanka,2024,0.750641244,17109247.0,,0.814019809,0.2577748723200002
Sweden,2024,0.983527391,8719085.0,,0.980672391,0.15522858327000014
Sweden,2024,1.0,8719085.0,,1.0,0.20194426068999982
Switzerland,2024,0.984456652,7553903.0,,0.941095559,0.1671102974000001
Switzerland,2024,0.980895176,7553903.0,,0.972785523,0.17988855756000013
"Taiwan, China",2024,0.966430252,20437095.0,,0.889607867,0.20045330081000018
"Taiwan, China",2024,0.877358773,20437095.0,,1.0,0.23336671111000026
Tajikistan,2024,0.637446312,6596875.0,0.162653536,0.594866904,0.19126624445000023
Tajikistan,2024,0.297660846,6596875.0,0.095061351,0.706223622,0.12049039650000003
Tanzania,2024,0.63090052,38155970.0,0.550279834,0.160510802,0.5538261721300004
Tanzania,2024,0.531513813,38155970.0,0.484053044,0.294085625,0.47804651003999993
Thailand,2024,0.926185771,60882768.0,0.373549837,0.831443144,0.3682217379999995
Thailand,2024,0.881285982,60882768.0,0.61810101,0.980617663,0.550304287119999
Togo,2024,0.611008581,5593530.0,0.494553553,0.431822862,0.5162774869800005
Togo,2024,0.490469009,5593530.0,0.446457493,0.449312493,0.4322244425399997
Trinidad and Tobago,2024,0.740234332,1120989.0,,0.826732774,0.24346094451000028
Trinidad and Tobago,2024,0.769727618,1120989.0,,1.0,0.2285638796100001
Tunisia,2024,0.454756635,9219268.0,,0.596755988,0.21526059032000025
Tunisia,2024,0.11659258,9219268.0,,0.96500387,0.2657840896700003
Turkiye,2024,0.855706061,66691005.0,0.235295816,0.847359381,0.27437425945688326
Turkiye,2024,0.652395251,66691005.0,0.224813664,0.986338346,0.2505689408399997
Uganda,2024,0.769347109,27277834.0,0.709263706,0.317826158,0.7093937179100006
Uganda,2024,0.667441953,27277834.0,0.630165877,0.477714076,0.6034005617099996
Ukraine,2024,0.869972071,32338724.0,,0.943880108,0.34967416795000017
Ukraine,2024,0.929277149,32338724.0,,1.0,0.3499660502900004
United Kingdom,2024,0.991760136,56450851.0,,0.960355168,0.3552215871300004
United Kingdom,2024,1.0,56450851.0,,0.969414113,0.3478040207300003
United States,2024,0.987844248,275987833.0,,0.973939676,0.33397252021000023
United States,2024,0.87662829,275987833.0,,1.0,0.3552849830700003
Uruguay,2024,0.759696491,2755004.0,,0.896137601,0.3473161908700003
Uruguay,2024,0.624323027,2755004.0,,1.0,0.30873755192000024
Uzbekistan,2024,0.66760624,24646062.0,,0.725376016,0.3464060346200003
Uzbekistan,2024,0.354143587,24646062.0,,0.777883192,0.3406093196700003
"Venezuela, RB",2024,0.903803014,20899114.0,0.343047155,0.87634092,0.3462146249300002
"Venezuela, RB",2024,0.7639221,20899114.0,0.317233169,0.957310907,0.36556311978999984
Viet Nam,2024,0.701939598,76663207.0,0.358770913,0.852139032,0.3707206529700004
Viet Nam,2024,0.721566679,76663207.0,0.51533893,0.998547677,0.4699003719899996
West Bank and Gaza,2024,0.490562492,3183655.0,,0.913960104,0.6948484710500006
West Bank and Gaza,2024,0.234405095,3183655.0,,0.986920768,0.6809207361200003
Zambia,2024,0.796105946,12029200.0,0.757737855,0.358997885,0.7410427791715641
Zambia,2024,0.615157676,12029200.0,0.588449192,0.436544181,0.5807139439599996
Zimbabwe,2024,0.546643548,9588258.0,0.464312913,0.30414011,0.4713664738500003
Zimbabwe,2024,0.382340721,9588258.0,0.365287049,0.343401012,0.3321387352700002
Albania,2024,0.407381387,2278004.0,,0.789986994,0.49534696814000045
Albania,2024,0.557078324,2278004.0,,0.897854989,0.5275274701300006
Algeria,2024,0.23044947,32019804.0,,0.783465845,0.4815927055173648
Algeria,2024,0.401667333,32019804.0,,0.848054664,0.46554372716000036
Argentina,2024,0.76653411,35433130.0,0.493645815,0.844433575,0.48386923614000016
Argentina,2024,0.842549103,35433130.0,0.603766815,0.89947071,0.5746242215500004
Armenia,2024,0.712492177,2406318.0,0.1454593,0.860597064,0.1896993204899999
Armenia,2024,0.71520665,2406318.0,0.206940932,0.892570796,0.19526398713999987
Australia,2024,0.985427915,21852264.0,,0.907083128,0.22952996380999957
Australia,2024,0.991501249,21852264.0,,0.952010746,0.2181787518999997
Austria,2024,0.99274897,7825678.0,,0.935645311,0.2213001281799997
Austria,2024,0.997922875,7825678.0,,0.937910451,0.22618271357999956
Azerbaijan,2024,0.513524164,7885113.0,,0.820569243,0.3448332177399999
Azerbaijan,2024,0.634732668,7885113.0,,0.925702643,0.2704809581099999
Bahrain,2024,0.823220521,1277545.0,,0.97461559,0.21927054431033327
Bangladesh,2024,0.444714354,122837439.0,0.21903702,0.388467993,0.20970283473999962
Bangladesh,2024,0.417634363,122837439.0,0.19314591,0.496382677,0.21803658584999977
Belgium,2024,0.983486927,9867164.0,,0.963213919,0.13503565908999993
Belgium,2024,0.997167211,9867164.0,,0.953650337,0.14746764728999984
Belize,2024,0.666719355,300138.0,0.12794104,0.854975143,0.13125480390999994
Belize,2024,0.743023577,300138.0,0.179285243,0.886590138,0.1579109353600002
Benin,2024,0.511172832,8207504.0,0.443153737,0.275309715,0.4516935064999998
Benin,2024,0.534367978,8207504.0,0.460966635,0.492978983,0.4568757906400001
Bolivia,2024,0.490134233,8553476.0,0.14432211,0.733406747,0.23852205409
Bolivia,2024,0.639133239,8553476.0,0.249777123,0.843308745,0.24867928321000018
Bosnia and Herzegovina,2024,0.763153656,2764009.0,,0.831137954,0.4486165707399998
Bosnia and Herzegovina,2024,0.827178497,2764009.0,,0.925107736378251,0.5339961441499993
Botswana,2024,0.606190989,1679590.0,0.51207641,0.460316068,0.5143303727799995
Botswana,2024,0.635417354,1679590.0,0.526707058,0.503983203,0.5260418068499995
Brazil,2024,0.854248783,169047814.0,0.49772362,0.858491334,0.5058075973200005
Brazil,2024,0.87090982,169047814.0,0.643971642,0.888105197,0.6033375635099995
Bulgaria,2024,0.807236592,5509377.0,,0.759896055,0.3994543338799998
Bulgaria,2024,0.92614011,5509377.0,,0.862181077,0.3864132206799998
Burkina Faso,2024,0.471039249,13262560.0,0.398802952,0.2656361,0.40870691923999986
Burkina Faso,2024,0.675258779,13262560.0,0.600826224,0.490108547,0.5977044897700002
Cambodia,2024,0.34038205,12177453.0,0.13900793,0.796244763,0.17940886946999993
Cambodia,2024,0.652417728,12177453.0,0.325789293,0.882455756,0.32614844064000004
Cameroon,2024,0.492609974,16524096.0,0.437101854,0.29516352,0.43153285050999995
Cameroon,2024,0.733024409,16524096.0,0.672184824,0.641504708,0.6602780010699993
Canada,2024,0.987492738,33960981.0,,0.950845336,0.16148724435000003
Canada,2024,0.993738335,33960981.0,,0.955121167,0.16566346355999975
Chad,2024,0.19330905,10289880.0,0.124152435,0.081956824,0.11429842128
Chad,2024,0.336991074,10289880.0,0.208544647,0.373673627,0.2153071007100001
Chile,2024,0.838596669,16241277.0,,0.855659247,0.3514719183300003
Chile,2024,0.856446474,16241277.0,,0.87247443,0.3507702400200002
China,2024,0.843318136,1176678702.0,,0.786126091,0.3062319040700001
China,2024,0.916581511,1176678702.0,,0.89743601,0.37409689966000026
Colombia,2024,0.515262555,41544122.0,0.342890906,0.777932705,0.33805055511000015
Colombia,2024,0.604875049,41544122.0,0.421559219,0.824804883,0.36350996122999973
Comoros,2024,0.457919737,532331.0,0.148931986,0.414564022,0.18076786454910995
Comoros,2024,0.438257942,532331.0,0.101671004,0.527087841,0.12584099129999993
"Congo, Dem. Rep.",2024,0.298592759,57033055.0,0.25244587,0.187045983,0.24681138389999988
"Congo, Dem. Rep.",2024,0.477201308,57033055.0,0.440962007,0.442431084,0.41851943335999964
"Congo, Rep.",2024,0.466698773,3655093.0,0.438586689,0.153664066,0.40329113828776414
"Congo, Rep.",2024,0.6312252,3655093.0,0.581449212,0.496915283,0.5721097143000007
Costa Rica,2024,0.715717806,4118576.0,,0.878118551,0.5023697301800008
Costa Rica,2024,0.711515353,4118576.0,,0.86993939,0.5013221661800007
Cote d'Ivoire,2024,0.51429008,18301587.0,0.474610638,0.379109741,0.4600710810900003
Cote d'Ivoire,2024,0.694780481,18301587.0,0.648694128,0.652738331,0.6349466325400005
Croatia,2024,0.919883288,3313982.0,,0.87735225,0.21955106690000026
Croatia,2024,0.949292741,3313982.0,,0.863110442,0.20060935551000017
Cyprus,2024,0.961024681,1129055.0,,0.867971963,0.2066546070900003
Cyprus,2024,0.978520348,1129055.0,,0.927128208,0.2915501906000007
Czechia,2024,0.938463218,9161251.0,,0.934968955,0.2257506835400003
Czechia,2024,0.919152696,9161251.0,,0.910849462,0.19872620047
Denmark,2024,0.98725313,5003352.0,,0.975072735,0.1805416635700001
Denmark,2024,0.984835483,5003352.0,,0.994616417,0.19447428452
Dominican Republic,2024,0.655086458,8281568.0,0.173169561,0.877223754,0.18354025057000015
Dominican Republic,2024,0.643933991,8281568.0,0.183836515,0.901877224,0.19388505532501812
Ecuador,2024,0.62558797,13484219.0,0.066387054,0.818949191,0.16694662416
Ecuador,2024,0.662579741,13484219.0,0.131881635,0.835272965,0.21235860197999995
"Egypt, Arab Rep.",2024,0.392926547,77385958.0,0.1248283025078589,0.452732402,0.12622246858073718
"Egypt, Arab Rep.",2024,0.452961043,77385958.0,0.173920401,0.603751757,0.18941053898000007
El Salvador,2024,0.396736826,4718943.0,,0.767463271,0.3618162865699999
El Salvador,2024,0.482506207,4718943.0,,0.861794647,0.43703491816000045
Estonia,2024,0.984649032,1151475.0,,0.960979118,0.5054657741500005
Estonia,2024,0.99427455,1151475.0,,0.985474802,0.5532962851
Eswatini,2024,0.651160267,816208.0,0.504069176,0.515840126,0.5066625376600009
Ethiopia,2024,0.432967221,78031387.0,,0.087643438,0.576951555710001
Ethiopia,2024,0.732007095,78031387.0,,0.359249108,0.601295323890001
Finland,2024,1.0,4749954.0,,0.911743302,0.5966626179100001
Finland,2024,0.996208974,4749954.0,,0.97476094,0.5786794620300005
France,2024,0.995531034,56825584.0,,0.969459315,0.5889159376300003
France,2024,0.991258676,56825584.0,,0.961290378,0.5812156076900004
Gabon,2024,0.64920314,1573811.0,0.566486373,0.534871649,0.562009101960001
Gabon,2024,0.711712748,1573811.0,0.662196445,0.826889854,0.6472216332799995
"Gambia, The",2024,0.314046159,1598990.0,0.10953626,0.560308205,0.14730912172000002
"Gambia, The",2024,0.453182659,1598990.0,0.277063746,0.741905492,0.27048754347999987
Georgia,2024,0.731368736,2933716.0,,0.788133662,0.7513823255900007
Georgia,2024,0.878460298,2933716.0,,0.866925228,0.7474091456900003
Germany,2024,0.99036691,71691113.0,,0.958724599,0.7509245773900006
Germany,2024,0.984571395,71691113.0,,0.93702502,0.7313744269481266
Ghana,2024,0.764097163,21563813.0,0.739451926,0.481129739,0.7294435969000006
Ghana,2024,0.870072746,21563813.0,0.834527213,0.626846357,0.8335169140400006
Greece,2024,0.868385414,8991800.0,,0.859357643,0.17329443693500934
Greece,2024,0.895041645,8991800.0,,0.967161283,0.25168320493000007
Guatemala,2024,0.327281501,12299923.0,,0.653539917,0.21539356787999991
Guatemala,2024,0.506167996,12299923.0,,0.839387808,0.24678420201999998
Guinea,2024,0.296340776,8464230.0,0.210039022,0.250201505,0.20426420649000007
Guinea,2024,0.514517665,8464230.0,0.373929421,0.454397434,0.38980304287999984
Honduras,2024,0.372737884,7345357.0,0.085403352,0.709657119,0.09979720875000003
Honduras,2024,0.497313261,7345357.0,0.142011483,0.813848734,0.15940451492999977
"Hong Kong SAR, China",2024,1.0,6729811.0,,0.690258276,0.24739261935000006
"Hong Kong SAR, China",2024,0.9726626,6729811.0,,0.888240062,0.20900388759000005
Hungary,2024,0.838197452,8202714.0,,0.872826691,0.2038294464381262
Hungary,2024,0.919188969,8202714.0,,0.944771346,0.24326179148000004
Iceland,2024,0.998082989,322325.0,,0.988499649,0.2591320324400003
Iceland,2024,1.0,322325.0,,0.980815089,0.2774096844100003
India,2024,0.898835556,1077731602.0,0.190762136,0.400661907,0.18378648865000005
India,2024,0.871506504,1077731602.0,0.318842566,0.580930199,0.3052284472700004
Indonesia,2024,0.560297534,211076339.0,0.202215571,0.685688305,0.20524394898000003
Indonesia,2024,0.566660992,211076339.0,0.240455438,0.726115368,0.24144085524000025
"Iran, Islamic Rep.",2024,0.907467788,69914781.0,0.124009272,0.734975196,0.1562790902400002
"Iran, Islamic Rep.",2024,0.913888242,69914781.0,0.138375107,0.816378102,0.19732651251000008
Iraq,2024,0.26401928,28355455.0,0.070547258,0.682570218,0.19525190089000005
Iraq,2024,0.327835462,28355455.0,0.1522079,0.816833824,0.1672680046600002
Ireland,2024,0.989582901,4298252.0,,0.958244836,0.21057349407000017
Ireland,2024,0.978158522,4298252.0,,0.942878119,0.22353768146313563
Israel,2024,0.884169739,7062352.0,,0.937114613,0.265896763562541
Israel,2024,0.898400475,7062352.0,,0.809787613,0.19782033785000006
Italy,2024,0.887105384,51829051.0,,0.889526433,0.22420659706751414
Italy,2024,0.864154103,51829051.0,,0.937088802,0.2268041176218927
Japan,2024,1.0,110011344.0,,0.731912306,0.24247411278000025
Japan,2024,0.987610036,110011344.0,,0.86180758,0.22741745148063097
Jordan,2024,0.467753788,7867178.0,0.193215938,0.8722986,0.19710148129439722
Jordan,2024,0.463169457,7867178.0,0.211121774,0.901655652,0.21510439266755133
Kazakhstan,2024,0.84710721,14324777.0,0.478497575,0.844640302,0.46097997020999976
Kazakhstan,2024,0.896065233,14324777.0,0.499601057,0.926696956,0.4997564624199999
Kenya,2024,0.887419602,34616135.0,0.857077645,0.57054671,0.85553811194
Kenya,2024,0.95072432,34616135.0,0.939387672,0.728545172,0.9285530950399994
"Korea, Rep.",2024,0.952998484,46039322.0,0.504425262,0.790667538,0.45044573934999993
"Korea, Rep.",2024,0.974512657,46039322.0,0.624417415,0.884347014,0.5981234236000009
Kosovo,2024,0.615564434,1382360.0,,0.957693029,0.3338121731000003
Kosovo,2024,0.72429144,1382360.0,,0.960836698,0.2985498315399999
Kuwait,2024,0.720323845,3950546.0,,0.984909684,0.3402019892800003
Kuwait,2024,0.732398831,3950546.0,,0.965830219,0.2919149685999996
Kyrgyz Republic,2024,0.712723711,4780143.0,0.283979131,0.916647106,0.29463855658999977
Kyrgyz Republic,2024,0.753761843,4780143.0,0.393092178,0.93170342,0.37123892886000015
Lao PDR,2024,0.364158642,5322750.0,0.114132183,0.692010983,0.17641316313000005
Lao PDR,2024,0.639923791,5322750.0,0.209129202501823,0.907425963,0.2603574050762216
Latvia,2024,0.963859549,1582835.0,,0.947826379,0.5161656314899998
Latvia,2024,0.93855307,1582835.0,,0.928657561,0.5246895943799997
Lebanon,2024,0.249777188,4231057.0,,0.935034384,0.44251297677999996
Lebanon,2024,0.192674588,4231057.0,,0.955492497,0.49350528726999954
Lesotho,2024,0.603040644,1504222.0,0.524873385,0.462944405,0.5293198552099997
Lesotho,2024,0.705238597,1504222.0,0.60436488,0.430118186,0.6040256622799994
Liberia,2024,0.463700623,3295997.0,0.415262556,0.197705762,0.4144064889234372
Liberia,2024,0.619014438,3295997.0,0.574805531,0.547228262,0.5651645810600007
Libya,2024,0.33191114,5262910.0,,0.793055959,0.24453386234000005
Libya,2024,0.330581863,5262910.0,,0.815265109,0.22624832163
Lithuania,2024,0.993810965,2444088.0,,0.854805907,0.3103453566600004
Lithuania,2024,0.988032523,2444088.0,,0.902346156,0.23022520202896715
Madagascar,2024,0.22166868,18851036.0,0.171041712,0.072500834,0.16933760353999974
Madagascar,2024,0.363087545,18851036.0,0.310452197,0.308698137,0.30802364114
Malawi,2024,0.490076608,12384937.0,0.460966944,0.194382885,0.4484234999799997
Malawi,2024,0.626391125,12384937.0,0.591325684,0.300994711,0.5816256307499994
Malaysia,2024,0.876601404,27297352.0,0.391709215,0.852376108,0.40090439345999973
Malaysia,2024,0.89588584,27297352.0,0.491415796,0.883266253,0.47251094565999935
Mali,2024,0.524777238,12725942.0,0.451741966,0.391351775,0.45814775762000015
Mali,2024,0.616737149,12725942.0,0.58204948,0.66912336,0.5694657253300004
Malta,2024,0.971852314,480050.0,,0.923133006,0.13342667677999986
Malta,2024,0.958505407,480050.0,,0.931590436,0.1070079892000001
Mauritania,2024,0.221145645,2860979.0,,0.524290275,0.11197908718000014
Mauritania,2024,0.388274766,2860979.0,,0.76047152,0.16489302441000017
Mauritius,2024,0.895294265,1070318.0,0.097632918,0.78462993,0.1104238870600002
Mauritius,2024,0.897150485,1070318.0,0.10741605,0.74984493,0.10526595389999997
Mexico,2024,0.471002117,97411242.0,0.073268792,0.68201134,0.0945442140700001
Mexico,2024,0.572480244,97411242.0,0.126481114,0.84148107,0.16113693981000007
Moldova,2024,0.482811128,1966418.0,,0.753472536,0.4899235346199993
Moldova,2024,0.807647928,1966418.0,,0.902222846,0.555725372979999
Mongolia,2024,0.987882881,2344987.0,0.587046034,0.839875447,0.5782159634399988
Mongolia,2024,0.976461532,2344987.0,0.70641349,0.904736421,0.6743108742600008
Montenegro,2024,0.740780185,503215.0,,0.833093266,0.3724425825700004
Montenegro,2024,0.785426203,503215.0,,0.849979131,0.4254024969200001
Morocco,2024,0.399404038,27893979.0,,0.556531579,0.40786260458507867
Morocco,2024,0.481078872,27893979.0,,0.724006642,0.34197557411999974
Mozambique,2024,0.481502728,18581790.0,0.394524971,0.210423927,0.40440461400000005
Mozambique,2024,0.76958777,18581790.0,0.684156667,0.490623368,0.7030422759800007
Namibia,2024,0.705024767,1858089.0,0.460069794,0.543186252,0.4774092528699997
Namibia,2024,0.825236445,1858089.0,0.581479867,0.647108605,0.5733781181299993
Nepal,2024,0.595585426,21168213.0,0.079677034,0.456517925,0.09326178638000002
Nepal,2024,0.620085377,21168213.0,0.227826161,0.709857324,0.25447614928999984
Netherlands,2024,0.998713548,15164931.0,,0.95846158,0.2800534895300004
Netherlands,2024,0.994489229,15164931.0,,0.968310204,0.3343532127300003
New Zealand,2024,0.989516081,4263369.0,,0.966399743,0.31430952056999956
New Zealand,2024,0.966077297,4263369.0,,0.948081913,0.3163970425300005
Nicaragua,2024,0.199485839,4830854.0,,0.725581887,0.32167568178000033
Nicaragua,2024,0.275944639,4830854.0,,0.768626331,0.2995730813873646
Niger,2024,0.150573856,13873697.0,,0.130579307,0.3002354023100003
Niger,2024,0.136583008,13873697.0,,0.282310866,0.2994357350873647
Nigeria,2024,0.557511939,133329232.0,0.284918479,0.31004591,0.34500540533000046
Nigeria,2024,0.716348619,133329232.0,0.3758385,0.452472947,0.39440290812000034
North Macedonia,2024,0.843917076,1515847.0,,0.807624198,0.19611769621000008
North Macedonia,2024,0.840682562,1515847.0,,0.864903334,0.18474366176000012
Norway,2024,0.990468186,4608487.0,,0.973904214,0.17253791604000004
Norway,2024,0.973945045,4608487.0,,1.0,0.2567732382200002
Oman,2024,0.715504381,3775451.0,,0.915757928,0.24206765681000023
Oman,2024,0.694402772,3775451.0,,0.939862241,0.1535238027899999
Pakistan,2024,0.210630904,155833628.0,0.139849127,0.265739457,0.1419368426099998
Pakistan,2024,0.329357547,155833628.0,0.223146544,0.439169786,0.20621717115999993
Panama,2024,0.558745139,3331755.0,0.264968437,0.642169499,0.28824348779000014
Panama,2024,0.738638027,3331755.0,0.517858591,0.8805098,0.473910126708967
Paraguay,2024,0.575761747,4874331.0,0.34776391,0.803993094,0.34105704983000024
Paraguay,2024,0.658082988,4874331.0,0.376644927,0.888869795,0.36881748060003666
Peru,2024,0.556652117,25601447.0,0.344909702,0.720514141,0.33626748912000004
Peru,2024,0.623240615,25601447.0,0.491186206,0.831925946,0.46692188477812613
Philippines,2024,0.464553947,82023644.0,0.21018746,0.625672615,0.2192175794499999
Philippines,2024,0.56572578,82023644.0,0.421413108,0.846715158,0.37557615409742445
Poland,2024,0.859124566,31148749.0,,0.793108681,0.34771410715
Poland,2024,0.866932026,31148749.0,,0.848863148,0.38195536558000015
Portugal,2024,0.918686584,9214262.0,,0.85008704,0.2827718259500002
Portugal,2024,0.918103849,9214262.0,,0.879979115,0.31715434451000013
Romania,2024,0.668104982,16033507.0,,0.731092318,0.3379275546800001
Romania,2024,0.812728501,16033507.0,,0.853489927,0.34115716925000006
Russian Federation,2024,0.795963122,118635010.0,,0.899982308,0.32840871952
Russian Federation,2024,0.816588451,118635010.0,,0.963000932,0.34978397318999993
Saudi Arabia,2024,0.767604121,25248449.0,0.334558761,0.986587643,0.35860298296
Saudi Arabia,2024,0.790898798,25248449.0,0.368655921,0.991774112,0.36669504096999944
Senegal,2024,0.734375029,11094279.0,0.617530232,0.586481352,0.6268916023999999
Senegal,2024,0.797443358,11094279.0,0.725159563156414,0.825405761,0.7219724871254131
Serbia,2024,0.819168294,5672737.0,,0.754382588,0.3143072437300003
Serbia,2024,0.853158397,5672737.0,,0.850858733,0.3373516310600004
Sierra Leone,2024,0.302343703,5200533.0,0.261503947,0.221920076,0.2391866945800001
Sierra Leone,2024,0.540102669,5200533.0,0.43289744,0.521332603,0.45811028058000003
Singapore,2024,0.979718288,5220107.0,0.564689659,0.929346696,0.560024546308127
Slovak Republic,2024,0.922172368,4563499.0,,0.871213666,0.2948517011500005
Slovak Republic,2024,0.922048141,4563499.0,,0.909249944,0.2922561809700004
Slovenia,2024,0.988555647,1803880.0,,0.848397134,0.31796530460000033
Slovenia,2024,0.993052166,1803880.0,,0.975083134,0.25893886311000025
South Africa,2024,0.776958579,46723498.0,0.268744682,0.627276406,0.2658331428200002
South Africa,2024,0.845047839,46723498.0,0.363009272,0.738072023,0.3665599081999996
Spain,2024,0.991302906,41937630.0,,0.985249852,0.15466394773000017
Spain,2024,0.981677101,41937630.0,,0.953091289,0.14080524859000024
Sri Lanka,2024,0.828279192,17109247.0,,0.379391733,0.15260119558000024
Sri Lanka,2024,0.795642507,17109247.0,,0.523826009,0.16925996169000024
Sweden,2024,0.981459527,8719085.0,,0.974807679,0.1506475039900002
Sweden,2024,1.0,8719085.0,,0.998632548,0.18379244976000006
Switzerland,2024,0.987713557,7553903.0,,0.94533788,0.17198935844000002
Switzerland,2024,0.980304861,7553903.0,,0.944652919,0.14856289818000015
"Taiwan, China",2024,0.911685397,20437095.0,,0.784069926,0.2483277781799999
"Taiwan, China",2024,0.965348126,20437095.0,,0.926548144,0.17309566866000015
Tajikistan,2024,0.554681524,6596875.0,0.143650619,0.58481077,0.16947596878000015
Tajikistan,2024,0.522499238,6596875.0,0.145860435,0.721472849,0.24230305639999986
Tanzania,2024,0.558853723,38155970.0,0.490017662,0.173137628,0.4878169022599998
Tanzania,2024,0.770311975,38155970.0,0.696651749,0.340609248,0.7014016349099996
Thailand,2024,0.923216671,60882768.0,0.367459375,0.843440199,0.38376345598
Thailand,2024,0.90716247,60882768.0,0.526856767,0.889885507,0.4609451156281266
Togo,2024,0.528711175,5593530.0,0.462269939,0.337904606,0.47184010913000074
Togo,2024,0.657371172,5593530.0,0.512044815,0.61779722,0.5689505088869307
Trinidad and Tobago,2024,0.668374198,1120989.0,,0.808833932,0.17285136296999995
Trinidad and Tobago,2024,0.819537902,1120989.0,,0.908843958,0.17796503131599997
Tunisia,2024,0.301851805,9219268.0,,0.63367917,0.18787036812999997
Tunisia,2024,0.467371821,9219268.0,,0.733470117,0.18922755884
Turkiye,2024,0.750732612,66691005.0,0.150426367,0.791175696,0.18693262745000003
Turkiye,2024,0.846008422,66691005.0,0.272141864,0.914122667,0.2809719016381264
Uganda,2024,0.70927073,27277834.0,0.656703004,0.345131012,0.6495173574200002
Uganda,2024,0.857484234,27277834.0,0.817995614,0.634793285,0.8192349011599995
Ukraine,2024,0.886007983,32338724.0,,0.940083557,0.3338109061199999
Ukraine,2024,0.86408727,32338724.0,,0.961247222,0.36079643579999965
United Kingdom,2024,0.992945392,56450851.0,,0.955431096,0.3519337173899999
United Kingdom,2024,0.993844826,56450851.0,,0.965484978,0.34443283377
United States,2024,0.972820129,275987833.0,,0.968425496,0.37914122229999997
United States,2024,0.967025028,275987833.0,,0.987345631,0.36271762579
Uruguay,2024,0.674042334,2755004.0,,0.890469706,0.3453181234499999
Uruguay,2024,0.785149619,2755004.0,,0.930306847,0.36606934286999987
Uzbekistan,2024,0.595970846,24646062.0,,0.704649809,0.33950352454999994
Uzbekistan,2024,0.597708237,24646062.0,,0.797113582,0.3308381871773642
"Venezuela, RB",2024,0.834452814,20899114.0,0.335635814,0.888555935,0.3309582395699999
"Venezuela, RB",2024,0.936273698,20899114.0,0.357802323,0.898325449,0.36656617053000046
Viet Nam,2024,0.673680342,76663207.0,0.361929139,0.867052476,0.36406370074000016
Viet Nam,2024,0.770134521,76663207.0,0.438613496,0.902515009,0.4159472663581262
West Bank and Gaza,2024,0.374857466,3183655.0,,0.947439057,0.56431414685
West Bank and Gaza,2024,0.421864017,3183655.0,,0.93289897,0.5853277512800001
Zambia,2024,0.694654727,12029200.0,0.66893159,0.305660085,0.6592576336499999
Zambia,2024,0.771773541,12029200.0,0.726529558,0.503268042,0.7235138326300004
Zimbabwe,2024,0.440948466,9588258.0,0.393866302,0.264963382,0.38947162427999965
Zimbabwe,2024,0.645784236,9588258.0,0.542776456,0.459222916,0.5447189464026373
Albania,2011,0.175392483,2281010.0,,,0.13779018600000012
Albania,2011,0.429181397,2281010.0,,,0.13779018600000012
Algeria,2011,0.160406881,26251587.0,,,0.13779018600000012
Algeria,2011,0.65131182,26251587.0,,,0.13779018600000012
Angola,2011,0.277091902,12779501.0,,,0.13779018600000012
Angola,2011,0.60359489,12779501.0,,,0.13779018600000012
Argentina,2011,0.26812652,30685516.0,,,0.13779018600000012
Argentina,2011,0.381462054,30685516.0,,,0.13779018600000012
Armenia,2011,0.116312777,2457011.0,,,0.13779018600000012
Armenia,2011,0.276015448,2457011.0,,,0.13779018600000012
Australia,2011,0.980552144,17830548.0,,,0.13779018600000012
Australia,2011,0.996766394,17830548.0,,,0.13779018600000012
Austria,2011,0.962318136,7123870.0,,,0.13779018600000012
Austria,2011,0.976797129,7123870.0,,,0.13779018600000012
Azerbaijan,2011,0.095625309,7034188.0,,,0.13779018600000012
Azerbaijan,2011,0.246038019,7034188.0,,,0.13779018600000012
Bahrain,2011,0.436685162,978145.0,,,0.13779018600000012
Bahrain,2011,0.972968117,978145.0,,,0.13779018600000012
Bangladesh,2011,0.251809116,100376575.0,,,0.13779018600000012
Bangladesh,2011,0.412171742,100376575.0,,,0.13779018600000012
Belarus,2011,0.292516017,8075665.0,,,0.13779018600000012
Belarus,2011,0.703346647,8075665.0,,,0.13779018600000012
Belgium,2011,0.950933057,9049843.0,,,0.13779018600000012
Belgium,2011,0.978147109,9049843.0,,,0.13779018600000012
Benin,2011,0.043963338,5496491.0,,,0.13779018600000012
Benin,2011,0.123864793,5496491.0,,,0.13779018600000012
Bolivia,2011,0.18521757,6675907.0,,,0.13779018600000012
Bolivia,2011,0.34944896,6675907.0,,,0.13779018600000012
Bosnia and Herzegovina,2011,0.426545696,3217823.0,,,0.13779018600000012
Bosnia and Herzegovina,2011,0.778595362,3217823.0,,,0.13779018600000012
Botswana,2011,0.186570974,1340324.0,,,0.13779018600000012
Botswana,2011,0.556623524,1340324.0,,,0.13779018600000012
Brazil,2011,0.436580995,145842533.0,,,0.13779018600000012
Brazil,2011,0.641003717,145842533.0,,,0.13779018600000012
Bulgaria,2011,0.350231905,6400381.0,,,0.13779018600000012
Bulgaria,2011,0.737163883,6400381.0,,,0.13779018600000012
Burkina Faso,2011,0.070810319,8802362.0,,,0.13779018600000012
Burkina Faso,2011,0.157912569,8802362.0,,,0.13779018600000012
Cameroon,2011,0.058244172,11072780.0,,,0.13779018600000012
Cameroon,2011,0.201024049,11072780.0,,,0.13779018600000012
Canada,2011,0.936337007,28373521.0,,,0.13779018600000012
Canada,2011,0.970665881,28373521.0,,,0.13779018600000012
Chile,2011,0.297293353,13480066.0,,,0.13779018600000012
Chile,2011,0.547414477,13480066.0,,,0.13779018600000012
China,2011,0.544379854,1090576711.0,,,0.14414803104000012
China,2011,0.665988886,1090576711.0,,,0.14096910852000014
Colombia,2011,0.151417101,32481705.0,,,0.13779018600000012
Colombia,2011,0.425363816,32481705.0,,,0.13779018600000012
Comoros,2011,0.086181593,382348.0,,,0.13779018600000012
Comoros,2011,0.395313997,382348.0,,,0.13779018600000012
"Congo, Rep.",2011,0.054796086,2658255.0,,,0.13779018600000012
"Congo, Rep.",2011,0.160434076,2658255.0,,,0.13779018600000012
Costa Rica,2011,0.380658248,3423771.0,,,0.13779018600000012
Costa Rica,2011,0.6345195,3423771.0,,,0.14188399268000013
Croatia,2011,0.783440196,3638504.0,,,0.13779018600000012
Croatia,2011,0.975262226,3638504.0,,,0.13779018600000012
Cyprus,2011,0.748296071,936237.0,,,0.13779018600000012
Cyprus,2011,0.944145499,936237.0,,,0.13779018600000012
Czechia,2011,0.620480728,8965818.0,,,0.13779018600000012
Czechia,2011,0.947209165,8965818.0,,,0.13779018600000012
Denmark,2011,0.993243068,4549535.0,,,0.13779018600000012
Denmark,2011,1.0,4549535.0,,,0.13779018600000012
Djibouti,2011,0.054431743,591971.0,,,0.13779018600000012
Djibouti,2011,0.308352204,591971.0,,,0.13779018600000012
Dominican Republic,2011,0.253029835,6788648.0,,,0.13779018600000012
Dominican Republic,2011,0.517476101,6788648.0,,,0.13779018600000012
El Salvador,2011,0.066694582,4126198.0,,,0.13756000204000013
El Salvador,2011,0.237129482,4126198.0,,,0.13779018600000012
Estonia,2011,0.940426157,1128611.0,,,0.13779018600000012
Estonia,2011,0.989202609,1128611.0,,,0.13779018600000012
Eswatini,2011,0.136224445,680317.0,,,0.13779018600000012
Eswatini,2011,0.610851993,680317.0,,,0.13779018600000012
Finland,2011,0.99231019,4475337.0,,,0.13779018600000012
Finland,2011,1.0,4475337.0,,,0.13779018600000012
France,2011,0.955168754,52976120.0,,,0.13779018600000012
France,2011,0.996599374,52976120.0,,,0.13779018600000012
Georgia,2011,0.264234765,3084171.0,,,0.13779018600000012
Georgia,2011,0.46521794,3084171.0,,,0.13779018600000012
Ghana,2011,0.194271402,15512209.0,,,0.13779018600000012
Ghana,2011,0.348870323,15512209.0,,,0.13779018600000012
Greece,2011,0.705850075,9493929.0,,,0.13779018600000012
Greece,2011,0.869453567,9493929.0,,,0.13779018600000012
Guatemala,2011,0.147896193,8804525.0,,,0.13779018600000012
Guatemala,2011,0.308989315,8804525.0,,,0.13779018600000012
Haiti,2011,0.096417819,6250015.0,,,0.13779018600000012
Haiti,2011,0.312378351,6250015.0,,,0.13779018600000012
Honduras,2011,0.145267308,5181064.0,,,0.13756000204000013
Honduras,2011,0.299256504,5181064.0,,,0.13779182627000014
"Hong Kong SAR, China",2011,0.810538388,6165173.0,,,0.13779018600000012
"Hong Kong SAR, China",2011,0.965675206,6165173.0,,,0.13779018600000012
Hungary,2011,0.560815793,8529919.0,,,0.13779018600000012
Hungary,2011,0.907973159,8529919.0,,,0.13779018600000012
India,2011,0.261833386,853745004.0,,,0.1695794112000001
India,2011,0.44224517,853745004.0,,,0.1695794112000001
Indonesia,2011,0.107773093,177530453.0,,,0.14414803104000012
Indonesia,2011,0.243128999,177530453.0,,,0.14414803104000012
"Iran, Islamic Rep.",2011,0.694152901,59270231.0,,,0.13779018600000012
"Iran, Islamic Rep.",2011,0.835018497,59270231.0,,,0.13779018600000012
Iraq,2011,0.071518651,18241367.0,,,0.13779018600000012
Iraq,2011,0.170297337,18241367.0,,,0.13779018600000012
Ireland,2011,0.916313138,3598499.0,,,0.13779018600000012
Ireland,2011,0.956693002,3598499.0,,,0.13779018600000012
Israel,2011,0.812001725,5491153.0,,,0.13779018600000012
Israel,2011,0.950145067,5491153.0,,,0.13779018600000012
Italy,2011,0.625898604,50957209.0,,,0.13779018600000012
Italy,2011,0.823622645,50957209.0,,,0.13779018600000012
Jamaica,2011,0.621170908,2007871.0,,,0.14188399268000013
Jamaica,2011,0.791304553,2007871.0,,,0.14414803104000012
Japan,2011,0.934452998,110945852.0,,,0.13779018600000012
Japan,2011,0.987424706,110945852.0,,,0.13779018600000012
Jordan,2011,0.142445804,4670454.0,,,0.13779018600000012
Jordan,2011,0.498649984,4670454.0,,,0.13779018600000012
Kazakhstan,2011,0.355442316,12564991.0,,,0.13779018600000012
Kazakhstan,2011,0.460262254,12564991.0,,,0.13779018600000012
"Korea, Rep.",2011,0.898685678,41432826.0,,,0.13779018600000012
"Korea, Rep.",2011,0.972261401,41432826.0,,,0.13779018600000012
Kosovo,2011,0.323950041,1287712.0,,,0.13779018600000012
Kosovo,2011,0.768845235,1287712.0,,,0.13779018600000012
Lao PDR,2011,0.171064237,4035423.0,,,0.13779018600000012
Lao PDR,2011,0.318764265,4035423.0,,,0.13779018600000012
Latvia,2011,0.807518802,1800178.0,,,0.13779018600000012
Latvia,2011,0.9660272,1800178.0,,,0.13779018600000012
Lebanon,2011,0.203177828,3709897.0,,,0.13779018600000012
Lebanon,2011,0.513534557,3709897.0,,,0.13779018600000012
Lesotho,2011,0.092633468,1266790.0,,,0.13779018600000012
Lesotho,2011,0.324730489,1266790.0,,,0.13779018600000012
Liberia,2011,0.074563826,2309936.0,,,0.13779018600000012
Liberia,2011,0.274055334,2309936.0,,,0.13779018600000012
Lithuania,2011,0.563839072,2635099.0,,,0.13779018600000012
Lithuania,2011,0.870497557,2635099.0,,,0.13779018600000012
Luxembourg,2011,0.920781448,417441.0,,,0.13687647129000013
Luxembourg,2011,0.986049501,417441.0,,,0.13779018600000012
Malawi,2011,0.101567672,7972899.0,,,0.13779018600000012
Malawi,2011,0.213683941,7972899.0,,,0.13779018600000012
Malaysia,2011,0.525132291,20649116.0,,,0.13779018600000012
Malaysia,2011,0.773781851,20649116.0,,,0.13779018600000012
Malta,2011,0.929775259,351508.0,,,0.13722224554000012
Malta,2011,0.98374872,351508.0,,,0.13779018600000012
Mauritania,2011,0.066107942,1903527.0,,,0.13779018600000012
Mauritania,2011,0.333832238,1903527.0,,,0.13779018600000012
Mauritius,2011,0.717450916,986634.0,,,0.13779018600000012
Mauritius,2011,0.886385412,986634.0,,,0.13779018600000012
Mexico,2011,0.158059951,79795751.0,,,0.13779018600000012
Mexico,2011,0.375892979,79795751.0,,,0.13779018600000012
Moldova,2011,0.101833636,2361620.0,,,0.13779018600000012
Moldova,2011,0.234157983,2361620.0,,,0.13779018600000012
Mongolia,2011,0.677372424,1973485.0,,,0.13779018600000012
Mongolia,2011,0.874519278,1973485.0,,,0.13722224554000012
Montenegro,2011,0.350182978,500343.0,,,0.13779018600000012
Montenegro,2011,0.696485121,500343.0,,,0.13722224554000012
Nepal,2011,0.211439622,17498633.0,,,0.13779018600000012
Nepal,2011,0.28813369,17498633.0,,,0.13779018600000012
Netherlands,2011,0.985061198,13694510.0,,,0.13779018600000012
Netherlands,2011,0.987541969,13694510.0,,,0.13779018600000012
New Zealand,2011,0.987251362,3443024.0,,,0.13779018600000012
New Zealand,2011,0.99742795,3443024.0,,,0.13779018600000012
Nicaragua,2011,0.081463314,3774402.0,,,0.13756000204000013
Nicaragua,2011,0.211330896,3774402.0,,,0.13779018600000012
Nigeria,2011,0.205898201,92621676.0,,,0.13779018600000012
Nigeria,2011,0.34703704,92621676.0,,,0.13779018600000012
North Macedonia,2011,0.682109008,1569860.0,,,0.13779018600000012
North Macedonia,2011,0.86704742,1569860.0,,,0.13687647129000013
Oman,2011,0.619226869,1989124.0,,,0.13779018600000012
Oman,2011,0.871904591,1989124.0,,,0.13779018600000012
Pakistan,2011,0.038750418,120857470.0,,,0.13779018600000012
Pakistan,2011,0.173569841,120857470.0,,,0.13779018600000012
Panama,2011,0.170731824,2569368.0,,,0.13779018600000012
Panama,2011,0.346188088,2569368.0,,,0.13779018600000012
Paraguay,2011,0.087382593,3870412.0,,,0.13779018600000012
Paraguay,2011,0.313048811,3870412.0,,,0.13779018600000012
Peru,2011,0.123578332,20570757.0,,,0.13779018600000012
Peru,2011,0.256997465,20570757.0,,,0.13779018600000012
Philippines,2011,0.232172935,62034866.0,,,0.13779018600000012
Philippines,2011,0.287840663,62034866.0,,,0.13779018600000012
Poland,2011,0.513856906,32308457.0,,,0.13779018600000012
Poland,2011,0.912220292,32308457.0,,,0.13779018600000012
Portugal,2011,0.746167742,8967347.0,,,0.13779018600000012
Portugal,2011,0.901704293,8967347.0,,,0.13779018600000012
Qatar,2011,0.546690648,1392286.0,,,0.13779018600000012
Qatar,2011,0.738157629,1392286.0,,,0.13779018600000012
Romania,2011,0.342355396,17058580.0,,,0.13779018600000012
Romania,2011,0.562607152,17058580.0,,,0.13779018600000012
Russian Federation,2011,0.359730646,121177141.0,,,0.13779018600000012
Russian Federation,2011,0.56843857,121177141.0,,,0.13779018600000012
Rwanda,2011,0.129763292,5941330.0,,,0.13779018600000012
Rwanda,2011,0.4843925,5941330.0,,,0.13779018600000012
Saudi Arabia,2011,0.135631199,17354530.0,,,0.13779018600000012
Saudi Arabia,2011,0.851041436,17354530.0,,,0.13779018600000012
Serbia,2011,0.511020565,6237019.0,,,0.13779018600000012
Serbia,2011,0.76507259,6237019.0,,,0.13779018600000012
Sierra Leone,2011,0.060180605,3534329.0,,,0.13779018600000012
Sierra Leone,2011,0.242994775,3534329.0,,,0.13779018600000012
Singapore,2011,0.965323335,4359214.0,,,0.13779018600000012
Singapore,2011,0.996717477,4359214.0,,,0.13779018600000012
Slovak Republic,2011,0.592243118,4557830.0,,,0.13779018600000012
Slovak Republic,2011,0.963465595,4557830.0,,,0.13779018600000012
Slovenia,2011,0.961248696,1758964.0,,,0.13779018600000012
Slovenia,2011,0.979303647,1758964.0,,,0.13779018600000012
South Africa,2011,0.39270584,36953226.0,,,0.13779018600000012
South Africa,2011,0.816169314,36953226.0,,,0.13779018600000012
Spain,2011,0.905585485,39626900.0,,,0.13779018600000012
Spain,2011,0.963837367,39626900.0,,,0.13779018600000012
Sri Lanka,2011,0.652159927,15571720.0,,,0.13779018600000012
Sri Lanka,2011,0.716750025,15571720.0,,,0.13779018600000012
Sweden,2011,0.975649176,7820937.0,,,0.13779018600000012
Sweden,2011,0.99731911,7820937.0,,,0.13779018600000012
Syrian Arab Republic,2011,0.2073850590868449,14356499.0,,,0.13779018600000012
Syrian Arab Republic,2011,0.270058007,14356499.0,,,0.13779018600000012
"Taiwan, China",2011,0.811596361,19429474.0,,,0.13779018600000012
"Taiwan, China",2011,0.922793794,19429474.0,,,0.13779018600000012
Tanzania,2011,0.080023114,24470055.0,,,0.13779018600000012
Tanzania,2011,0.22979934,24470055.0,,,0.13779018600000012
Thailand,2011,0.598402386,54766867.0,,,0.13779018600000012
Thailand,2011,0.777927762,54766867.0,,,0.13779018600000012
Togo,2011,0.066165297,3932998.0,,,0.13779018600000012
Togo,2011,0.122904645,3932998.0,,,0.13779018600000012
Trinidad and Tobago,2011,0.717416117,1050120.0,,,0.13779018600000012
Trinidad and Tobago,2011,0.797947989,1050120.0,,,0.13779018600000012
Turkiye,2011,0.378196669,54201890.0,,,0.13779018600000012
Turkiye,2011,0.944299994,54201890.0,,,0.13779018600000012
Uganda,2011,0.034931819,16363076.0,,,0.13779018600000012
Uganda,2011,0.31575755,16363076.0,,,0.13779018600000012
Ukraine,2011,0.265266293,39900312.0,,,0.13779018600000012
Ukraine,2011,0.503198489,39900312.0,,,0.13779018600000012
United Arab Emirates,2011,0.21720725,5710622.0,,,0.13779018600000012
United Arab Emirates,2011,0.944341655,5710622.0,,,0.13779018600000012
United Kingdom,2011,1.0,51619966.0,,,0.13779018600000012
United Kingdom,2011,0.988377137,51619966.0,,,0.13779018600000012
United States,2011,0.785428891,248390172.0,,,0.14056501828000012
United States,2011,0.942098591,248390172.0,,,0.14056501828000012
Uruguay,2011,0.174788389,2578893.0,,,0.13779018600000012
Uruguay,2011,0.311758793,2578893.0,,,0.13779018600000012
Uzbekistan,2011,0.094400945,20171292.0,,,0.13779018600000012
Uzbekistan,2011,0.285565878,20171292.0,,,0.13779018600000012
"Venezuela, RB",2011,0.247637339,20199432.0,,,0.13779018600000012
"Venezuela, RB",2011,0.663671274,20199432.0,,,0.13779018600000012
Viet Nam,2011,0.161141265,65955596.0,,,0.13779018600000012
Viet Nam,2011,0.240917438,65955596.0,,,0.13779018600000012
West Bank and Gaza,2011,0.081819213,2199701.0,,,0.13779018600000012
West Bank and Gaza,2011,0.460146772,2199701.0,,,0.13779018600000012
Zambia,2011,0.072258445,7506102.0,,,0.13779018600000012
Zambia,2011,0.36096184,7506102.0,,,0.13779018600000012
Zimbabwe,2011,0.20675883,7608011.0,,,0.13779018600000012
Zimbabwe,2011,0.565923503,7608011.0,,,0.13779018600000012
Afghanistan,2014,,16708999.0,,,0.1341108308000001
Afghanistan,2014,,16708999.0,,,0.1341108308000001
Albania,2014,0.275742925,2322032.0,,,0.10795292415999996
Albania,2014,0.491160624,2322032.0,,,0.12533586582000006
Algeria,2014,0.317510894,27628433.0,,,0.1485666039300001
Algeria,2014,0.804984138,27628433.0,,,0.21632205938000013
Angola,2014,0.176029058,14342950.0,,,0.16477907881000017
Angola,2014,0.371786067,14342950.0,,,0.18821246324000007
Argentina,2014,0.484714929,31872846.0,,,0.15195789648000016
Argentina,2014,0.51860397,31872846.0,,,0.14923995766000014
Armenia,2014,0.068844648,2428128.0,,,0.10153731419999995
Armenia,2014,0.345299465,2428128.0,,,0.12506632648000005
Australia,2014,0.97831339,18749193.0,,,0.1683206597200001
Australia,2014,0.994838521,18749193.0,,,0.14033975843000016
Austria,2014,0.934401321,7260944.0,,,0.1714674923900001
Austria,2014,0.987956051,7260944.0,,,0.16017243306000012
Azerbaijan,2014,0.152306981,7283305.0,,,0.16544654724000016
Azerbaijan,2014,0.392355942,7283305.0,,,0.1602079491400001
Bahrain,2014,0.671264746,1005566.0,,,0.1241839902400001
Bahrain,2014,0.90262847,1005566.0,,,0.1349418506300001
Bangladesh,2014,0.25583311,105778630.0,,,0.13110847617000007
Bangladesh,2014,0.395294567,105778630.0,,,0.13907114255000008
Belarus,2014,0.419474851,7971997.0,,,0.1742790404400001
Belarus,2014,0.827481625,7971997.0,,,0.19116776594000015
Belgium,2014,0.969375635,9263588.0,,,0.29343983241000005
Belgium,2014,0.992347792,9263588.0,,,0.1663656726300001
Belize,2014,0.429155819,228016.0,,,0.21192903716000017
Belize,2014,0.526339704,228016.0,,,0.21003546552000013
Benin,2014,0.101235998,6043333.0,,,0.2331479040200001
Benin,2014,0.192828243,6043333.0,,,0.2072001877400001
Bhutan,2014,0.232510026,523289.0,,,0.13163282386000008
Bhutan,2014,0.483203223,523289.0,,,0.1310531735300001
Bolivia,2014,0.262945853,7120716.0,,,0.17713036244000013
Bolivia,2014,0.499280736,7120716.0,,,0.17475129808000017
Bosnia and Herzegovina,2014,0.400550656,3077307.0,,,0.13540977978000013
Bosnia and Herzegovina,2014,0.729894011,3077307.0,,,0.12854112103000007
Botswana,2014,0.391938431,1405268.0,0.137790186,,0.1270694300500001
Botswana,2014,0.638631796,1405268.0,0.272478751,,0.11938936952000008
Brazil,2014,0.604162733,152293155.0,,,0.11405532940999998
Brazil,2014,0.743081085,152293155.0,,,0.12768623957999997
Bulgaria,2014,0.463923077,6271977.0,,,0.27540511432000003
Bulgaria,2014,0.801567737,6271977.0,,,0.2994922606099999
Burkina Faso,2014,0.066716269,9623020.0,,,0.22504025575000014
Burkina Faso,2014,0.223507381,9623020.0,,,0.11513623216999994
Burundi,2014,,5630929.0,,,0.19183438198000005
Burundi,2014,,5630929.0,,,0.19183438198000005
Cambodia,2014,0.189971287,10284331.0,0.096242813,,0.13701331557000004
Cambodia,2014,0.234065873,10284331.0,0.147326205,,0.16388110521000016
Cameroon,2014,0.048588171,12084831.0,,,0.24151181600000038
Cameroon,2014,0.175754048,12084831.0,,,0.21285403780000034
Canada,2014,0.983261826,29372810.0,,,0.21422149553000044
Canada,2014,0.99515749,29372810.0,,,0.2066878173600004
Chad,2014,0.080906952,7035329.0,,,0.21693402760000033
Chad,2014,0.144181094,7035329.0,,,0.2103975602200004
Chile,2014,0.481100357,14064832.0,,,0.21843401844000035
Chile,2014,0.764141229,14064832.0,,,0.22664436907000027
China,2014,0.682856348,1113693456.0,,,0.23377384909000049
China,2014,0.823859467,1113693456.0,,,0.2182719796300004
Colombia,2014,0.253423492,34309704.0,,,0.14028714997000008
Colombia,2014,0.514904335,34309704.0,,,0.19487659312000039
"Congo, Dem. Rep.",2014,0.151055737,40959603.0,,,0.2211573870700005
"Congo, Dem. Rep.",2014,0.189454633,40959603.0,,,0.2103928691600004
"Congo, Rep.",2014,0.144072287,2849454.0,,,0.17892130642000023
"Congo, Rep.",2014,0.196060062,2849454.0,,,0.1879483699800003
Costa Rica,2014,0.5318088,3611461.0,,,0.21783808072000038
Costa Rica,2014,0.745797298,3611461.0,,,0.25670529703000045
Cote d'Ivoire,2014,0.296119594,13848553.0,0.229278602,,0.21576898972000005
Cote d'Ivoire,2014,0.376327239,13848553.0,0.251987045,,0.20886063074
Croatia,2014,0.752949879,3606895.0,,,0.1715661100700002
Croatia,2014,0.966916522,3606895.0,,,0.20713763955000022
Cyprus,2014,0.825087862,991903.0,,,0.1332136433800002
Cyprus,2014,0.961884035,991903.0,,,0.16798015075000014
Czechia,2014,0.66437983,8944904.0,,,0.18433661910000018
Czechia,2014,0.948789551,8944904.0,,,0.1625616647800002
Denmark,2014,1.0,4641892.0,,,0.1391720341200003
Denmark,2014,1.0,4641892.0,,,0.1391720341200003
Dominican Republic,2014,0.397475979,7152325.0,,,0.18320113024000026
Dominican Republic,2014,0.644622962,7152325.0,,,0.21643402076000023
Ecuador,2014,0.292700743,11054660.0,,,0.2423828837300001
Ecuador,2014,0.600977833,11054660.0,,,0.16419097682000028
"Egypt, Arab Rep.",2014,0.082942181901565,63009609.0,,,0.15704419063000027
"Egypt, Arab Rep.",2014,0.237994907,63009609.0,,,0.14759256716000027
El Salvador,2014,0.239172904,4304307.0,,,0.1655741779300003
El Salvador,2014,0.524136878,4304307.0,,,0.15857174937000026
Estonia,2014,0.94910693,1110561.0,,,0.1250259226800002
Estonia,2014,0.992263236,1110561.0,,,0.1345998697900002
Ethiopia,2014,0.1907627,55109169.0,,,0.1561549076900003
Ethiopia,2014,0.237965795,55109169.0,,,0.15375699259000022
Finland,2014,1.0,4545771.0,,,0.1407010610700003
Finland,2014,1.0,4545771.0,,,0.1407010610700003
France,2014,0.933690094,53825137.0,,,0.1749080836100002
France,2014,0.994892869,53825137.0,,,0.13417399802000013
Gabon,2014,0.179720039,1209169.0,,,0.13244480588000024
Gabon,2014,0.493727031,1209169.0,,,0.1292657541000002
Georgia,2014,0.261874486,3020250.0,,,0.13930935674000008
Georgia,2014,0.631364539,3020250.0,,,0.12159360696000007
Germany,2014,0.977504033,69974132.0,,,0.18878316579000015
Germany,2014,0.991710353,69974132.0,,,0.1476053703600002
Ghana,2014,0.38094493,16743744.0,0.137954213,,0.15004556410000014
Ghana,2014,0.421371114,16743744.0,0.124728558,,0.18189727793999994
Greece,2014,0.818127809,9357686.0,,,0.36641353298999974
Greece,2014,0.968657333,9357686.0,,,0.3464720856799998
Guatemala,2014,0.273698158,9616393.0,,,0.33738148573000004
Guatemala,2014,0.546956407,9616393.0,,,0.25611370524000027
Guinea,2014,,6293415.0,,,0.34207381266
Guinea,2014,,6293415.0,,,0.34207381266
Haiti,2014,0.125277484,6636287.0,,,0.39054893767999965
Haiti,2014,0.294605027,6636287.0,,,0.38891614309999945
Honduras,2014,0.238545783,5672647.0,,,0.39874090072999957
Honduras,2014,0.434477961,5672647.0,,,0.40701969381999953
"Hong Kong SAR, China",2014,0.939284738,6342961.0,,,0.3719135257399998
"Hong Kong SAR, China",2014,0.980919627,6342961.0,,,0.3914322853699998
Hungary,2014,0.570358532,8464202.0,,,0.1961932142700002
Hungary,2014,0.863522831,8464202.0,,,0.34320088722999986
India,2014,0.412107035,907853291.0,,,0.4040620456599996
India,2014,0.648236712,907853291.0,,,0.40058915693999964
Indonesia,2014,0.297805732,185894322.0,,,0.4025087880399995
Indonesia,2014,0.401045573,185894322.0,,,0.41038694981999946
"Iran, Islamic Rep.",2014,0.88985185,61676328.0,,,0.37717731535999977
"Iran, Islamic Rep.",2014,0.974683011,61676328.0,,,0.24057356278000014
Iraq,2014,0.065599168,20884823.0,,,0.3734734925699998
Iraq,2014,0.168478607,20884823.0,,,0.20789415814000012
Ireland,2014,0.900871914,3629630.0,,,0.3717765299599998
Ireland,2014,0.979788275,3629630.0,,,0.37360834169999974
Israel,2014,0.775938398,5787501.0,,,0.4091919024899996
Israel,2014,0.978327566,5787501.0,,,0.41801909401999937
Italy,2014,0.827750069,51850742.0,,,0.3878078363099997
Italy,2014,0.929289656,51850742.0,,,0.3403464531200001
Jamaica,2014,0.766830602,2096466.0,,,0.40939425080999947
Jamaica,2014,0.796474953,2096466.0,,,0.43312719416999934
Japan,2014,0.945910906,110762343.0,,,0.40269651273999957
Japan,2014,0.980381951,110762343.0,,,0.3741508038799997
Jordan,2014,0.138909053,5205320.0,,,0.35586172912999986
Jordan,2014,0.484989267,5205320.0,,,0.28776196423
Kazakhstan,2014,0.412347487,12875804.0,,,0.33681337683
Kazakhstan,2014,0.634766166,12875804.0,,,0.36364558684999987
Kenya,2014,0.632418798,25714887.0,0.455682438,,0.3749661878399997
Kenya,2014,0.782377792,25714887.0,0.624142538,,0.5221563811300002
"Korea, Rep.",2014,0.914682874,43035419.0,,,0.10181260889999993
"Korea, Rep.",2014,0.974753382,43035419.0,,,0.07512892658999994
Kosovo,2014,0.391838102,1334099.0,,,0.11050716647000003
Kosovo,2014,0.668432003,1334099.0,,,0.07208875923999992
Kuwait,2014,0.641071592,2736473.0,,,0.06583138451999995
Kuwait,2014,0.81535004,2736473.0,,,0.10889669902999993
Kyrgyz Republic,2014,0.136731328,3978542.0,,,0.0947543934699999
Kyrgyz Republic,2014,0.243194046,3978542.0,,,0.07928859349999992
Latvia,2014,0.783647341,1719348.0,,,0.08539689874999996
Latvia,2014,0.97243704,1719348.0,,,0.09690131085999991
Lebanon,2014,0.17325989,4265657.0,,,0.16562183397000013
Lebanon,2014,0.686320479,4265657.0,,,0.10602451027999996
Lithuania,2014,0.581445023,2524428.0,,,0.06486781276999991
Lithuania,2014,0.937317365,2524428.0,,,0.0694509633799999
Luxembourg,2014,0.943372116,451457.0,,,0.061119861049999946
Luxembourg,2014,0.979311829,451457.0,,,0.09207566814999986
Madagascar,2014,,13785487.0,,,0.06564286996999996
Madagascar,2014,,13785487.0,,,0.06564286996999996
Malawi,2014,0.139147249,8735190.0,,,0.0737784617199999
Malawi,2014,0.201788148,8735190.0,,,0.07371058420999989
Malaysia,2014,0.751687576,22158615.0,,,0.14445066614000002
Malaysia,2014,0.844347405,22158615.0,,,0.13433948962999998
Mali,2014,0.091480916,9100789.0,0.046418715,,0.1006313362999999
Mali,2014,0.304518351,9100789.0,0.182893193,,0.17092480988000006
Malta,2014,0.946716663,364279.0,,,0.07747308950999993
Malta,2014,0.982740428,364279.0,,,0.13493599773999998
Mauritania,2014,0.095272307,2084692.0,,,0.10001407482999992
Mauritania,2014,0.441114215,2084692.0,,,0.09450471733999992
Mauritius,2014,0.744300011,1010413.0,,,0.10049712051999997
Mauritius,2014,0.900598091,1010413.0,,,0.12917814972
Mexico,2014,0.254772573,84399247.0,,,0.09966957316999991
Mexico,2014,0.501337336,84399247.0,,,0.11393307105999999
Moldova,2014,0.047330065,2361002.0,,,0.09346837345999993
Moldova,2014,0.27735197,2361002.0,,,0.10170557909999996
Mongolia,2014,0.878918305,2074233.0,,,0.09199999746999993
Mongolia,2014,0.95108435,2074233.0,,,0.10886082557999996
Montenegro,2014,0.469037549,504976.0,,,0.10618435683
Montenegro,2014,0.75649365,504976.0,,,0.08581457252999992
Myanmar,2014,0.194639525,36618649.0,,,0.11533536791000001
Myanmar,2014,0.241229818,36618649.0,,,0.09879876787999997
Namibia,2014,0.522214024,1427950.0,0.08099614,,0.09693860901999997
Namibia,2014,0.664146612,1427950.0,0.129494298,,0.11311696140000006
Nepal,2014,0.327942645,18161615.0,,,0.12446353756000014
Nepal,2014,0.344266576,18161615.0,,,0.12339067222000011
Netherlands,2014,0.985044032,13933854.0,,,0.1404970840800002
Netherlands,2014,0.997760546,13933854.0,,,0.1271603372400002
New Zealand,2014,0.992877098,3534713.0,,,0.12435784069000018
New Zealand,2014,0.996307977,3534713.0,,,0.12343054377000018
Nicaragua,2014,0.089184481,4012287.0,,,0.14963902340000024
Nicaragua,2014,0.306160935,4012287.0,,,0.1429871889300002
Niger,2014,,9371030.0,,,0.1435577488300002
Niger,2014,,9371030.0,,,0.1435577488300002
Nigeria,2014,0.335182863,100567840.0,,,0.14030785333000018
Nigeria,2014,0.519561321,100567840.0,,,0.16401744964000012
North Macedonia,2014,0.609476612,1565432.0,,,0.10762735064000006
North Macedonia,2014,0.870367647,1565432.0,,,0.11129143644000009
Norway,2014,1.0,4150602.0,,,0.12003549032000015
Norway,2014,1.0,4150602.0,,,0.12003549032000015
Pakistan,2014,0.050342277,128875593.0,,,0.16928897173000024
Pakistan,2014,0.227688423,128875593.0,,,0.13618864387000024
Panama,2014,0.28488623,2737867.0,,,0.11484016506000008
Panama,2014,0.534227794,2737867.0,,,0.10780091406000004
Peru,2014,0.144686623,21413567.0,,,0.13300386781000012
Peru,2014,0.380102923,21413567.0,,,0.12104950437000009
Philippines,2014,0.240836538,66911959.0,,,0.10880625799000004
Philippines,2014,0.368665056,66911959.0,,,0.11193784223000003
Poland,2014,0.632137987,32293711.0,,,0.17774982624000013
Poland,2014,0.918605098,32293711.0,,,0.12483046580000011
Portugal,2014,0.826772961,8911922.0,,,0.16186222338000025
Portugal,2014,0.91453358,8911922.0,,,0.13287294209000022
Puerto Rico,2014,0.56025115,2955855.0,,,0.12431344577000013
Puerto Rico,2014,0.898397767,2955855.0,,,0.16384015720000014
Romania,2014,0.475825557,16846776.0,,,0.15217640977000033
Romania,2014,0.710462155,16846776.0,,,0.13741485362000022
Russian Federation,2014,0.486428012,120673872.0,,,0.1430487826600002
Russian Federation,2014,0.773889023,120673872.0,,,0.18015943670000018
Rwanda,2014,0.217837584,6472142.0,0.11477179,,0.16835662173000018
Rwanda,2014,0.508214508,6472142.0,0.209318962,,0.19962176852000005
Saudi Arabia,2014,0.622432379,20496432.0,,,0.13281124889999998
Saudi Arabia,2014,0.79456094,20496432.0,,,0.2711411493899998
Senegal,2014,0.060720788,7858967.0,,,0.2718746494199999
Senegal,2014,0.285386256,7858967.0,,,0.2455673119399998
Serbia,2014,0.754032485,6141282.0,,,0.3028762991399999
Serbia,2014,0.903823356,6141282.0,,,0.2960738175599996
Sierra Leone,2014,0.108118351,3858836.0,,,0.26904217927999974
Sierra Leone,2014,0.185600576,3858836.0,,,0.23345609578999993
Slovak Republic,2014,0.569599358,4582684.0,,,0.23655102207999984
Slovak Republic,2014,0.955700159,4582684.0,,,0.2564391680900001
Slovenia,2014,0.960654218,1759867.0,,,0.21802533713999994
Slovenia,2014,0.980089131,1759867.0,,,0.22791571572999988
Somalia,2014,0.30004705,6719620.0,0.290856908,,0.26757239024999974
Somalia,2014,0.537139162,6719620.0,0.509448668,,0.2039132525900001
South Africa,2014,0.587777218,38992463.0,0.098277055,,0.1341277543500001
South Africa,2014,0.859992208,38992463.0,0.206799331,,0.36273577866000023
Sri Lanka,2014,0.759156383,15433197.0,,,0.2044644525699999
Sri Lanka,2014,0.923257108,15433197.0,,,0.20143519915999988
Sudan,2014,0.083422327,21021157.0,,,0.18494034355999997
Sudan,2014,0.257248462,21021157.0,,,0.18877884343999987
Sweden,2014,0.992713544,7971436.0,,,0.16553342984000008
Sweden,2014,1.0,7971436.0,,,0.17869987891
Switzerland,2014,0.968530218,6883205.0,,,0.22009260189999974
Switzerland,2014,0.985662884,6883205.0,,,0.18763946840999995
"Taiwan, China",2014,0.860499724,19968635.0,,,0.23952598634999994
"Taiwan, China",2014,0.95204957,19968635.0,,,0.18449513348999994
Tajikistan,2014,0.074287242,5217089.0,,,0.21767197158999999
Tajikistan,2014,0.165084632,5217089.0,,,0.21818018509999992
Tanzania,2014,0.272100756,26884351.0,0.188015624,,0.19502958353999986
Tanzania,2014,0.447574246,26884351.0,0.377278264,,0.30814750010000014
Thailand,2014,0.598028072,56707280.0,,,0.21599087988000026
Thailand,2014,0.840828599,56707280.0,,,0.25290024781000026
Togo,2014,0.106909827,4254423.0,,,0.26479719683000025
Togo,2014,0.23096751,4254423.0,,,0.24502059287000036
Tunisia,2014,0.197076697,8426960.0,,,0.18467066696000012
Tunisia,2014,0.399273103,8426960.0,,,0.23560880103000026
Turkiye,2014,0.462190086,57336171.0,,,0.24726171673000027
Turkiye,2014,0.739509444,57336171.0,,,0.24774715759000032
Uganda,2014,0.312436863,18082753.0,0.269110591,,0.23753413150000025
Uganda,2014,0.498825735,18082753.0,0.384716429,,0.33126721305000045
Ukraine,2014,0.318032575,39385204.0,,,0.10194546012000005
Ukraine,2014,0.666650246,39385204.0,,,0.21787169205000015
United Arab Emirates,2014,0.508535895,6398423.0,0.070469663,,0.1320098994000001
United Arab Emirates,2014,0.935983891,6398423.0,0.128225914,,0.1795701471800001
United Kingdom,2014,0.97212557,52712003.0,,,0.12835314612999985
United Kingdom,2014,1.0,52712003.0,,,0.11604726500999979
United States,2014,0.930734774,254715188.0,,,0.22786086265000016
United States,2014,0.938955422,254715188.0,,,0.1986171237800001
Uruguay,2014,0.373590311,2625287.0,,,0.09993047071999983
Uruguay,2014,0.534937266,2625287.0,,,0.09475502567999981
Uzbekistan,2014,0.352143226,21374576.0,,,0.11043500182999988
Uzbekistan,2014,0.441467869,21374576.0,,,0.14698975286999982
"Venezuela, RB",2014,0.380084097,21274157.0,,,0.11264572524999988
"Venezuela, RB",2014,0.747834236,21274157.0,,,0.12193293190999985
Viet Nam,2014,0.250287074,68893679.0,,,0.10042916544999983
Viet Nam,2014,0.341820937,68893679.0,,,0.10324088795999983
West Bank and Gaza,2014,0.144548634,2416583.0,,,0.09300971543999982
West Bank and Gaza,2014,0.487031944,2416583.0,,,0.10272556881999986
"Yemen, Rep.",2014,,16904246.0,,,0.10387195249999978
"Yemen, Rep.",2014,,16904246.0,,,0.10387195249999978
Zambia,2014,0.279859699,8358295.0,0.097381162,,0.13778560480999982
Zambia,2014,0.416895501,8358295.0,0.139896821,,0.20634598794000023
Zimbabwe,2014,0.242724208,7862617.0,0.164666195,,0.20836722295
Zimbabwe,2014,0.420988194,7862617.0,0.277308514,,0.2649954661700003
Afghanistan,2017,0.074289604,18807229.0,,,0.23829689149999994
Afghanistan,2017,0.270240813,18807229.0,,,0.19946108690000006
Albania,2017,0.267952482,2340965.0,,,0.19514128080999987
Albania,2017,0.633661962,2340965.0,,,0.1766707673000001
Algeria,2017,0.294173713,28799702.0,,,0.16984678723000018
Algeria,2017,0.637198308,28799702.0,,,0.18203389055000005
Argentina,2017,0.471008247,33036043.0,,,0.21126138789999985
Argentina,2017,0.498438541,33036043.0,,,0.17680260369999995
Armenia,2017,0.351050552,2384230.0,,,0.17070588332000006
Armenia,2017,0.657068898,2384230.0,,,0.16998878974000015
Australia,2017,0.987047717,19621820.0,,,0.17746648645000002
Australia,2017,1.0,19621820.0,,,0.17204042811000003
Austria,2017,0.951426228,7481549.0,,,0.21447046148
Austria,2017,0.997221685,7481549.0,,,0.2573669803999998
Azerbaijan,2017,0.205590086,7438923.0,,,0.20770124082999986
Azerbaijan,2017,0.332812556,7438923.0,,,0.16984030498000016
Bahrain,2017,0.709059745,1137724.0,,,0.15023743357000013
Bahrain,2017,0.868280521,1137724.0,,,0.17576657628000006
Bangladesh,2017,0.397313491,111658076.0,0.147373308,,0.18715964763999995
Bangladesh,2017,0.637205894,111658076.0,0.298733954,,0.2726133981499997
Belarus,2017,0.568420374,7909969.0,,,0.15004231218000022
Belarus,2017,0.949080161,7909969.0,,,0.23477260001000008
Belgium,2017,0.971645675,9407055.0,,,0.14035057301000015
Belgium,2017,1.0,9407055.0,,,0.24056742655999996
Benin,2017,0.248163206,6631280.0,0.109241252,,0.13233392777000016
Benin,2017,0.459851878,6631280.0,0.220245267,,0.24780862685999974
Bolivia,2017,0.376737808,7571421.0,,,0.16267139529999988
Bolivia,2017,0.61401803,7571421.0,,,0.15073297033999977
Bosnia and Herzegovina,2017,0.448945148,2982772.0,,,0.17775001692999973
Bosnia and Herzegovina,2017,0.779405877,2982772.0,,,0.2909153232199996
Botswana,2017,0.399639767,1470809.0,0.150095759,,0.17228806109999972
Botswana,2017,0.671666142,1470809.0,0.380348082,,0.3773764467999999
Brazil,2017,0.610837893,158478074.0,,,0.23221822680000032
Brazil,2017,0.765078802,158478074.0,,,0.23807826563677023
Bulgaria,2017,0.520125319,6128150.0,,,0.24242127842000039
Bulgaria,2017,0.905336385,6128150.0,,,0.2467172867200004
Burkina Faso,2017,0.31831781,10570484.0,0.248988743,,0.23686045709000036
Burkina Faso,2017,0.520067093,10570484.0,0.393671416,,0.38639301239000007
Cambodia,2017,0.158278553,10807431.0,,,0.12594533654999984
Cambodia,2017,0.244590689,10807431.0,,,0.14497576303999982
Cameroon,2017,0.230312434,13358414.0,0.105070319,,0.14752310150999984
Cameroon,2017,0.412769664,13358414.0,0.178163368,,0.20557873352999997
Canada,2017,0.995941279,30253020.0,,,0.15748498199000027
Canada,2017,0.997978422,30253020.0,,,0.15790421929000029
Central African Republic,2017,0.101430995,2404000.0,,,0.13635468199000025
Central African Republic,2017,0.168673305,2404000.0,,,0.13381073114000025
Chad,2017,0.156001606,7782131.0,0.126945106,,0.11230918164000006
Chad,2017,0.281643081,7782131.0,0.178737503,,0.18248147575000018
Chile,2017,0.617980931,14675996.0,0.081530118,,0.1339567593873644
Chile,2017,0.841995897,14675996.0,0.269253578,,0.2509368071373647
China,2017,0.692362283,1133758537.0,,,0.25277151983000007
China,2017,0.841229646,1133758537.0,,,0.2748384113800001
Colombia,2017,0.33286318,36092425.0,,,0.17619437014000003
Colombia,2017,0.52543662,36092425.0,,,0.16449866358999998
"Congo, Dem. Rep.",2017,0.197900492,45407203.0,0.117130434,,0.12532149462999997
"Congo, Dem. Rep.",2017,0.303103197,45407203.0,0.193532573,,0.20630575522999992
"Congo, Rep.",2017,0.224590879,3026298.0,,,0.2582141243999996
"Congo, Rep.",2017,0.297891105,3026298.0,,,0.26454768296999964
Costa Rica,2017,0.620189775,3790388.0,,,0.28217772251
Costa Rica,2017,0.723638172,3790388.0,,,0.29035250617999964
Cote d'Ivoire,2017,0.31951306,14983416.0,0.26863116,,0.20743602650000004
Cote d'Ivoire,2017,0.481954421,14983416.0,0.393152097,,0.3822841791900001
Croatia,2017,0.752527379,3508155.0,,,0.24319390093000026
Croatia,2017,0.991988205,3508155.0,,,0.2914440415000001
Cyprus,2017,0.8601176,1039880.0,,,0.26683440399
Cyprus,2017,0.906969255,1039880.0,,,0.24706225304999993
Czechia,2017,0.587707099,8934395.0,,,0.14226412436000008
Czechia,2017,0.978429604,8934395.0,,,0.3164255966100004
Denmark,2017,0.998066972,4767144.0,,,0.3363817022900002
Denmark,2017,1.0,4767144.0,,,0.34374455988000013
Dominican Republic,2017,0.423830221,7508555.0,,,0.3015406039600002
Dominican Republic,2017,0.65024327,7508555.0,,,0.28121173387838505
Ecuador,2017,0.343262132,11800828.0,,,0.2249938437300001
Ecuador,2017,0.63153881,11800828.0,,,0.14899333528838504
"Egypt, Arab Rep.",2017,0.277252086,66961302.0,,,0.2869509415
"Egypt, Arab Rep.",2017,0.403670292,66961302.0,,,0.3337296813300002
El Salvador,2017,0.175700086,4464670.0,,,0.33055489210000016
El Salvador,2017,0.40244117,4464670.0,,,0.3177894943200002
Estonia,2017,0.963692597,1103273.0,,,0.34039723277000006
Estonia,2017,0.99117054,1103273.0,,,0.3670670637500001
Ethiopia,2017,0.244748671,61575604.0,,,0.34334773416000014
Ethiopia,2017,0.390114724,61575604.0,,,0.3746383009
Finland,2017,0.995081364,4600229.0,,,0.35732787901
Finland,2017,1.0,4600229.0,,,0.3456121377500002
France,2017,0.884884406,54658275.0,,,0.32910397287000004
France,2017,0.990529615,54658275.0,,,0.2886142158600002
Gabon,2017,0.516818066,1332068.0,0.358822694,,0.3669801733
Gabon,2017,0.646365762,1332068.0,0.502888451,,0.44774226351999985
"Gambia, The",2017,0.216911926,1294272.0,,,0.35169712052999963
"Gambia, The",2017,0.344232892,1294272.0,,,0.29808818988999963
Georgia,2017,0.532986827,2987888.0,,,0.31041136697999944
Georgia,2017,0.767684603,2987888.0,,,0.3221218824299995
Germany,2017,0.983016108,71374479.0,,,0.34471858625999957
Germany,2017,0.996988842,71374479.0,,,0.4469242275099998
Ghana,2017,0.484685847,18083712.0,0.322881167,,0.33085002175999967
Ghana,2017,0.651236767,18083712.0,0.44280552,,0.46618512521000016
Greece,2017,0.798397721,9220190.0,,,0.13400451716676998
Greece,2017,0.92670865,9220190.0,,,0.13409445943000006
Guatemala,2017,0.319950931,10430246.0,,,0.16521302617
Guatemala,2017,0.519079054,10430246.0,,,0.13378149183000013
Guinea,2017,0.175819518,6873506.0,0.102095026,,0.10999094165000008
Guinea,2017,0.271526849,6873506.0,0.159981683,,0.16539063753999994
Haiti,2017,0.257814489,7048972.0,0.086170726,,0.11733796129000018
Haiti,2017,0.458707364,7048972.0,0.230094164,,0.21383965455000012
Honduras,2017,0.329713276,6185475.0,,,0.2128246637800001
Honduras,2017,0.549067816,6185475.0,,,0.28024337052999987
"Hong Kong SAR, China",2017,0.911158196,6493265.0,,,0.27970175891000015
"Hong Kong SAR, China",2017,0.983462891,6493265.0,,,0.23026063386000006
Hungary,2017,0.555775968,8389859.0,,,0.1300435798200001
Hungary,2017,0.912382652,8389859.0,,,0.20931210837000008
India,2017,0.750449008,962463650.0,,,0.18311289454999996
India,2017,0.846037423,962463650.0,,,0.19890426861999994
Indonesia,2017,0.438993617,193777030.0,,,0.21363895280736445
Indonesia,2017,0.521152889,193777030.0,,,0.21151462361000012
"Iran, Islamic Rep.",2017,0.919476966,63892824.0,0.210071925,,0.19895587102
"Iran, Islamic Rep.",2017,0.97819108,63892824.0,0.362741446,,0.3171617361400002
Iraq,2017,0.191504761,23052127.0,,,0.47455797874
Iraq,2017,0.265246025,23052127.0,,,0.52998692169
Ireland,2017,0.907954531,3749429.0,,,0.2327874213599999
Ireland,2017,0.981032457,3749429.0,,,0.45943335947999997
Israel,2017,0.773626017,6131598.0,,,0.45990718963000005
Israel,2017,0.995255717,6131598.0,,,0.43348502434
Italy,2017,0.880928366,52409524.0,,,0.46011302560000006
Italy,2017,0.985075131,52409524.0,,,0.4595691997500001
Japan,2017,0.968336629,110907804.0,,,0.45619377874
Japan,2017,0.990393608,110907804.0,,,0.4979048137700001
Jordan,2017,0.320556205,6558247.0,,,0.48148565986
Jordan,2017,0.604500792,6558247.0,,,0.45121358229
Kazakhstan,2017,0.440583222,13196334.0,,,0.43939555806
Kazakhstan,2017,0.722603633,13196334.0,,,0.46987320778
Kenya,2017,0.635270117,28150345.0,0.576711179,,0.47286489735999987
Kenya,2017,0.875451358,28150345.0,0.779881278,,0.784312965028665
"Korea, Rep.",2017,0.897682516,44377468.0,,,0.2586861142700001
"Korea, Rep.",2017,0.984978622,44377468.0,,,0.2491344036900003
Kosovo,2017,0.441478423,1328163.0,,,0.2011880903100001
Kosovo,2017,0.696532987,1328163.0,,,0.22284894097000027
Kuwait,2017,0.634100978,3138850.0,,,0.21110563897000012
Kuwait,2017,0.857582918,3138850.0,,,0.20636085538000015
Kyrgyz Republic,2017,0.330391464,4195979.0,,,0.2179465144400001
Kyrgyz Republic,2017,0.476308607,4195979.0,,,0.23124940532000016
Lao PDR,2017,0.230230202,4638548.0,,,0.20700999746000018
Lao PDR,2017,0.305563595,4638548.0,,,0.22518787376000027
Latvia,2017,0.857847194,1657658.0,,,0.20395783640000004
Latvia,2017,0.984379931,1657658.0,,,0.23972953546000025
Lebanon,2017,0.21389754,4654352.0,,,0.22461713146000023
Lebanon,2017,0.627096473,4654352.0,,,0.20570983093000003
Lesotho,2017,0.387843681,1350411.0,0.216973412,,0.22275123198000013
Lesotho,2017,0.596649732,1350411.0,0.400063253,,0.4042199182599998
Liberia,2017,0.305711533,2745577.0,0.19491753,,0.18932319906
Liberia,2017,0.375395646,2745577.0,0.213232424,,0.21949573323000002
Libya,2017,0.514509645,4585159.0,,,0.14376232785
Libya,2017,0.733974034,4585159.0,,,0.13281990533000004
Lithuania,2017,0.647844463,2445393.0,,,0.09746870465000006
Lithuania,2017,0.965256621,2445393.0,,,0.14818298442000002
Luxembourg,2017,0.970625627,486845.0,,,0.10786189017000007
Luxembourg,2017,0.998492637,486845.0,,,0.09822818075000006
Madagascar,2017,0.142265708,15245537.0,0.07815611,,0.10754716402472887
Madagascar,2017,0.185704737,15245537.0,0.128733668,,0.13007155164000006
Malawi,2017,0.216444021,9645161.0,0.138602354,,0.1438003632399999
Malawi,2017,0.396336632,9645161.0,0.234627245,,0.2578920752500002
Malaysia,2017,0.774238668,23682698.0,0.047996508,,0.12971400967677
Malaysia,2017,0.892680232,23682698.0,0.138873099,,0.1960537688067698
Maldives,2017,0.661853828,342024.0,0.086663429,,0.14565652915999994
Maldives,2017,0.899193793,342024.0,0.346623878,,0.25055840252000006
Mali,2017,0.260100384,9985747.0,0.188238893,,0.18205236236999994
Mali,2017,0.407531248,9985747.0,0.27559677,,0.2698532931100001
Malta,2017,0.95928459,390899.0,,,0.14421150235000008
Malta,2017,0.983838512,390899.0,,,0.11921268547000002
Mauritania,2017,0.119085849,2278505.0,,,0.13519436002000007
Mauritania,2017,0.336527768,2278505.0,,,0.155665629
Mauritius,2017,0.821992149,1031251.0,,,0.13652151990999997
Mauritius,2017,0.948568122,1031251.0,,,0.14079664405
Mexico,2017,0.255495372,88534114.0,,,0.14957033820000007
Mexico,2017,0.430309305,88534114.0,,,0.13980400079
Mongolia,2017,0.891987688,2155814.0,0.113633837,,0.13683556745000003
Mongolia,2017,0.958783644,2155814.0,0.300149667,,0.27219557776999975
Montenegro,2017,0.572562936,506847.0,,,0.1747623347300003
Montenegro,2017,0.826995962,506847.0,,,0.17824065520000024
Morocco,2017,0.199821096,24894226.0,,,0.1840841409300002
Morocco,2017,0.456411077,24894226.0,,,0.20443510088999997
Mozambique,2017,0.330463775,14874137.0,0.158223569,,0.21548291440999992
Mozambique,2017,0.479041936,14874137.0,0.262363623,,0.28673887365999984
Myanmar,2017,0.240005095,38000865.0,,,0.3380611019199997
Myanmar,2017,0.269063247,38000865.0,,,0.3258365076099996
Namibia,2017,0.744032227,1547830.0,0.364194744,,0.39307896110999996
Namibia,2017,0.84928094,1547830.0,0.482615329,,0.45933097282000007
Nepal,2017,0.452602995,18869412.0,,,0.20981012521999992
Nepal,2017,0.454402911,18869412.0,,,0.21715485341999982
Netherlands,2017,0.993618421,14234525.0,,,0.21342313510736424
Netherlands,2017,0.997785688,14234525.0,,,0.21876287849999979
New Zealand,2017,0.975055691,3788624.0,,,0.29347168417999986
New Zealand,2017,1.0,3788624.0,,,0.19816564107999995
Nicaragua,2017,0.201811542,4249427.0,,,0.2780925625000001
Nicaragua,2017,0.386901292,4249427.0,,,0.2474036615499999
Niger,2017,0.07689024,10546918.0,,,0.20652698300999991
Niger,2017,0.253077402,10546918.0,,,0.19654337328999993
Nigeria,2017,0.336768802,109170774.0,,,0.21957761287999975
Nigeria,2017,0.424225881,109170774.0,,,0.2034270587599999
North Macedonia,2017,0.665639455,1567300.0,,,0.20455863385000003
North Macedonia,2017,0.931819616,1567300.0,,,0.21556890468999995
Norway,2017,0.99277113,4298959.0,,,0.22818942716999988
Norway,2017,1.0,4298959.0,,,0.2187214308199999
Pakistan,2017,0.134497669,135055510.0,,,0.218366793442093
Pakistan,2017,0.35185187,135055510.0,,,0.20002564581736432
Panama,2017,0.385233252,2915245.0,,,0.19845646382
Panama,2017,0.519219208,2915245.0,,,0.18991244814999994
Paraguay,2017,0.419240643,4382299.0,0.186255854,,0.23399955831999988
Paraguay,2017,0.524479153,4382299.0,0.346805901,,0.29899213616999987
Peru,2017,0.261974143,22473210.0,,,0.28566383097000014
Peru,2017,0.521681279,22473210.0,,,0.2229327777483849
Philippines,2017,0.270936449,71585383.0,,,0.27405444981000016
Philippines,2017,0.394148931,71585383.0,,,0.2761310832950789
Poland,2017,0.690345875,32223349.0,,,0.2571715583100002
Poland,2017,0.971778884,32223349.0,,,0.1939032954100001
Portugal,2017,0.869999888,8871342.0,,,0.2614779369600002
Portugal,2017,0.964430181,8871342.0,,,0.24126405504000017
Romania,2017,0.468586666,16606939.0,,,0.2685910088500002
Romania,2017,0.674039267,16606939.0,,,0.25301693662000024
Russian Federation,2017,0.672911885,120066877.0,,,0.2589968593200002
Russian Federation,2017,0.825008338,120066877.0,,,0.26897782146000027
Rwanda,2017,0.424723049,7050113.0,0.273695485,,0.27310537396000023
Rwanda,2017,0.512836995,7050113.0,0.317417965,,0.32043248091000026
Saudi Arabia,2017,0.532365718,23241801.0,,,0.23430949891000033
Saudi Arabia,2017,0.828610813,23241801.0,,,0.23167911443354006
Senegal,2017,0.313346251,8705549.0,0.238713818,,0.19608664458000008
Senegal,2017,0.542311168,8705549.0,0.403567473,,0.41508521015000016
Serbia,2017,0.575520494,6046629.0,,,0.1584456871500002
Serbia,2017,0.901194437,6046629.0,,,0.1735034878100001
Sierra Leone,2017,0.199392899,4219730.0,0.128344302,,0.12957107253000014
Sierra Leone,2017,0.197219348,4219730.0,0.098107631,,0.10991071998
Singapore,2017,0.956303101,4905185.0,,,0.1490525832299998
Singapore,2017,0.99134194,4905185.0,,,0.17075643134999982
Slovak Republic,2017,0.64351305,4594115.0,,,0.15831102705999986
Slovak Republic,2017,0.92497531,4594115.0,,,0.1386625370899999
Slovenia,2017,0.944738644,1756994.0,,,0.1699226854599998
Slovenia,2017,0.994066072,1756994.0,,,0.1521493452399998
South Africa,2017,0.60976141,41039555.0,0.112345062,,0.13919169600999992
South Africa,2017,0.795754679,41039555.0,0.287957872,,0.2300477046600001
South Sudan,2017,,6092487.0,,,0.29991948983999994
South Sudan,2017,,6092487.0,,,0.29991948983999994
Spain,2017,0.862483274,39549433.0,,,0.2493762442900001
Spain,2017,0.994589855,39549433.0,,,0.21096085033
Sri Lanka,2017,0.680335196,16017388.0,,,0.24735703925000008
Sri Lanka,2017,0.822939244,16017388.0,,,0.261926251268385
Sweden,2017,0.993442935,8184039.0,,,0.25770937996999993
Sweden,2017,1.0,8184039.0,,,0.26703515511
Switzerland,2017,0.967977052,7127704.0,,,0.2595148797000001
Switzerland,2017,0.993895602,7127704.0,,,0.25688371502
"Taiwan, China",2017,0.902934937,20340388.0,,,0.2587769817400001
"Taiwan, China",2017,0.96658489,20340388.0,,,0.1886686115800001
Tajikistan,2017,0.378537223,5649763.0,,,0.23312054425000003
Tajikistan,2017,0.663110582,5649763.0,,,0.20734255138999994
Tanzania,2017,0.332613242,30023264.0,0.260849512,,0.24805905494999997
Tanzania,2017,0.551751984,30023264.0,0.463140369,,0.44658295476000054
Thailand,2017,0.745224507,58293189.0,,,0.17224374741000012
Thailand,2017,0.840126112,58293189.0,,,0.17939728613000003
Togo,2017,0.361697724,4608431.0,0.155732839,,0.18075966065000004
Togo,2017,0.506120579,4608431.0,0.248916669,,0.2947545229
Trinidad and Tobago,2017,0.721363231,1090252.0,,,0.08698142063
Trinidad and Tobago,2017,0.872760588,1090252.0,,,0.09803036588999993
Tunisia,2017,0.206170231,8662597.0,,,0.09918372193999989
Tunisia,2017,0.604874699,8662597.0,,,0.17976057331999995
Turkiye,2017,0.449213094,60604220.0,0.057776671,,0.14025856480999976
Turkiye,2017,0.907126079,60604220.0,0.263513183,,0.25172334507000027
Turkmenistan,2017,0.095119329,4458186.0,,,0.3273940558600001
Turkmenistan,2017,0.675673065,4458186.0,,,0.32431724236000015
Uganda,2017,0.454286465,20360656.0,0.36323051,,0.3440526743500001
Uganda,2017,0.649295987,20360656.0,0.565146362,,0.5214914688700001
Ukraine,2017,0.551696059,38655749.0,,,0.12158624075000017
Ukraine,2017,0.693680764,38655749.0,,,0.1308517951400002
United Arab Emirates,2017,0.556150209,7433015.0,0.09213354,,0.1396905799600001
United Arab Emirates,2017,0.948826416,7433015.0,0.238124337,,0.21124640986999993
United Kingdom,2017,0.920551342,53834160.0,,,0.09179041053000002
United Kingdom,2017,0.992003291,53834160.0,,,0.13572512309000015
United States,2017,0.925926438,261470917.0,,,0.14992129074000016
United States,2017,0.933703115,261470917.0,,,0.1241796427200001
Uruguay,2017,0.5480689,2670291.0,,,0.05801431542999994
Uruguay,2017,0.70798129,2670291.0,,,0.05613033094999996
Uzbekistan,2017,0.325727481,22359293.0,,,0.08823933093999992
Uzbekistan,2017,0.400457469,22359293.0,,,0.19259167839999994
"Venezuela, RB",2017,0.579833863,22179490.0,0.02094669,,0.10102971957515479
"Venezuela, RB",2017,0.806988231,22179490.0,0.150928088838492,,0.1671689984585595
Viet Nam,2017,0.210034972,71315938.0,,,0.2160371290900003
Viet Nam,2017,0.347921831,71315938.0,,,0.21827968475000037
West Bank and Gaza,2017,0.134989048,2625785.0,,,0.2310813253900004
West Bank and Gaza,2017,0.530149359,2625785.0,,,0.16519104996000014
Zambia,2017,0.38951861,9326870.0,0.221471824,,0.26613832599000004
Zambia,2017,0.518002956,9326870.0,0.32734699,,0.33988810498999966
Zimbabwe,2017,0.498629567,8235262.0,0.42893256,,0.4179767756899999
Zimbabwe,2017,0.592608109,8235262.0,0.527524862,,0.49818798969999983
Afghanistan,2021,,21791072.0,,,0.2343007798599997
Afghanistan,2021,,21791072.0,,,0.2343007798599997
Albania,2021,0.269737091,2340601.0,,,0.20807888159736432
Albania,2021,0.673609754,2340601.0,,,0.23381809170999968
Algeria,2021,0.281816017,30458426.0,,,0.23934266242999971
Algeria,2021,0.721376209,30458426.0,,,0.19766881595000002
Argentina,2021,0.681439419,34481880.0,0.225283869,,0.25098551485999965
Argentina,2021,0.736736371,34481880.0,0.42461377,,0.3514477111883851
Armenia,2021,0.404823459,2364189.0,0.095681368,,0.1475639712599999
Armenia,2021,0.672419701,2364189.0,0.224833581,,0.22804343552999984
Australia,2021,0.981065096,20888823.0,,,0.24069897668999973
Australia,2021,1.0,20888823.0,,,0.2210183028399998
Austria,2021,1.0,7633446.0,,,0.2469572784199997
Austria,2021,0.999143001,7633446.0,,,0.24091423072999962
Azerbaijan,2022,0.381963372,7732344.0,,,0.2180105560499998
Azerbaijan,2022,0.602656956,7732344.0,,,0.2134664425999998
Bangladesh,2021,0.467704521,117641793.0,0.220146801,,0.25593963497000016
Bangladesh,2021,0.617982815,117641793.0,0.394215678,,0.2454344732499999
Belgium,2021,0.985818955,9600074.0,,,0.2535986155300002
Belgium,2021,0.994289943,9600074.0,,,0.26288773328
Benin,2021,0.365480729,7495327.0,0.261717302,,0.2725347157100001
Benin,2021,0.545109272,7495327.0,0.418321876,,0.42661039527
Bolivia,2021,0.67049785,8150856.0,0.072474604,,0.11187057714000005
Bolivia,2021,0.695770207,8150856.0,0.151042108,,0.1445667219800002
Bosnia and Herzegovina,2021,0.639176809,2851847.0,,,0.31150061580999966
Bosnia and Herzegovina,2021,0.924580002,2851847.0,,,0.29426193695999947
Botswana,2022,0.483384017,1588124.0,0.284088662,,0.28947679123999964
Botswana,2022,0.734528252,1588124.0,0.480653952,,0.48522720177999973
Brazil,2021,0.778640196,165349748.0,0.137233667,,0.221601973528385
Brazil,2021,0.878150757,165349748.0,0.350658116,,0.27448310160838507
Bulgaria,2021,0.806118249,5933315.0,,,0.22934881179999972
Bulgaria,2021,0.872684218,5933315.0,,,0.23714352090999977
Burkina Faso,2021,0.301454645,12018028.0,0.20348473,,0.20479707811999975
Burkina Faso,2021,0.380493611,12018028.0,0.260701442,,0.2711563044899996
Cambodia,2021,0.31853962,11527565.0,,,0.2878553221800003
Cambodia,2021,0.340539468,11527565.0,,,0.2952592264300004
Cameroon,2021,0.391750902,15059599.0,0.320875864,,0.30632341811000036
Cameroon,2021,0.590015957,15059599.0,0.485233641,,0.48070858323000026
Canada,2021,0.993307793,31991096.0,,,0.09899273191999994
Canada,2021,0.998170815,31991096.0,,,0.1438288536700001
Chad,2022,0.116486389,8962706.0,0.033028666,,0.06555703766
Chad,2022,0.296036637,8962706.0,0.164428425,,0.16792789916000014
Chile,2021,0.773085089,15803947.0,,,0.2008786187283848
Chile,2021,0.923089637,15803947.0,,,0.16753172819999992
Colombia,2021,0.469774202,39661157.0,0.153768777,,0.1746155015099999
Colombia,2021,0.672663111,39661157.0,0.255534071,,0.23348505603999975
Comoros,2022,0.233412049,495193.0,,,0.21971342718999975
Comoros,2022,0.45083259,495193.0,,,0.21898871616423046
"Congo, Dem. Rep.",2022,0.208379192,51784116.0,0.175464738,,0.17390166038
"Congo, Dem. Rep.",2022,0.312754129,51784116.0,0.256548484,,0.24600244288999978
"Congo, Rep.",2021,0.429696813,3350070.0,0.322500736,,0.31194480205000025
"Congo, Rep.",2021,0.511485868,3350070.0,0.411246418,,0.39824515454999976
Costa Rica,2021,0.60017471,3990389.0,,,0.28992298295000013
Costa Rica,2021,0.75033757,3990389.0,,,0.2826022471600001
Cote d'Ivoire,2021,0.381401757,16718735.0,0.290981064,,0.29229796138
Cote d'Ivoire,2021,0.563612163,16718735.0,0.45407444,,0.4536369310699997
Croatia,2021,0.857810693,3348534.0,,,0.1464090627000001
Croatia,2021,0.976924922,3348534.0,,,0.18633341386000002
Cyprus,2021,0.856012901,1094549.0,,,0.09118541425999993
Cyprus,2021,0.977766081,1094549.0,,,0.11316703203000003
Czechia,2021,0.913279054,8985899.0,,,0.22318823339000018
Czechia,2021,0.975870582,8985899.0,,,0.14775125427000016
Denmark,2021,1.0,4880509.0,,,0.1394450200400001
Denmark,2021,1.0,4880509.0,,,0.1394450200400001
Dominican Republic,2021,0.364247331172701,7960918.0,,,0.10635541493000002
Dominican Republic,2021,0.614014254,7960918.0,,,0.10626233577000005
Ecuador,2021,0.462871327,12914981.0,,,0.10887021511999995
Ecuador,2021,0.75774018,12914981.0,,,0.10674133
"Egypt, Arab Rep.",2021,0.234875004,72722825.0,,,0.10958721964000004
"Egypt, Arab Rep.",2021,0.337564136,72722825.0,,,0.09181964429999995
El Salvador,2021,0.226613084,4592875.0,0.070604335,,0.1259898284673644
El Salvador,2021,0.464256445,4592875.0,0.140141232,,0.17655238787000008
Estonia,2021,0.984133687,1110971.0,,,0.4219313147200002
Estonia,2021,1.0,1110971.0,,,0.3997554266300001
Eswatini,2022,0.563860432,779017.0,0.455210618,,0.4499898556542308
Eswatini,2022,0.768914695,779017.0,0.690292242,,0.6597860214699994
Ethiopia,2022,0.388985914,70814574.0,,,0.5090483170599994
Ethiopia,2022,0.516603199,70814574.0,,,0.4778399947899999
Finland,2021,1.0,4663598.0,,,0.36957636612
Finland,2021,0.991232269,4663598.0,,,0.4149538992799998
France,2021,0.989166799,55812045.0,,,0.4630416618399996
France,2021,0.995763372,55812045.0,,,0.4635211512699996
Gabon,2021,0.579606772,1467427.0,0.528616148,,0.5104728035899996
Gabon,2021,0.729612985,1467427.0,0.613796045,,0.6153386558800004
"Gambia, The",2022,0.212838668,1458016.0,,,0.47128387588000004
"Gambia, The",2022,0.440954534,1458016.0,,,0.4390228194100001
Georgia,2021,0.628976249,2940933.0,,,0.43515635457999996
Georgia,2021,0.84057949,2940933.0,,,0.4291158194200002
Germany,2021,0.999480832,71716499.0,,,0.48306606629999993
Germany,2021,1.0,71716499.0,,,0.4567432216100001
Ghana,2021,0.546809191,20017745.0,0.50455734,,0.48569065005
Ghana,2021,0.737102362,20017745.0,0.63421726,,0.6345318751399998
Greece,2021,0.933786667,9182577.0,,,0.1521809852900001
Greece,2021,0.965898442,9182577.0,,,0.14391673656000012
Guatemala,2022,0.290060284,11489738.0,,,0.15965151868000016
Guatemala,2022,0.4136846,11489738.0,,,0.1656863156500002
Guinea,2021,0.181813872,7735937.0,0.138964633,,0.1253358923700001
Guinea,2021,0.386532773,7735937.0,0.266107605,,0.26920023078999966
Honduras,2021,0.232269942,6863097.0,,,0.07990448486999989
Honduras,2021,0.483551915,6863097.0,,,0.1287625409100001
"Hong Kong SAR, China",2021,0.942016446,6637356.0,,,0.10613779354000011
"Hong Kong SAR, China",2021,0.997886602,6637356.0,,,0.09093658734999996
Hungary,2021,0.799722206,8330756.0,,,0.11055209728000008
Hungary,2021,0.950717405,8330756.0,,,0.11304671279000007
Iceland,2021,1.0,297833.0,,,0.08523819976999995
Iceland,2021,1.0,297833.0,,,0.08523819976999995
India,2021,0.740863352,1033092817.0,0.068730197,,0.10858631414000004
India,2021,0.81873469,1033092817.0,0.14940321,,0.15223627442999985
Indonesia,2021,0.426066077,203818030.0,,,0.12907181678000001
Indonesia,2021,0.584158622,203818030.0,,,0.1372522082900001
"Iran, Islamic Rep.",2021,0.846531733,66867932.0,0.070034138,,0.11923674798000004
"Iran, Islamic Rep.",2021,0.972168506,66867932.0,0.196883082,,0.22644621161999987
Iraq,2021,0.118201612,25903954.0,,,0.13781350265000009
Iraq,2021,0.301105381,25903954.0,,,0.1833057532500001
Ireland,2021,0.996921734,3983258.0,,,0.1419819495000001
Ireland,2021,0.996429994,3983258.0,,,0.17815191444999998
Israel,2021,0.835898736,6631697.0,,,0.21588675892000012
Israel,2021,0.995418316,6631697.0,,,0.11960422207
Italy,2021,0.962988231,51815239.0,,,0.10020023047999999
Italy,2021,0.986177753,51815239.0,,,0.1500606460100001
Jamaica,2021,0.684620658,2248537.0,0.070456585,,0.18383876711999997
Jamaica,2021,0.757787299,2248537.0,0.155360875,,0.1682232703599999
Japan,2021,0.978520422,110830955.0,,,0.12976330956999987
Japan,2021,0.988151419,110830955.0,,,0.18284385033000003
Jordan,2021,0.385847411,7296924.0,0.073601615,,0.18041288291000002
Jordan,2021,0.633580924,7296924.0,0.169375994,,0.20442772141999968
Kazakhstan,2021,0.710573286,13791287.0,,,0.41250267458999995
Kazakhstan,2021,0.886662332,13791287.0,,,0.4355431259899997
Kenya,2021,0.634028888,31704189.0,0.499430952,,0.49148448061999955
Kenya,2021,0.849158352,31704189.0,0.754383312866514,,0.7623254252159037
"Korea, Rep.",2021,0.962001326,45556455.0,,,0.1088364101700001
"Korea, Rep.",2021,0.999151162,45556455.0,,,0.11534967308000016
Kosovo,2021,0.448342013,1385580.0,,,0.11139891380000008
Kosovo,2021,0.782387422,1385580.0,,,0.1557425198400001
Kyrgyz Republic,2021,0.380624347,4515230.0,0.084920515,,0.1715300646700001
Kyrgyz Republic,2021,0.537346154,4515230.0,0.150382041,,0.25513943323000005
Lao PDR,2021,0.396671595,5024510.0,,,0.31149896635
Lao PDR,2021,0.37159319,5024510.0,,,0.34956175437000014
Latvia,2021,0.935481969,1596418.0,,,0.3227741719899999
Latvia,2021,0.986547212,1596418.0,,,0.34887287685
Lebanon,2021,0.101035866,4108774.0,,,0.3554303889600001
Lebanon,2021,0.301900764,4108774.0,,,0.3614109416100002
Lesotho,2022,0.595351119,1434393.0,0.404209022,,0.43083384309999984
Lesotho,2022,0.690827469,1434393.0,0.531292513,,0.539594587939999
Liberia,2021,0.400750526,3018782.0,0.298754568,,0.26951443738999986
Liberia,2021,0.563016518,3018782.0,0.388910177,,0.38295752003999967
Lithuania,2021,0.877528718,2372426.0,,,0.13331479266000015
Lithuania,2021,0.985199283,2372426.0,,,0.15901513009000012
Madagascar,2022,0.173015284,17259462.0,0.106793652,,0.11954689271000013
Madagascar,2022,0.288397791,17259462.0,0.213857983,,0.21086082617000002
Malawi,2021,0.294752638,11111253.0,0.221149188,,0.21142143818999973
Malawi,2021,0.518176709,11111253.0,0.427692596,,0.42034727947
Malaysia,2021,0.808913624,25769271.0,0.117699043,,0.1996234485138493
Malaysia,2021,0.928760883,25769271.0,0.377282536,,0.24976713707000017
Mali,2021,0.336894739,11438992.0,0.239689334,,0.24293066592000023
Mali,2021,0.467991388,11438992.0,0.311963472,,0.327492949746418
Malta,2021,0.941608581,446624.0,,,0.14786516719000006
Malta,2021,0.978465517,446624.0,,,0.08882144406999994
Mauritania,2022,0.164134977,2584547.0,0.073356272,,0.08039149604999996
Mauritania,2022,0.316803143,2584547.0,0.134626324,,0.1601694597399998
Mauritius,2021,0.84127866,1058961.0,0.058328757,,0.07568257411999998
Mauritius,2021,0.938152721,1058961.0,0.21068111,,0.17307522367999986
Mexico,2022,0.334436256,93851214.0,0.09701888,,0.10208331885000006
Mexico,2022,0.568270076,93851214.0,0.2240896,,0.19382196758999984
Moldova,2021,0.475439623,2108305.0,,,0.28163017832000026
Moldova,2021,0.737724905,2108305.0,,,0.42725109919
Mongolia,2021,0.970102993,2237019.0,0.496460289,,0.4071157196
Mongolia,2021,0.994586979,2237019.0,0.651806386,,0.30423568635000015
Morocco,2021,0.366299583,26706787.0,,,0.21955664749999976
Morocco,2021,0.5711374,26706787.0,,,0.2356348240799999
Mozambique,2021,0.363883944,16874256.0,0.202240511,,0.23044940664999986
Mozambique,2021,0.607714947,16874256.0,0.372540707,,0.3779330134099997
Myanmar,2021,0.541927306,39685121.0,0.308052631,,0.24487359217000013
Myanmar,2021,0.452717183,39685121.0,0.283323485,,0.2550198832000002
Namibia,2021,0.591633522,1715314.0,0.307216425,,0.35327006416
Namibia,2021,0.871249579,1715314.0,0.580406281,,0.5553591571399998
Nepal,2021,0.510160585,20254590.0,,,0.31239541600000037
Nepal,2021,0.55216412,20254590.0,,,0.30043277700000026
Netherlands,2021,0.992949209,14717214.0,,,0.23074891941736428
Netherlands,2021,1.0,14717214.0,,,0.27217339016000014
New Zealand,2021,0.967614105,4122094.0,,,0.2914883173400003
New Zealand,2021,0.995952728,4122094.0,,,0.26208514582000014
Nicaragua,2021,0.181035924,4567953.0,,,0.2936860430500002
Nicaragua,2021,0.293603975,4567953.0,,,0.2614827076494577
Niger,2022,0.069873223,12328593.0,,,0.2720337511347289
Niger,2022,0.150762723,12328593.0,,,0.2687595648373645
Nigeria,2021,0.296252535,122350743.0,,,0.2982162645400003
Nigeria,2021,0.533487341,122350743.0,,,0.3531357062100002
North Macedonia,2021,0.770950038,1536653.0,,,0.2851625509200002
North Macedonia,2021,0.943144408,1536653.0,,,0.29837982130000024
Norway,2021,0.985389254,4453612.0,,,0.3007288367200002
Norway,2021,1.0,4453612.0,,,0.2900122732000001
Pakistan,2021,0.15651797,146030491.0,,,0.27257112553209334
Pakistan,2021,0.283210863,146030491.0,,,0.24628011154155083
Panama,2021,0.319616136,3160275.0,,,0.24590834662945768
Panama,2021,0.557481002,3160275.0,,,0.21679307572000006
Paraguay,2021,0.477413902,4679787.0,0.313061729,,0.28388198537000026
Paraguay,2021,0.584330404,4679787.0,0.415432474,,0.2768304206300001
Peru,2021,0.383157576,24463530.0,0.059736426,,0.11126902323000014
Peru,2021,0.670525687,24463530.0,0.185144992,,0.19934166715
Philippines,2021,0.414243564,77692157.0,0.182376834,,0.19444295877507833
Philippines,2021,0.575946931,77692157.0,0.239292168,,0.22147515828999997
Poland,2021,0.917076151,32028961.0,,,0.23757884381000022
Poland,2021,0.986629981,32028961.0,,,0.2347707805700003
Portugal,2021,0.855139834,8923687.0,,,0.2410067111500003
Portugal,2021,0.980125091,8923687.0,,,0.2768036303500002
Romania,2021,0.537307235,16163817.0,,,0.2559483756000004
Romania,2021,0.82095333,16163817.0,,,0.24874450220000008
Russian Federation,2021,0.852108707,119582441.0,0.274241397,,0.27969360847000047
Russian Federation,2021,0.930212228,119582441.0,0.369768141,,0.3141402034100005
Saudi Arabia,2021,0.509855362,23509479.0,,,0.3043464342600003
Saudi Arabia,2021,0.845312928,23509479.0,,,0.24306762693838502
Senegal,2021,0.44655266,10017948.0,0.352020965,,0.34557486781000035
Senegal,2021,0.656746615,10017948.0,0.532079891,,0.5414963421637418
Serbia,2021,0.826284358,5915242.0,,,0.23756476129999984
Serbia,2021,0.962798222,5915242.0,,,0.22539041094999976
Sierra Leone,2021,0.303245074,4762478.0,0.193585166,,0.2068752237073644
Sierra Leone,2021,0.28220135,4762478.0,0.18905289,,0.19233138168999972
Singapore,2021,0.93997167,4993587.0,0.148051849,,0.15067025322999997
Singapore,2021,0.99446992,4993587.0,0.390410102,,0.19242862030999994
Slovak Republic,2021,0.913524365,4593346.0,,,0.22447741441999988
Slovak Republic,2021,0.984184607,4593346.0,,,0.2770143516899999
Slovenia,2021,0.979779872,1784150.0,,,0.2636887864599997
Slovenia,2021,0.998370196,1784150.0,,,0.2244251202399998
South Africa,2021,0.786184945,44211052.0,0.245465163,,0.2581480603
South Africa,2021,0.922815782,44211052.0,0.488398659,,0.45021041662999955
South Sudan,2021,,6159568.0,,,0.33283094345999964
South Sudan,2021,,6159568.0,,,0.33283094345999964
Spain,2021,0.983740369,40639965.0,,,0.2719917372799997
Spain,2021,0.98221419,40639965.0,,,0.26265883609999974
Sri Lanka,2021,0.876464374,16803664.0,,,0.2966540017599996
Sri Lanka,2021,0.911970907,16803664.0,,,0.29255097785999956
Sweden,2021,0.999038212,8517166.0,,,0.28081166884999953
Sweden,2021,0.995759707,8517166.0,,,0.28543941908999954
Switzerland,2021,0.991681632,7337959.0,,,0.2870535048699996
Switzerland,2021,0.99817043,7337959.0,,,0.24897932334999964
"Taiwan, China",2021,0.887075734,20568066.0,,,0.29216180019999966
"Taiwan, China",2021,0.979112491,20568066.0,,,0.2796890856199995
Tajikistan,2021,0.342180158,6196225.0,,,0.26519426689999964
Tajikistan,2021,0.449206469,6196225.0,,,0.23993114595999984
Tanzania,2021,0.393356637,34527295.0,0.301926399,,0.31242023262
Tanzania,2021,0.576846671,34527295.0,0.503476969,,0.4889766020599997
Thailand,2021,0.945756505,60059109.0,0.523863868,,0.36052359921
Thailand,2021,0.95960741,60059109.0,0.629175915,,0.4944558824099996
Togo,2021,0.337354853,5137794.0,0.259520992,,0.24013120773999994
Togo,2021,0.554653727,5137794.0,0.403683238,,0.4048831412299996
Tunisia,2021,0.293285202,8970562.0,,,0.15613984903999986
Tunisia,2021,0.466004622,8970562.0,,,0.19343281468000012
Turkiye,2021,0.64750004,64398074.0,0.115146477,,0.1555799486499999
Turkiye,2021,0.838984627,64398074.0,0.253908278,,0.23238037151000007
Uganda,2021,0.501407699,24351947.0,0.412583678,,0.40905840625999984
Uganda,2021,0.722561911,24351947.0,0.588375227,,0.6078621585700003
Ukraine,2021,0.765315299,37851388.0,,,0.15839652832000017
Ukraine,2021,0.880160327,37851388.0,,,0.14811227924000023
United Arab Emirates,2021,0.865464711,7842387.0,0.091665918,,0.13125745688000012
United Arab Emirates,2021,0.853197012,7842387.0,0.15407071,,0.14481355045000022
United Kingdom,2021,0.995097052,55029201.0,,,0.22646635614000007
United Kingdom,2021,1.0,55029201.0,,,0.22726102501999987
United States,2021,0.943515595,270549658.0,,,0.16578623059000006
United States,2021,0.952753341,270549658.0,,,0.20713790523000009
Uruguay,2021,0.661946815,2725712.0,,,0.16734937786000006
Uruguay,2021,0.793712285,2725712.0,,,0.15926143968000017
Uzbekistan,2021,0.342261224,23599241.0,,,0.1926385325499999
Uzbekistan,2021,0.555370228,23599241.0,,,0.20756699034999987
"Venezuela, RB",2021,0.731226306,20527738.0,0.176498598,,0.21231206631676966
"Venezuela, RB",2021,0.903187415,20527738.0,0.369647572,,0.3321602491835401
Viet Nam,2022,0.313837258,74158712.0,0.103452716,,0.1296649533299999
Viet Nam,2022,0.646184419,74158712.0,0.185206063,,0.1945807845100001
West Bank and Gaza,2021,0.239216628,2915259.0,,,0.31280907750000025
West Bank and Gaza,2021,0.541649421,2915259.0,,,0.22635864660999994
"Yemen, Rep.",2022,0.069939294,21192335.0,,,0.3279844670400002
"Yemen, Rep.",2022,0.234936546,21192335.0,,,0.3241259769900002
Zambia,2021,0.375013055,10800121.0,0.321371232,,0.3034909809000002
Zambia,2021,0.549137156,10800121.0,0.471378033,,0.4581408353000003
Zimbabwe,2021,0.498246615,8977056.0,0.415979828,,0.4074667041399999
Zimbabwe,2021,0.683872418,8977056.0,0.585013587,,0.5594456042531891
Albania,2024,0.255363204,2278004.0,,0.762842309,0.3588188918500002
Albania,2024,0.729701784,2278004.0,,0.914293405,0.42839498670000026
Algeria,2024,0.243707687,32019804.0,,0.806741085,0.4045353012999999
Algeria,2024,0.526558354,32019804.0,,0.864668683,0.44856072851999984
Argentina,2024,0.71270525,35433130.0,0.380175259,0.810078284,0.37911319412000005
Argentina,2024,0.878591044,35433130.0,0.676699978,0.922869792,0.5398024692400004
Armenia,2024,0.641156895,2406318.0,0.095462894,0.830308381,0.27270755914999983
Armenia,2024,0.792587314,2406318.0,0.25849809,0.924041864,0.24239169799999988
Australia,2024,0.967915082,21852264.0,,0.827393142,0.3648926781199999
Australia,2024,0.986744829,21852264.0,,0.975213357,0.17946124355999976
Austria,2024,0.990445934,7825678.0,,0.900206616,0.21724968129999983
Austria,2024,1.0,7825678.0,,0.977520042,0.18570434403999989
Azerbaijan,2024,0.40892524,7885113.0,,0.78763628,0.32657832291999994
Azerbaijan,2024,0.700747071,7885113.0,,0.93132598,0.19707713831999982
Bahrain,2024,0.79957865,1277545.0,,0.956782817,0.1981181411859998
Bahrain,2024,0.835512266,1277545.0,,0.983887102,0.20654305222999983
Bangladesh,2024,0.346983767,122837439.0,0.172702328,0.426816448,0.16901394094
Bangladesh,2024,0.584936777,122837439.0,0.269654575,0.451683549,0.20499829018000018
Belgium,2024,0.961954746,9867164.0,,0.903938699,0.14446760779999998
Belgium,2024,1.0,9867164.0,,0.990553675,0.11291191216999992
Belize,2024,0.603371374,300138.0,0.061915933,0.744514471,0.11009439796999997
Belize,2024,0.72075666,300138.0,0.176896756,0.922692921,0.17487513608999994
Benin,2024,0.383279511,8207504.0,0.355371375,0.369488731,0.3436608684500002
Benin,2024,0.568359972,8207504.0,0.483216417,0.333806422,0.5007126025699997
Bolivia,2024,0.43736054,8553476.0,0.104013643,0.704387691,0.13922513763
Bolivia,2024,0.610771549,8553476.0,0.230657572,0.819194746,0.22938668714999977
Bosnia and Herzegovina,2024,0.61595481,2764009.0,,0.758537097,0.42944779831999985
Bosnia and Herzegovina,2024,0.927265705,2764009.0,,0.933949343,0.4472441109499996
Botswana,2024,0.490545995,1679590.0,0.392697807,0.401446309,0.39688807870641823
Botswana,2024,0.788477542,1679590.0,0.689767246,0.572527736,0.5268721806899999
Brazil,2024,0.776152067,169047814.0,0.348041236,0.773540485,0.24208113888000007
Brazil,2024,0.91785978,169047814.0,0.725711332,0.938346849,0.6777998161599997
Bulgaria,2024,0.717189255,5509377.0,,0.588168199,0.3578315019999996
Bulgaria,2024,0.951886046,5509377.0,,0.960175086,0.33785889561501764
Burkina Faso,2024,0.409499687,13262560.0,0.295872679,0.252120235,0.3160181630099997
Burkina Faso,2024,0.555477789,13262560.0,0.498870573,0.337163262,0.4984145733299996
Cambodia,2024,0.292571991,12177453.0,0.103969747,0.768167328,0.16704943087736468
Cambodia,2024,0.42581644,12177453.0,0.192479799,0.82524949,0.20199334352000028
Cameroon,2024,0.424814417,16524096.0,0.378443093,0.401959175,0.37208049752000044
Cameroon,2024,0.690176059,16524096.0,0.626906768,0.48924511,0.6199927328699992
Canada,2024,0.976389798,33960981.0,,0.906938844,0.14310750101000017
Canada,2024,0.989276677215639,33960981.0,,0.980328234,0.10836550418000014
Chad,2024,0.106739431,10289880.0,0.065290702,0.090042689,0.10549483425000018
Chad,2024,0.25403966,10289880.0,0.163354659,0.124241464,0.16832647042999987
Chile,2024,0.771097371,16241277.0,,0.801802798,0.34889433505999967
Chile,2024,0.902249685,16241277.0,,0.909319816,0.28801407201999984
Colombia,2024,0.403367888,41544122.0,0.226322851,0.70145943,0.23082744886999992
Colombia,2024,0.667514622,41544122.0,0.487177403,0.867969916,0.47330844162999935
Comoros,2024,0.332710361,532331.0,0.074463608,0.366826147,0.09849342841000014
Comoros,2024,0.542191304,532331.0,0.18871268,0.481585416,0.22805825288961376
"Congo, Dem. Rep.",2024,0.236631236,57033055.0,0.224193575,0.288202354,0.212467659
"Congo, Dem. Rep.",2024,0.442585041,57033055.0,0.3923758,0.331381567,0.3900707113900003
"Congo, Rep.",2024,0.471501994,3655093.0,0.438099907,0.330956321,0.38845617019836487
"Congo, Rep.",2024,0.62868556,3655093.0,0.583275055,0.346844452,0.5728254990500004
Costa Rica,2024,0.574747005,4118576.0,,0.802603586,0.41283596748999973
Costa Rica,2024,0.809677584,4118576.0,,0.923219466,0.6342391733099993
Cote d'Ivoire,2024,0.477154454,18301587.0,0.411525689,0.456304658,0.4150774871164186
Cote d'Ivoire,2024,0.613401334,18301587.0,0.58064475,0.478249094,0.5749113487399997
Croatia,2024,0.837421746,3313982.0,,0.740209037,0.32044673577000005
Croatia,2024,0.992434552,3313982.0,,0.973616958,0.14017652786999987
Cyprus,2024,0.918180662,1129055.0,,0.783518518,0.1532660490399999
Cyprus,2024,0.981722867,1129055.0,,0.960095467,0.4496320483600005
Czechia,2024,0.875465238,9161251.0,,0.84652315,0.13767782411812607
Czechia,2024,0.958689937,9161251.0,,0.990630992,0.1469746203199999
Denmark,2024,0.983963823,5003352.0,,0.955215967,0.15566559452625212
Denmark,2024,0.987965265,5003352.0,,0.997003025,0.15562262548999983
Dominican Republic,2024,0.473542294,8281568.0,0.092639763,0.835274919,0.13622591396999983
Dominican Republic,2024,0.752296568,8281568.0,0.2326566,0.928228305,0.22648935264999992
Ecuador,2024,0.493353698,13484219.0,0.034154493,0.795118833,0.07979197328
Ecuador,2024,0.702990746,13484219.0,0.12632135,0.839920434,0.15686724252999984
"Egypt, Arab Rep.",2024,0.410622666,77385958.0,0.109893637,0.460239956,0.12335362383586468
"Egypt, Arab Rep.",2024,0.45595463,77385958.0,0.211950391,0.656063673,0.21076100611999984
El Salvador,2024,0.296825424,4718943.0,,0.724099499,0.42395261671999956
El Salvador,2024,0.54611639,4718943.0,,0.877417396,0.4052703613789672
Estonia,2024,0.991919751,1151475.0,,0.94214058,0.5159304581699999
Estonia,2024,0.987142388,1151475.0,,0.99131365,0.4696343100999997
Eswatini,2024,0.544840423,816208.0,0.429993296,0.422137666,0.3990562596842305
Eswatini,2024,0.758590758,816208.0,0.578918872,0.610521428,0.6061514032800005
Ethiopia,2024,0.448404792,78031387.0,,0.12416167,0.48725381911000004
Ethiopia,2024,0.527164119,78031387.0,,0.151286216,0.5097171262600003
Finland,2024,0.996296004,4749954.0,,0.869282056,0.5376335062200003
Finland,2024,1.0,4749954.0,,0.990619678,0.5399950572500004
France,2024,0.989722204,56825584.0,,0.954442967,0.5721901937800005
France,2024,0.994435073,56825584.0,,0.975421828,0.5393887042600001
Gabon,2024,0.585458367,1573811.0,0.51762635,0.628320314,0.5174423426599999
Gabon,2024,0.75922839,1573811.0,0.695787695,0.734523061,0.6828981258100003
"Gambia, The",2024,0.310160801,1598990.0,0.133009992,0.600547553,0.1370844450499999
"Gambia, The",2024,0.489029598,1598990.0,0.277899652,0.72056895,0.30394778377999976
Georgia,2024,0.746462529,2933716.0,,0.728076468,0.6378605350199998
Georgia,2024,0.833790123,2933716.0,,0.917305172,0.669086908000001
Germany,2024,0.968551038,71691113.0,,0.937085322,0.6801637635700011
Germany,2024,0.999123469,71691113.0,,0.966056162,0.6697768267000012
Ghana,2024,0.671876049,21563813.0,0.639920598,0.439190218,0.6260757012526382
Ghana,2024,0.869898021,21563813.0,0.841237672,0.591907869,0.8370649224700005
Greece,2024,0.835420373,8991800.0,,0.844973435,0.2196659713799998
Greece,2024,0.944549848,8991800.0,,0.991181603,0.19238890223
Guatemala,2024,0.296665882,12299923.0,,0.638094886,0.24254087751999973
Guatemala,2024,0.432388816,12299923.0,,0.75332346,0.18405318894736433
Guinea,2024,0.286714835,8464230.0,0.202237966,0.286371092,0.19669425077999986
Guinea,2024,0.390381981,8464230.0,0.280912166,0.319902724,0.2955967853100002
Honduras,2024,0.299703531,7345357.0,0.042486041,0.681774456,0.06344073181000004
Honduras,2024,0.51604608,7345357.0,0.157670816,0.805128637,0.17361865506999977
"Hong Kong SAR, China",2024,0.943670667,6729811.0,,0.737939877,0.30675554688000006
"Hong Kong SAR, China",2024,0.993137884,6729811.0,,0.985658811,0.35087693588
Hungary,2024,0.774504197,8202714.0,,0.808236928,0.16709857612
Hungary,2024,0.945368095,8202714.0,,0.988109454,0.16014311654
Iceland,2024,1.0,322325.0,,0.953377894,0.38626243260000004
Iceland,2024,0.998060049,322325.0,,1.0,0.18573225964000017
India,2024,0.85547725,1077731602.0,0.14581001,0.408976703,0.14055830703999997
India,2024,0.913671331,1077731602.0,0.288399995,0.489862177,0.2717241548499999
Indonesia,2024,0.472826535,211076339.0,0.167338244,0.697079274,0.18819094644000003
Indonesia,2024,0.621964745,211076339.0,0.254380277,0.709522977,0.24857638559999973
"Iran, Islamic Rep.",2024,0.881629773,69914781.0,0.09697449,0.704774645,0.16953679425000015
"Iran, Islamic Rep.",2024,0.942854008,69914781.0,0.168942112,0.852742875,0.332234375758126
Iraq,2024,0.190801703,28355455.0,0.051755887,0.665572553,0.0765466463799999
Iraq,2024,0.463332288,28355455.0,0.216279391,0.901893621,0.2225410075225048
Ireland,2024,0.979479204,4298252.0,,0.920853722,0.3275501335068832
Ireland,2024,0.985836248,4298252.0,,0.970996548,0.19043072817000029
Israel,2024,0.74099335,7062352.0,,0.736244752,0.34484927463
Israel,2024,0.97369351,7062352.0,,0.927405245,0.18047659757501847
Italy,2024,0.73735042,51829051.0,,0.776054038,0.18116736086000032
Italy,2024,0.967853663,51829051.0,,0.998137147,0.25113856999812645
Japan,2024,0.965955141,110011344.0,,0.585502887,0.18841974942000023
Japan,2024,0.993881095,110011344.0,,0.944609464,0.27422643131000035
Jordan,2024,0.388876245,7867178.0,0.143950479,0.878922456,0.17547719359751393
Jordan,2024,0.644699371,7867178.0,0.352431865,0.925372414,0.30563402759999986
Kazakhstan,2024,0.758748403,14324777.0,0.274302494,0.767618644,0.34733971293999993
Kazakhstan,2024,0.938776204,14324777.0,0.619530068,0.954846156,0.5436746145500007
Kenya,2024,0.804034312,34616135.0,0.794726914,0.614160709,0.7564914399802292
Kenya,2024,0.936576126,34616135.0,0.90421876,0.601580522,0.9086733626200006
"Korea, Rep.",2024,0.966175874,46039322.0,0.499727621,0.773212973,0.3948870877500002
"Korea, Rep.",2024,0.9704126,46039322.0,0.654458133,0.914547721,0.6141964855099994
Kosovo,2024,0.521328582,1382360.0,,0.941972595,0.2147595140499998
Kosovo,2024,0.838641273,1382360.0,,0.9854289,0.20508210252999975
Kuwait,2024,0.647797238,3950546.0,,0.938061722,0.17351828198999983
Kuwait,2024,0.79382879,3950546.0,,0.971083975,0.21561963508999982
Kyrgyz Republic,2024,0.598963813,4780143.0,0.140734141,0.877508910849849,0.22359464130505455
Kyrgyz Republic,2024,0.812960813,4780143.0,0.434216831,0.951524935,0.3762530318400003
Lao PDR,2024,0.305329157,5322750.0,0.172866302,0.483172407,0.15857657171999973
Lao PDR,2024,0.378866792,5322750.0,0.116574031,0.708912362,0.13545269689000014
Latvia,2024,0.921382771,1582835.0,,0.886195992,0.46932475496000015
Latvia,2024,0.968864368,1582835.0,,0.972006659,0.45270685469000005
Lebanon,2024,0.113318577,4231057.0,,0.913528329,0.4505616455200002
Lebanon,2024,0.372958371,4231057.0,,0.976563887,0.4953101766600003
Lesotho,2024,0.509115154,1504222.0,0.445884941,0.420449171,0.44180364135000016
Lesotho,2024,0.813129262,1504222.0,0.699269516,0.530040731,0.7508305634699991
Liberia,2024,0.493300625,3295997.0,0.451572204,0.419507515,0.4424916163000004
Liberia,2024,0.53045991,3295997.0,0.482136357,0.303167361,0.4765542393100008
Libya,2024,0.177793377,5262910.0,,0.765463829,0.22017143411999981
Libya,2024,0.481804008,5262910.0,,0.843995627,0.22654804403999976
Lithuania,2024,0.986714844,2444088.0,,0.732932515,0.2673770792699998
Lithuania,2024,0.991956841,2444088.0,,0.987361504,0.24945576523
Madagascar,2024,0.234017249,18851036.0,0.17734539,0.162959626,0.18492947150999975
Madagascar,2024,0.246685107,18851036.0,0.196925408,0.09973763,0.19490153064999993
Malawi,2024,0.372885823,12384937.0,0.346583385,0.143974672,0.34051948529999976
Malawi,2024,0.608191281,12384937.0,0.575768698,0.253811665,0.5655476449699994
Malaysia,2024,0.834402894,27297352.0,0.277462047,0.783481873,0.34421729769999987
Malaysia,2024,0.920870411,27297352.0,0.553398873,0.924127411,0.5365259988399996
Mali,2024,0.388258913,12725942.0,0.365130572,0.445691055,0.35391253243999976
Mali,2024,0.595751366,12725942.0,0.519900978,0.464146837,0.5183707332800005
Malta,2024,0.925645869,480050.0,,0.810068467,0.08933856675000003
Malta,2024,0.988943758,480050.0,,0.995725054,0.09420360831000002
Mauritania,2024,0.193284796,2860979.0,,0.494580407,0.07385664563000004
Mauritania,2024,0.345197274,2860979.0,,0.690877833,0.17475202747000004
Mauritius,2024,0.839392801,1070318.0,0.049064996,0.633904425,0.04402091525999994
Mauritius,2024,0.927523447,1070318.0,0.130365286,0.848487495,0.13639135974999994
Mexico,2024,0.428220741,97411242.0,0.025107399,0.662737017,0.06913610059000008
Mexico,2024,0.590697404,97411242.0,0.151247875,0.841750565,0.17234052659999982
Moldova,2024,0.45124731,1966418.0,,0.684103204,0.45239065243000026
Moldova,2024,0.649586644,1966418.0,,0.879461098,0.5792018731100003
Mongolia,2024,0.971833928,2344987.0,0.532531738,0.827464422,0.5212757299700003
Mongolia,2024,0.988890314,2344987.0,0.700357647,0.891855741,0.6741206700499991
Montenegro,2024,0.558333231,503215.0,,0.721542012,0.3645343262800002
Montenegro,2024,0.957332684,503215.0,,0.959159183,0.3486093772000002
Morocco,2024,0.372300263,27893979.0,,0.616996628,0.33867270580000025
Morocco,2024,0.563517995,27893979.0,,0.699025176,0.35398879491000024
Mozambique,2024,0.428290806,18581790.0,0.345933752,0.219068726,0.3539695406300003
Mozambique,2024,0.673591482,18581790.0,0.582136726,0.329444984,0.5925897278000006
Namibia,2024,0.590853663,1858089.0,0.321913712,0.457421717,0.4620696046599999
Namibia,2024,0.903554001,1858089.0,0.689375958,0.698508514,0.6468842701699997
Nepal,2024,0.536811421,21168213.0,0.081473149,0.444774928,0.09768762916000007
Nepal,2024,0.65965286,21168213.0,0.128899129,0.554715183,0.14184326243000006
Netherlands,2024,0.982849312,15164931.0,,0.878569013,0.2315358675299996
Netherlands,2024,0.996093788,15164931.0,,0.998938932,0.25343743987999956
New Zealand,2024,0.95448186,4263369.0,,0.914069007,0.3790627470700001
New Zealand,2024,0.989910868,4263369.0,,0.973378486,0.2334245155899997
Nicaragua,2024,0.163816877,4830854.0,,0.657487679,0.24663063595999957
Nicaragua,2024,0.262258703,4830854.0,,0.78206356,0.23847043698472847
Niger,2024,0.075714204,13873697.0,,0.092070917,0.21833427327999982
Niger,2024,0.169867917,13873697.0,,0.174480509,0.23262532902999966
Nigeria,2024,0.427417016,133329232.0,0.17577788,0.278960182,0.1806057642199999
Nigeria,2024,0.710797232,133329232.0,0.38587177,0.414891723,0.38943056392000047
North Macedonia,2024,0.75353155,1515847.0,,0.707118194,0.44267640076999987
North Macedonia,2024,0.943940232,1515847.0,,0.973936703,0.19241934161000007
Norway,2024,0.976279716,4608487.0,,0.962499853,0.15543474234812635
Norway,2024,0.990249804,4608487.0,,0.991634357,0.2950082817400003
Oman,2024,0.64196156,3775451.0,,0.932300022,0.12695393407000016
Oman,2024,0.73635422,3775451.0,,0.919061584,0.1683588033389672
Pakistan,2024,0.139100746,155833628.0,0.071783391,0.206087886,0.1613622770873643
Pakistan,2024,0.42733978,155833628.0,0.312511898,0.530587984,0.2533074066499999
Panama,2024,0.506679346,3331755.0,0.266632893,0.686419506,0.2964610029600002
Panama,2024,0.730438845,3331755.0,0.456443138,0.794182683,0.41115576187999997
Paraguay,2024,0.506277806,4874331.0,0.251750351,0.720211514,0.2989824422899998
Paraguay,2024,0.656531594,4874331.0,0.409077482,0.892859046,0.3766113728800366
Peru,2024,0.413152585,25601447.0,0.250233949,0.669401161,0.25160432169999963
Peru,2024,0.670795098,25601447.0,0.500421257,0.829893887,0.47270538425999975
Philippines,2024,0.443261389,82023644.0,0.261223919,0.703448762,0.24393941211999987
Philippines,2024,0.541186566,82023644.0,0.30599725,0.709556758,0.2743107373500001
Poland,2024,0.677744671,31148749.0,,0.587553621,0.30660330243000006
Poland,2024,0.979688627,31148749.0,,0.951896756,0.15536930156000006
Portugal,2024,0.829210598,9214262.0,,0.704468887,0.3474929513099998
Portugal,2024,0.962313309,9214262.0,,0.953961664,0.24713225292999996
Romania,2024,0.584949998,16033507.0,,0.634142881,0.32058742890000025
Romania,2024,0.856161414,16033507.0,,0.919797122,0.32883157242999994
Russian Federation,2024,0.714530013,118635010.0,,0.883869967,0.30859933123999983
Russian Federation,2024,0.847713953,118635010.0,,0.960855078,0.3649730018999997
Saudi Arabia,2024,0.68111201,25248449.0,0.285585285,0.979849547,0.2991846280799999
Saudi Arabia,2024,0.834230732,25248449.0,0.398931444,0.996075566,0.38661135475999964
Senegal,2024,0.543073683,11094279.0,0.417617592,0.607862374,0.46524998688000013
Senegal,2024,0.83617217,11094279.0,0.750371722,0.731111439,0.7551149043675588
Serbia,2024,0.669554118,5672737.0,,0.619061838,0.34406369223
Serbia,2024,0.971044402,5672737.0,,0.939598518,0.29952796674999943
Sierra Leone,2024,0.319710564,5200533.0,0.249867988,0.299060032,0.23625135052999965
Sierra Leone,2024,0.429331394,5200533.0,0.368711926,0.345991052,0.36630434971641834
Singapore,2024,0.947126508,5220107.0,0.39535067,0.809144208,0.34269029101000015
Singapore,2024,0.991982888,5220107.0,0.628413547,0.974580046,0.5767678702100002
Slovak Republic,2024,0.813615308,4563499.0,,0.706330756,0.2890838717699998
Slovak Republic,2024,0.990257987,4563499.0,,0.985234437,0.26801341617000035
Slovenia,2024,0.980545545,1803880.0,,0.724421251,0.3419135740099998
Slovenia,2024,0.993003299,1803880.0,,0.996352373,0.24365001250999987
South Africa,2024,0.762919836,46723498.0,0.219103153,0.619555367,0.26389224619000023
South Africa,2024,0.877809053,46723498.0,0.449949227,0.770561672,0.3777156818099997
Spain,2024,0.977049098,41937630.0,,0.953452851,0.09245479745000003
Spain,2024,0.990269378,41937630.0,,0.976453548,0.10773552292000003
Sri Lanka,2024,0.773416226,17109247.0,,0.419019912,0.07633901079000005
Sri Lanka,2024,0.86696996,17109247.0,,0.441892573,0.11537982331
Sweden,2024,0.987328237,8719085.0,,0.964651,0.11618213857999996
Sweden,2024,0.984785653,8719085.0,,0.992788816,0.09317317145000001
Switzerland,2024,0.974169397,7553903.0,,0.926266614,0.19714338288000013
Switzerland,2024,0.995390029,7553903.0,,0.964208464,0.21288585369999985
"Taiwan, China",2024,0.924706206,20437095.0,,0.80260912,0.19762060351999977
"Taiwan, China",2024,0.972163773,20437095.0,,0.952765084,0.11687554585999994
Tajikistan,2024,0.417833225,6596875.0,0.056864411,0.590004606,0.09955851165000001
Tajikistan,2024,0.685783103,6596875.0,0.240821837,0.663841784,0.24102223236999978
Tanzania,2024,0.491978956,38155970.0,0.423500587,0.1771904788756789,0.43211862609999974
Tanzania,2024,0.627364985,38155970.0,0.557285558,0.211793937,0.5587494080999994
Thailand,2024,0.879174331,60882768.0,0.364698832,0.782118386,0.3193546746999996
Thailand,2024,0.929299254,60882768.0,0.431499143,0.879212763,0.41122505805000015
Togo,2024,0.517092879,5593530.0,0.418949625,0.448144794,0.42170297679000035
Togo,2024,0.595141823,5593530.0,0.502087726,0.433144989,0.5036278195599999
Trinidad and Tobago,2024,0.685582913,1120989.0,,0.746623086,0.1587916523799999
Trinidad and Tobago,2024,0.780611865,1120989.0,,0.925404622,0.1313455490699999
Tunisia,2024,0.165722517,9219268.0,,0.608507375,0.14317917757999987
Tunisia,2024,0.621232333,9219268.0,,0.761290034,0.1503286305699999
Turkiye,2024,0.69675475,66691005.0,0.08830023,0.795918402,0.15328931293999987
Turkiye,2024,0.950700422,66691005.0,0.39811465,0.96457437,0.48524226875000037
Uganda,2024,0.521507317,27277834.0,0.47047251,0.303005682,0.47233625264000034
Uganda,2024,0.785317041,27277834.0,0.734465966,0.404137315,0.7428270676
Ukraine,2024,0.831066613,32338724.0,,0.912682663,0.31428799407999974
Ukraine,2024,0.90795214,32338724.0,,0.975784699,0.29921688626999976
United Kingdom,2024,0.987019651,56450851.0,,0.940016353,0.29395643927999976
United Kingdom,2024,0.998909681,56450851.0,,0.983974117,0.2854561253099998
United States,2024,0.94331288,275987833.0,,0.946417226,0.40711687067999974
United States,2024,0.985402467,275987833.0,,0.995905093,0.2911095334099997
Uruguay,2024,0.615059822,2755004.0,,0.827702558,0.31182707756999983
Uruguay,2024,0.81960035,2755004.0,,0.970593803,0.27939952878999974
Uzbekistan,2024,0.543029059,24646062.0,,0.653571839,0.2783557004199998
Uzbekistan,2024,0.653899782,24646062.0,,0.826852051,0.28169571598999976
"Venezuela, RB",2024,0.848720491,20899114.0,0.238101326,0.837332485,0.2546260912699999
"Venezuela, RB",2024,0.887919553,20899114.0,0.39720311,0.928234368,0.38669520899999965
Viet Nam,2024,0.413092526,76663207.0,0.18196517,0.78191454,0.24738204828507862
Viet Nam,2024,0.77886507,76663207.0,0.438727908,0.903048066,0.4135098015481262
West Bank and Gaza,2024,0.312222926,3183655.0,,0.927408459,0.6146002087999993
West Bank and Gaza,2024,0.58380406,3183655.0,,0.970822533,0.611109241649999
Zambia,2024,0.638269418,12029200.0,0.597105318,0.401024408,0.5880017259899989
Zambia,2024,0.792091144,12029200.0,0.763487516,0.379497104,0.7508005286615639
Zimbabwe,2024,0.402784186,9588258.0,0.350562619,0.257739205,0.3430802529800004
Zimbabwe,2024,0.62101229,9588258.0,0.545943493,0.396303502,0.5516820258000007
Albania,2011,0.36244446,2281010.0,,,0.2843417386300007
Albania,2011,0.15061746,2281010.0,,,0.2861404538000007
Algeria,2011,0.402755191,26251587.0,,,0.28770550125000066
Algeria,2011,0.300699513,26251587.0,,,0.2878603759100007
Angola,2011,0.443468719,12779501.0,,,0.28937716076000064
Angola,2011,0.348189205,12779501.0,,,0.2861147618000007
Argentina,2011,0.368652825,30685516.0,,,0.2860337100000007
Argentina,2011,0.282723853,30685516.0,,,0.2922220966200007
Armenia,2011,0.203066376,2457011.0,,,0.2860337100000007
Armenia,2011,0.069665432,2457011.0,,,0.2861404538000007
Australia,2011,0.991560877,17830548.0,,,0.28637648712000063
Australia,2011,1.0,17830548.0,,,0.2872980746800005
Austria,2011,0.983437811,7123870.0,,,0.2926222908200007
Austria,2011,0.889370136,7123870.0,,,0.29260033764000076
Azerbaijan,2011,0.169097249,7034188.0,,,0.27529614684000064
Azerbaijan,2011,0.086996829,7034188.0,,,0.2861517266600007
Bahrain,2011,0.656023836,978145.0,,,0.2860337100000007
Bahrain,2011,0.630006544,978145.0,,,0.2860337100000007
Bangladesh,2011,0.425051608,100376575.0,,,0.2860337100000007
Bangladesh,2011,0.210617201,100376575.0,,,0.2850442317000007
Belarus,2011,0.673901572,8075665.0,,,0.2865517530500006
Belarus,2011,0.137103405,8075665.0,,,0.28609348101000065
Belgium,2011,0.986345877,9049843.0,,,0.2888084771400007
Belgium,2011,0.873108138,9049843.0,,,0.2860337100000007
Benin,2011,0.19931246,5496491.0,,,0.2937729089800007
Benin,2011,0.085662605,5496491.0,,,0.28947137187000066
Bolivia,2011,0.343444391,6675907.0,,,0.2899888432600006
Bolivia,2011,0.127746746,6675907.0,,,0.3047838949500007
Bosnia and Herzegovina,2011,0.678510477,3217823.0,,,0.2840715693800006
Bosnia and Herzegovina,2011,0.341529744,3217823.0,,,0.2860337100000007
Botswana,2011,0.391094898,1340324.0,,,0.2841085622500007
Botswana,2011,0.184952082,1340324.0,,,0.2849262150400007
Brazil,2011,0.638300338,145842533.0,,,0.28456515996000065
Brazil,2011,0.471519112,145842533.0,,,0.2825106691000006
Bulgaria,2011,0.680943619,6400381.0,,,0.2758445661100006
Bulgaria,2011,0.256861583,6400381.0,,,0.28191596005000064
Burkina Faso,2011,0.350653065,8802362.0,,,0.2860337100000007
Burkina Faso,2011,0.113408018,8802362.0,,,0.2852671853400006
Cameroon,2011,0.174445323,11072780.0,,,0.2845212624000007
Cameroon,2011,0.134344686,11072780.0,,,0.2860435672700007
Canada,2011,0.979656968,28373521.0,,,0.2866052328400006
Canada,2011,0.894128215,28373521.0,,,0.2928250981000007
Chile,2011,0.510818883,13480066.0,,,0.2870278655200006
Chile,2011,0.244199141,13480066.0,,,0.2869156069700007
China,2011,0.818726449,1090576711.0,,,0.2903303830600006
China,2011,0.567323825,1090576711.0,,,0.3193014049200003
Colombia,2011,0.350274815,32481705.0,,,0.2860337100000007
Colombia,2011,0.157479623,32481705.0,,,0.28667140692000065
Comoros,2011,0.319578291,382348.0,,,0.2860337100000007
Comoros,2011,0.127709127,382348.0,,,0.2860337100000007
"Congo, Rep.",2011,0.128532919,2658255.0,,,0.2861404538000007
"Congo, Rep.",2011,0.05053678,2658255.0,,,0.2861404538000007
Costa Rica,2011,0.59481669,3423771.0,,,0.29260411892000066
Costa Rica,2011,0.358226298,3423771.0,,,0.2937453049300007
Croatia,2011,0.919656505,3638504.0,,,0.2860337100000007
Croatia,2011,0.702420675,3638504.0,,,0.3013078958000006
Cyprus,2011,0.91590937,936237.0,,,0.2860337100000007
Cyprus,2011,0.685577386,936237.0,,,0.2860337100000007
Czechia,2011,0.901554564,8965818.0,,,0.2860337100000007
Czechia,2011,0.486927858,8965818.0,,,0.2827713257200007
Denmark,2011,0.997191134,4549535.0,,,0.2864606852000007
Denmark,2011,1.0,4549535.0,,,0.2830371271700007
Djibouti,2011,0.2153673,591971.0,,,0.2860337100000007
Djibouti,2011,0.062544018,591971.0,,,0.2861404538000007
Dominican Republic,2011,0.623194579,6788648.0,,,0.2927792899500006
Dominican Republic,2011,0.252718181,6788648.0,,,0.28624719760000067
Ecuador,2011,0.413042905,10352753.0,,,0.28624719760000067
Ecuador,2011,0.23372518,10352753.0,,,0.28513005398000063
El Salvador,2011,0.229795839,4126198.0,,,0.2897700765400007
El Salvador,2011,0.060779533,4126198.0,,,0.28597355431000065
Estonia,2011,0.989703761,1128611.0,,,0.2849992677900007
Estonia,2011,0.877784105,1128611.0,,,0.2860337100000007
Eswatini,2011,0.384653858,680317.0,,,0.2860337100000007
Eswatini,2011,0.105268171,680317.0,,,0.2861404538000007
Finland,2011,0.998573825,4475337.0,,,0.28531949919000066
Finland,2011,0.991892638,4475337.0,,,0.2860337100000007
France,2011,0.968415942,52976120.0,,,0.30032865072000064
France,2011,0.976551938,52976120.0,,,0.28678091660000066
Gabon,2011,0.32400991,1077711.0,,,0.2860337100000007
Gabon,2011,0.089025875,1077711.0,,,0.2861404538000007
Georgia,2011,0.363440779,3084171.0,,,0.2860337100000007
Georgia,2011,0.201619608,3084171.0,,,0.2860337100000007
Germany,2011,0.986196621,70576834.0,,,0.29642519393000055
Germany,2011,0.971540462,70576834.0,,,0.2998859371300006
Ghana,2011,0.513962335,15512209.0,,,0.2869260954900006
Ghana,2011,0.164517058,15512209.0,,,0.2842048603500007
Greece,2011,0.783712415,9493929.0,,,0.30541069618000066
Greece,2011,0.765881848,9493929.0,,,0.3045696773600006
Guatemala,2011,0.344383011,8804525.0,,,0.2936174310000007
Guatemala,2011,0.128002636,8804525.0,,,0.28994358716000074
Haiti,2011,0.294812348,6250015.0,,,0.2886045968600007
Haiti,2011,0.080387153,6250015.0,,,0.2923774939100007
Honduras,2011,0.328760217,5181064.0,,,0.29768925899000054
Honduras,2011,0.10777496,5181064.0,,,0.2923288404200007
"Hong Kong SAR, China",2011,0.916726496,6165173.0,,,0.2989843270600008
"Hong Kong SAR, China",2011,0.792928076,6165173.0,,,0.2913641127100007
Hungary,2011,0.835721078,8529919.0,,,0.2861404538000007
Hungary,2011,0.463441528,8529919.0,,,0.2869766058200007
India,2011,0.594694409,853745004.0,,,0.3126345228100007
India,2011,0.305149223,853745004.0,,,0.31764951960000054
Indonesia,2011,0.293782968,177530453.0,,,0.2846826278400007
Indonesia,2011,0.101885902,177530453.0,,,0.2901796204800007
"Iran, Islamic Rep.",2011,0.786697468,59270231.0,,,0.30166756986000065
"Iran, Islamic Rep.",2011,0.64946149,59270231.0,,,0.2923631384100007
Iraq,2011,0.142747446,18241367.0,,,0.28635394140000064
Iraq,2011,0.07563072,18241367.0,,,0.29181076836000064
Ireland,2011,0.955784207,3598499.0,,,0.2860337100000007
Ireland,2011,0.831966548,3598499.0,,,0.2860337100000007
Israel,2011,0.907549517,5491153.0,,,0.29724705374000077
Israel,2011,0.911286053,5491153.0,,,0.29724705374000077
Italy,2011,0.827044338,50957209.0,,,0.2860337100000007
Italy,2011,0.64255805,50957209.0,,,0.29356193704000066
Jamaica,2011,0.787774461,2007871.0,,,0.3256541951400003
Jamaica,2011,0.600403393,2007871.0,,,0.29361743100000065
Japan,2011,0.992899851,110945852.0,,,0.2930506987700006
Japan,2011,0.89566079,110945852.0,,,0.2976227791000007
Jordan,2011,0.283628139,4670454.0,,,0.2901379794500007
Jordan,2011,0.159279098,4670454.0,,,0.2973537975400007
Kazakhstan,2011,0.457494716,12564991.0,,,0.29395974648000056
Kazakhstan,2011,0.197506603,12564991.0,,,0.2920119262200006
Kenya,2011,0.628216943,23450849.0,,,0.2925028149600006
Kenya,2011,0.194357643,23450849.0,,,0.2861404538000007
"Korea, Rep.",2011,0.932550872,41432826.0,,,0.28635394140000064
"Korea, Rep.",2011,0.913696253,41432826.0,,,0.28635394140000064
Kosovo,2011,0.568631646,1287712.0,,,0.2860337100000007
Kosovo,2011,0.263544589,1287712.0,,,0.2860337100000007
Kuwait,2011,0.858588943,2266476.0,,,0.2860337100000007
Kuwait,2011,0.975114876,2266476.0,,,0.2860337100000007
Lao PDR,2011,0.346719397,4035423.0,,,0.2882873511100007
Lao PDR,2011,0.219511077,4035423.0,,,0.2827565110600007
Latvia,2011,0.941969587,1800178.0,,,0.2860337100000007
Latvia,2011,0.744199151,1800178.0,,,0.28484021014000066
Lebanon,2011,0.446037822,3709897.0,,,0.2947466344200005
Lebanon,2011,0.231814502,3709897.0,,,0.2862558261100006
Lesotho,2011,0.337612247,1266790.0,,,0.2860337100000007
Lesotho,2011,0.106104755,1266790.0,,,0.2860337100000007
Liberia,2011,0.311147428,2309936.0,,,0.28444848243000065
Liberia,2011,0.104856185,2309936.0,,,0.2851579583100007
Lithuania,2011,0.777941962,2635099.0,,,0.2899435871600006
Lithuania,2011,0.474124417,2635099.0,,,0.2860337100000007
Luxembourg,2011,0.9580856,417441.0,,,0.2860337100000007
Luxembourg,2011,0.888992511,417441.0,,,0.2860337100000007
Malawi,2011,0.363110729,7972899.0,,,0.2898246864500007
Malawi,2011,0.118790993,7972899.0,,,0.28505369774000067
Malaysia,2011,0.741112534,20649116.0,,,0.2917491903900005
Malaysia,2011,0.397251598,20649116.0,,,0.28778573981000066
Malta,2011,0.958274261,351508.0,,,0.2860337100000007
Malta,2011,0.92254882,351508.0,,,0.2860337100000007
Mauritania,2011,0.320762469,1903527.0,,,0.2849262150400007
Mauritania,2011,0.106370301,1903527.0,,,0.2860337100000007
Mauritius,2011,0.860437821,986634.0,,,0.2860337100000007
Mauritius,2011,0.738234516,986634.0,,,0.2860337100000007
Mexico,2011,0.378782579,79795751.0,,,0.28459387325000063
Mexico,2011,0.134002451,79795751.0,,,0.2873696912100006
Moldova,2011,0.222380519,2361620.0,,,0.2860337100000007
Moldova,2011,0.040164864,2361620.0,,,0.2861404538000007
Mongolia,2011,0.857577141,1973485.0,,,0.2861404538000007
Mongolia,2011,0.535521794,1973485.0,,,0.2860337100000007
Montenegro,2011,0.610788431,500343.0,,,0.2860337100000007
Montenegro,2011,0.287203243,500343.0,,,0.2860337100000007
Nepal,2011,0.415267596,17498633.0,,,0.2860337100000007
Nepal,2011,0.189749796,17498633.0,,,0.2860337100000007
Netherlands,2011,0.989621039,13694510.0,,,0.28558032603000066
Netherlands,2011,0.96313324,13694510.0,,,0.2927070814400007
New Zealand,2011,0.993008172,3443024.0,,,0.28615172666000066
New Zealand,2011,1.0,3443024.0,,,0.2847609397500006
Nicaragua,2011,0.191207791,3774402.0,,,0.2861404538000007
Nicaragua,2011,0.063403678,3774402.0,,,0.2861517266600007
Nigeria,2011,0.441442655,92621676.0,,,0.2865953755700007
Nigeria,2011,0.122063735,92621676.0,,,0.2860548401300007
North Macedonia,2011,0.8288625,1569860.0,,,0.2860337100000007
North Macedonia,2011,0.639278375,1569860.0,,,0.2860337100000007
Oman,2011,0.761093696,1989124.0,,,0.2850329588400007
Oman,2011,0.370586844,1989124.0,,,0.2860337100000007
Pakistan,2011,0.244551951,120857470.0,,,0.2860337100000007
Pakistan,2011,0.037466935,120857470.0,,,0.2889213492100006
Panama,2011,0.280921434,2569368.0,,,0.2875987574500007
Panama,2011,0.153336171,2569368.0,,,0.2860337100000007
Paraguay,2011,0.297737662,3870412.0,,,0.2875987574500007
Paraguay,2011,0.08309152,3870412.0,,,0.2875987574500007
Peru,2011,0.244757075,20570757.0,,,0.2912814113000007
Peru,2011,0.065476848,20570757.0,,,0.2916956169700007
Philippines,2011,0.330613321,62034866.0,,,0.2860337100000007
Philippines,2011,0.122620516,62034866.0,,,0.28615172666000066
Poland,2011,0.814044057,32308457.0,,,0.28554807578000063
Poland,2011,0.347173172,32308457.0,,,0.2846826278400007
Portugal,2011,0.860922289,8967347.0,,,0.28488418880000066
Portugal,2011,0.749409385,8967347.0,,,0.28624719760000067
Qatar,2011,0.699072876,1392286.0,,,0.2860337100000007
Qatar,2011,0.316482105,1392286.0,,,0.2860337100000007
Romania,2011,0.514660628,17058580.0,,,0.28615172666000066
Romania,2011,0.268873269,17058580.0,,,0.2887180755400007
Russian Federation,2011,0.54666023,121177141.0,,,0.2868034623200006
Russian Federation,2011,0.241929949,121177141.0,,,0.2866953029300006
Rwanda,2011,0.523724509,5941330.0,,,0.2863764871200007
Rwanda,2011,0.308076295,5941330.0,,,0.2893595491300007
Saudi Arabia,2011,0.499340223,17354530.0,,,0.28615172666000066
Saudi Arabia,2011,0.389706146,17354530.0,,,0.2860337100000007
Serbia,2011,0.711756699,6237019.0,,,0.28624719760000067
Serbia,2011,0.401635838,6237019.0,,,0.2851926911800007
Sierra Leone,2011,0.416246309,3534329.0,,,0.28978134940000067
Sierra Leone,2011,0.055657405,3534329.0,,,0.29329295548000067
Singapore,2011,0.99922533,4359214.0,,,0.28428505698000067
Singapore,2011,0.94362852,4359214.0,,,0.2860337100000007
Slovak Republic,2011,0.878343037,4557830.0,,,0.2860337100000007
Slovak Republic,2011,0.492445933,4557830.0,,,0.2879428706300007
Slovenia,2011,0.977139101,1758964.0,,,0.28757225221000066
Slovenia,2011,0.945124932,1758964.0,,,0.2860337100000007
South Africa,2011,0.583296465,36953226.0,,,0.2682321021100005
South Africa,2011,0.425505862,36953226.0,,,0.2793590557000006
Spain,2011,0.951632887,39626900.0,,,0.28624719760000067
Spain,2011,0.875866287,39626900.0,,,0.2850536977400006
Sri Lanka,2011,0.764187643,15571720.0,,,0.3153541573600006
Sri Lanka,2011,0.628812919,15571720.0,,,0.28506497060000063
Sweden,2011,0.991025393,7820937.0,,,0.29158324428000076
Sweden,2011,0.985240366,7820937.0,,,0.29158324428000076
Syrian Arab Republic,2011,0.243379694,14356499.0,,,0.2855577803100007
Syrian Arab Republic,2011,0.226816195,14356499.0,,,0.2854510365100007
"Taiwan, China",2011,0.937749035,19429474.0,,,0.2952903141600007
"Taiwan, China",2011,0.710814649,19429474.0,,,0.29276960414000064
Tanzania,2011,0.407824702,24470055.0,,,0.28714050495000065
Tanzania,2011,0.074165465,24470055.0,,,0.29270657542000067
Thailand,2011,0.910539677,54766867.0,,,0.29116725159000073
Thailand,2011,0.638449941,54766867.0,,,0.2861404538000007
Togo,2011,0.203783658,3932998.0,,,0.2860337100000007
Togo,2011,0.064643079,3932998.0,,,0.2860337100000007
Trinidad and Tobago,2011,0.801204431,1050120.0,,,0.2860337100000007
Trinidad and Tobago,2011,0.639150519,1050120.0,,,0.2860337100000007
Turkiye,2011,0.652174703,54201890.0,,,0.2861404538000007
Turkiye,2011,0.508865202,54201890.0,,,0.29530681115000057
Uganda,2011,0.262448435,16363076.0,,,0.2865953755700007
Uganda,2011,0.142223978,16363076.0,,,0.2865217605900007
Ukraine,2011,0.473482031,39900312.0,,,0.28467750101000067
Ukraine,2011,0.123877169,39900312.0,,,0.2897675608800007
United Arab Emirates,2011,0.613325678,5710622.0,,,0.2854061787800007
United Arab Emirates,2011,0.426088446,5710622.0,,,0.2898255705000007
United Kingdom,2011,0.985157366,51619966.0,,,0.2939738892800007
United Kingdom,2011,0.898929537,51619966.0,,,0.29380085555000074
United States,2011,0.899397957,248390172.0,,,0.28251870092000053
United States,2011,0.471923287,248390172.0,,,0.2931170894700005
Uruguay,2011,0.346604696,2578893.0,,,0.2860337100000007
Uruguay,2011,0.109699521,2578893.0,,,0.2860337100000007
Uzbekistan,2011,0.281225133,20171292.0,,,0.29548184858000076
Uzbekistan,2011,0.103110083,20171292.0,,,0.2891399814000007
"Venezuela, RB",2011,0.467172518,20199432.0,,,0.2865953755700007
"Venezuela, RB",2011,0.321223598,20199432.0,,,0.2861404538000007
Viet Nam,2011,0.322614037,65955596.0,,,0.2860337100000007
Viet Nam,2011,0.045058238,65955596.0,,,0.2861404538000007
West Bank and Gaza,2011,0.220821502,2199701.0,,,0.2864606852000006
West Bank and Gaza,2011,0.12782246,2199701.0,,,0.2880257326500006
Zambia,2011,0.322197764,7506102.0,,,0.2857543567500007
Zambia,2011,0.09205275,7506102.0,,,0.2861404538000007
Afghanistan,2014,,16708999.0,,,0.2886739251900005
Afghanistan,2014,,16708999.0,,,0.2886739251900005
Albania,2014,0.562178887,2322032.0,,,0.2620655184500005
Albania,2014,0.24005072,2322032.0,,,0.2594116949100005
Algeria,2014,0.553200496,27628433.0,,,0.29025291312000034
Algeria,2014,0.483506774,27628433.0,,,0.2982820233100001
Angola,2014,0.702546385,14342950.0,,,0.3425661083000005
Angola,2014,0.143491078,14342950.0,,,0.3044166889800003
Argentina,2014,0.489029486,31872846.0,,,0.2871719917900001
Argentina,2014,0.522676986,31872846.0,,,0.2952292688400002
Armenia,2014,0.205450659,2428128.0,,,0.26890245835000054
Armenia,2014,0.061310301,2428128.0,,,0.27761566645000035
Australia,2014,0.991179043,18749193.0,,,0.32779927629000033
Australia,2014,1.0,18749193.0,,,0.3178588402199998
Austria,2014,0.968756263,7260944.0,,,0.36115929374000044
Austria,2014,0.963620982,7260944.0,,,0.3503316716700004
Azerbaijan,2014,0.316508083,7283305.0,,,0.27395644229000043
Azerbaijan,2014,0.173035931,7283305.0,,,0.2906026116200001
Bahrain,2014,0.81980627,1005566.0,,,0.28199064840000043
Bahrain,2014,0.797837621,1005566.0,,,0.2787970608400004
Bangladesh,2014,0.37206732,105778630.0,,,0.27851121298000037
Bangladesh,2014,0.249048898,105778630.0,,,0.28193500934000043
Belarus,2014,0.788739915,7971997.0,,,0.2936924177000003
Belarus,2014,0.325842176,7971997.0,,,0.28654176257000014
Belgium,2014,0.978450975,9263588.0,,,0.3036941355600005
Belgium,2014,1.0,9263588.0,,,0.3460538197500004
Belize,2014,0.508090271,228016.0,,,0.2947179087200005
Belize,2014,0.413253903,228016.0,,,0.2935249599900005
Benin,2014,0.319730298,6043333.0,,,0.34069204096000033
Benin,2014,0.123696716,6043333.0,,,0.32111993078000034
Bhutan,2014,0.463843159,523289.0,,,0.2748489467300004
Bhutan,2014,0.292142183,523289.0,,,0.28167820375000047
Bolivia,2014,0.481603858,7120716.0,,,0.31189174433000055
Bolivia,2014,0.199645325,7120716.0,,,0.3353596838200002
Bosnia and Herzegovina,2014,0.630155357,3077307.0,,,0.2847666426300004
Bosnia and Herzegovina,2014,0.381779238,3077307.0,,,0.2702169469000004
Botswana,2014,0.61725029,1405268.0,0.28603371,,0.22311316213999988
Botswana,2014,0.314990552,1405268.0,0.045314961,,0.08744149747999996
Brazil,2014,0.747852819,152293155.0,,,0.2938805002399998
Brazil,2014,0.599467038,152293155.0,,,0.2166409417499998
Bulgaria,2014,0.76845141,6271977.0,,,0.2934414200299997
Bulgaria,2014,0.321391901,6271977.0,,,0.2550998491899998
Burkina Faso,2014,0.378727641,9623020.0,,,0.22659688272999964
Burkina Faso,2014,0.105591623,9623020.0,,,0.21996467978999984
Burundi,2014,,5630929.0,,,0.22719651409999966
Burundi,2014,,5630929.0,,,0.22719651409999966
Cambodia,2014,0.389216058,10284331.0,0.201931828,,0.21913486009999972
Cambodia,2014,0.20020276,10284331.0,0.12411457,,0.13465720669999984
Cameroon,2014,0.217276433,12084831.0,,,0.29266011742999987
Cameroon,2014,0.056491676,12084831.0,,,0.3489345165000002
Canada,2014,0.99573819,29372810.0,,,0.33859048421
Canada,2014,1.0,29372810.0,,,0.33643188965
Chad,2014,0.259746381,7035329.0,,,0.3421139794800001
Chad,2014,0.104346844,7035329.0,,,0.3328165381000001
Chile,2014,0.713099653,14064832.0,,,0.35730876365
Chile,2014,0.366842029,14064832.0,,,0.3139378323499998
China,2014,0.90020682,1113693456.0,,,0.33660772718
China,2014,0.729012425,1113693456.0,,,0.3281435452399999
Colombia,2014,0.461323696,34309704.0,,,0.30680613917999994
Colombia,2014,0.196222083,34309704.0,,,0.3138461291699998
"Congo, Dem. Rep.",2014,0.233807516,40959603.0,,,0.28779066551000004
"Congo, Dem. Rep.",2014,0.076665185,40959603.0,,,0.33842643570000014
"Congo, Rep.",2014,0.233452971,2849454.0,,,0.3261542475399997
"Congo, Rep.",2014,0.107264857,2849454.0,,,0.3270306088399999
Costa Rica,2014,0.733562212,3611461.0,,,0.3877415155400001
Costa Rica,2014,0.493980598,3611461.0,,,0.3136762647400003
Cote d'Ivoire,2014,0.477121023,13848553.0,0.342200267,,0.30969727384999984
Cote d'Ivoire,2014,0.300496683,13848553.0,0.209070604,,0.2671708589700001
Croatia,2014,0.935566424,3606895.0,,,0.24012312932000018
Croatia,2014,0.651913221,3606895.0,,,0.21004694436000007
Cyprus,2014,0.918306675,991903.0,,,0.1916468033100001
Cyprus,2014,0.864218123,991903.0,,,0.24302586581000032
Czechia,2014,0.893093964,8944904.0,,,0.26765711655000035
Czechia,2014,0.500030093,8944904.0,,,0.20762872569000013
Denmark,2014,1.0,4641892.0,,,0.23623073709000017
Denmark,2014,1.0,4641892.0,,,0.23623073709000017
Dominican Republic,2014,0.728178223,7152325.0,,,0.23503173665000024
Dominican Republic,2014,0.412656713,7152325.0,,,0.2380938059600003
Ecuador,2014,0.513096368,11054660.0,,,0.29084595163000015
Ecuador,2014,0.298763389,11054660.0,,,0.2395804461300003
"Egypt, Arab Rep.",2014,0.18857899,63009609.0,,,0.21410160802000003
"Egypt, Arab Rep.",2014,0.083987636,63009609.0,,,0.2519319147800003
El Salvador,2014,0.522125415,4304307.0,,,0.20681026004000017
El Salvador,2014,0.249136859,4304307.0,,,0.25322776151000015
Estonia,2014,0.995972844,1110561.0,,,0.24611662354000013
Estonia,2014,0.916034254,1110561.0,,,0.18573308018000007
Ethiopia,2014,0.372036257,55109169.0,,,0.21919332877000008
Ethiopia,2014,0.19367098,55109169.0,,,0.20605141790000012
Finland,2014,1.0,4545771.0,,,0.21478587337000005
Finland,2014,1.0,4545771.0,,,0.21478587337000005
France,2014,0.972574753,53825137.0,,,0.20944938560000026
France,2014,0.833639118,53825137.0,,,0.53985921048
Gabon,2014,0.451827385,1209169.0,,,0.16992397302999993
Gabon,2014,0.223856478,1209169.0,,,0.17449571002
Georgia,2014,0.409605581,3020250.0,,,0.2073646062400002
Georgia,2014,0.350079312,3020250.0,,,0.21414268539000023
Germany,2014,0.987965518,69974132.0,,,0.2038604952800001
Germany,2014,0.976434815,69974132.0,,,0.20103111702000018
Ghana,2014,0.535526262,16743744.0,0.182589489,,0.23772763102000016
Ghana,2014,0.248725513,16743744.0,0.067259383,,0.14519560988999988
Greece,2014,0.867358639,9357686.0,,,0.5935355218699997
Greece,2014,0.896351961,9357686.0,,,0.6155792539899996
Guatemala,2014,0.53184279654062,9616393.0,,,0.5722440140099996
Guatemala,2014,0.261895122,9616393.0,,,0.5835128340199995
Guinea,2014,,6293415.0,,,0.6269268355199995
Guinea,2014,,6293415.0,,,0.6269268355199995
Haiti,2014,0.228503987,6636287.0,,,0.4186909858000001
Haiti,2014,0.111090794,6636287.0,,,0.5598494707099997
Honduras,2014,0.446198309,5672647.0,,,0.5813361352199995
Honduras,2014,0.214059519,5672647.0,,,0.5522288323399999
"Hong Kong SAR, China",2014,0.969721568,6342961.0,,,0.5643073013499996
"Hong Kong SAR, China",2014,0.927107382,6342961.0,,,0.5439888346399998
Hungary,2014,0.835297065,8464202.0,,,0.5419356917899997
Hungary,2014,0.449749331,8464202.0,,,0.2568511155700002
India,2014,0.642348079,907853291.0,,,0.6294982727399996
India,2014,0.433534073,907853291.0,,,0.6423902158999997
Indonesia,2014,0.536979163,185894322.0,,,0.5976977119799997
Indonesia,2014,0.15784277,185894322.0,,,0.6257863969499996
"Iran, Islamic Rep.",2014,0.928524536,61676328.0,,,0.6443683689799997
"Iran, Islamic Rep.",2014,0.908829695,61676328.0,,,0.6439244121299997
Iraq,2014,0.130796029,20884823.0,,,0.6192220104899995
Iraq,2014,0.093556795,20884823.0,,,0.6434103498599995
Ireland,2014,0.973215984,3629630.0,,,0.5512471351999999
Ireland,2014,0.709669078,3629630.0,,,0.5456473490399999
Israel,2014,0.901688761,5787501.0,,,0.6609579114399997
Israel,2014,0.836919667,5787501.0,,,0.6465740261799996
Italy,2014,0.945822087,51850742.0,,,0.5005549756099996
Italy,2014,0.79482185,51850742.0,,,0.6199344757899996
Jamaica,2014,0.813625907,2096466.0,,,0.6182933334099995
Jamaica,2014,0.704865114,2096466.0,,,0.5966874055899997
Japan,2014,0.9967206,110762343.0,,,0.50153713928
Japan,2014,0.83659978,110762343.0,,,0.5839979512999998
Jordan,2014,0.268702726,5205320.0,,,0.6462610475299997
Jordan,2014,0.182271739,5205320.0,,,0.6396920466899997
Kazakhstan,2014,0.581873153,12875804.0,,,0.4668821607199999
Kazakhstan,2014,0.280105349,12875804.0,,,0.5604885878199998
Kenya,2014,0.857294197,25714887.0,0.66521976,,0.5979891159099996
Kenya,2014,0.641663782,25714887.0,0.506036151,,0.51774986493
"Korea, Rep.",2014,0.954615383,43035419.0,,,0.20298183089999994
"Korea, Rep.",2014,0.907330842,43035419.0,,,0.28886314775999966
Kosovo,2014,0.628342346,1334099.0,,,0.19520289822999995
Kosovo,2014,0.358697602,1334099.0,,,0.15922850050000018
Kuwait,2014,0.755950319,2736473.0,,,0.19092329995
Kuwait,2014,0.47698118,2736473.0,,,0.18855100456999993
Kyrgyz Republic,2014,0.215656236,3978542.0,,,0.25531862328000005
Kyrgyz Republic,2014,0.054018413,3978542.0,,,0.32754430340999974
Latvia,2014,0.949127468,1719348.0,,,0.19526768476
Latvia,2014,0.742597392,1719348.0,,,0.17826314163000007
Lebanon,2014,0.551728098,4265657.0,,,0.20562424597
Lebanon,2014,0.326874925,4265657.0,,,0.21725444466
Lithuania,2014,0.894137995,2524428.0,,,0.2082090378999998
Lithuania,2014,0.400650869,2524428.0,,,0.17885601356
Luxembourg,2014,0.961868718,451457.0,,,0.16927513138000008
Luxembourg,2014,0.988719924,451457.0,,,0.23502778956999992
Madagascar,2014,,13785487.0,,,0.18104097767000005
Madagascar,2014,,13785487.0,,,0.18104097767000005
Malawi,2014,0.37195134,8735190.0,,,0.18346821643999991
Malawi,2014,0.124742098,8735190.0,,,0.18905927465999994
Malaysia,2014,0.84368261,22158615.0,,,0.21555929604999996
Malaysia,2014,0.585993718,22158615.0,,,0.20234980384999982
Mali,2014,0.350240417,9100789.0,0.166683724,,0.18809337864
Mali,2014,0.1661133,9100789.0,0.104775259,,0.1259420877200001
Malta,2014,0.972208461,364279.0,,,0.17439110344
Malta,2014,0.90929673,364279.0,,,0.19066776461000004
Mauritania,2014,0.317028434,2084692.0,,,0.17811197488000002
Mauritania,2014,0.179981747,2084692.0,,,0.19819908068000008
Mauritius,2014,0.866764682,1010413.0,,,0.2069090797800001
Mauritius,2014,0.762594872,1010413.0,,,0.18129050436
Mexico,2014,0.462290373,84399247.0,,,0.19131905585000009
Mexico,2014,0.300333849,84399247.0,,,0.19600733061000003
Moldova,2014,0.218022422,2361002.0,,,0.20290136311000018
Moldova,2014,0.021793941,2361002.0,,,0.20129319754000008
Mongolia,2014,0.968778762,2074233.0,,,0.2204839502800001
Mongolia,2014,0.777269208,2074233.0,,,0.19819223788000012
Montenegro,2014,0.701783319,504976.0,,,0.17611606757999998
Montenegro,2014,0.347294214,504976.0,,,0.1798417829500001
Myanmar,2014,0.264398112,36618649.0,,,0.1937023137
Myanmar,2014,0.207403787,36618649.0,,,0.18440297247999993
Namibia,2014,0.718798131,1427950.0,0.175284214,,0.17487819752999992
Namibia,2014,0.429653608,1427950.0,0.02041571,,0.06843361867999997
Nepal,2014,0.519384544,18161615.0,,,0.3118465596299995
Nepal,2014,0.29619578,18161615.0,,,0.27284395586999993
Netherlands,2014,0.99235732,13933854.0,,,0.3320113613400001
Netherlands,2014,1.0,13933854.0,,,0.31901414041999965
New Zealand,2014,0.997566838,3534713.0,,,0.31236862811999944
New Zealand,2014,0.971831399,3534713.0,,,0.29684230239999954
Nicaragua,2014,0.263604011,4012287.0,,,0.31147486513
Nicaragua,2014,0.07986933,4012287.0,,,0.33120580078999956
Niger,2014,,9371030.0,,,0.31308604286999936
Niger,2014,,9371030.0,,,0.31308604286999936
Nigeria,2014,0.560282696,100567840.0,,,0.29946561783999953
Nigeria,2014,0.280762331,100567840.0,,,0.29446877428999935
North Macedonia,2014,0.882713403,1565432.0,,,0.2678324326299996
North Macedonia,2014,0.480308667,1565432.0,,,0.20076688044000002
Norway,2014,1.0,4150602.0,,,0.28422885710999957
Norway,2014,1.0,4150602.0,,,0.28422885710999957
Pakistan,2014,0.251896079,128875593.0,,,0.2840134530099996
Pakistan,2014,0.100274917,128875593.0,,,0.2925373207899994
Panama,2014,0.504868994,2737867.0,,,0.2855012062899993
Panama,2014,0.232185604,2737867.0,,,0.29933020013999945
Peru,2014,0.331383825,21413567.0,,,0.27218723923999955
Peru,2014,0.120359187,21413567.0,,,0.3243696300199994
Philippines,2014,0.368281232,66911959.0,,,0.27874171459999947
Philippines,2014,0.180650297,66911959.0,,,0.28688994058999956
Poland,2014,0.836766982,32293711.0,,,0.3879125003499997
Poland,2014,0.50666081,32293711.0,,,0.29583789841999963
Portugal,2014,0.956409016,8911922.0,,,0.3210305431499995
Portugal,2014,0.803225532,8911922.0,,,0.31709121514999955
Puerto Rico,2014,0.775070889,2955855.0,,,0.28861442006999943
Puerto Rico,2014,0.489506793,2955855.0,,,0.28374580152999945
Romania,2014,0.722599772,16846776.0,,,0.3531477874399995
Romania,2014,0.345522017,16846776.0,,,0.2819285926899994
Russian Federation,2014,0.731600825,120673872.0,,,0.3300068903999995
Russian Federation,2014,0.350038995,120673872.0,,,0.2975663120599995
Rwanda,2014,0.575398925,6472142.0,0.297835376,,0.29317178034999974
Rwanda,2014,0.396176283,6472142.0,0.162040001,,0.21224014930999993
Saudi Arabia,2014,0.708687139,20496432.0,,,0.5736353103900008
Saudi Arabia,2014,0.64162109,20496432.0,,,0.5624476712500008
Senegal,2014,0.272755618,7858967.0,,,0.5382157573900008
Senegal,2014,0.112216805,7858967.0,,,0.4026880370400002
Serbia,2014,0.867049696,6141282.0,,,0.6007672297900006
Serbia,2014,0.755257262,6141282.0,,,0.5459858276500006
Sierra Leone,2014,0.136620046,3858836.0,,,0.6038652708700009
Sierra Leone,2014,0.16250652,3858836.0,,,0.5967748302800009
Singapore,2014,0.967506742,4691514.0,,,0.6181717219100008
Singapore,2014,0.945839797,4691514.0,,,0.628722875780001
Slovak Republic,2014,0.891531587,4582684.0,,,0.617749094300001
Slovak Republic,2014,0.240445818,4582684.0,,,0.5502806052400008
Slovenia,2014,0.991207674,1759867.0,,,0.570132703470001
Slovenia,2014,0.905536495,1759867.0,,,0.4969516858300006
Somalia,2014,0.689034476,6719620.0,0.648995984,,0.5592294045700005
Somalia,2014,0.33107243,6719620.0,0.319421399,,0.3165803881899998
South Africa,2014,0.738405197,38992463.0,0.175633488,,0.22794863854999994
South Africa,2014,0.606584879,38992463.0,0.060213778,,0.13618543815999984
Spain,2014,0.98093343,39593406.0,,,0.49512500314000013
Spain,2014,0.931686171,39593406.0,,,0.5084046700700002
Sri Lanka,2014,0.913193655,15433197.0,,,0.5504813853800001
Sri Lanka,2014,0.739958745,15433197.0,,,0.49660423020000033
Sudan,2014,0.283453951,21021157.0,,,0.45789688678000023
Sudan,2014,0.070477362,21021157.0,,,0.4785920640000003
Sweden,2014,0.99826458,7971436.0,,,0.49687430970000007
Sweden,2014,1.0,7971436.0,,,0.49073732260000014
Switzerland,2014,0.989387599,6883205.0,,,0.5313569564700003
Switzerland,2014,0.956466191,6883205.0,,,0.5097087195900003
"Taiwan, China",2014,0.96190329,19968635.0,,,0.5086436131100002
"Taiwan, China",2014,0.775262713,19968635.0,,,0.5090038449500003
Tajikistan,2014,0.127770845,5217089.0,,,0.5302453649900002
Tajikistan,2014,0.079673187,5217089.0,,,0.5148409865200002
Tanzania,2014,0.68107774,26884351.0,0.563510424,,0.49348354135999983
Tanzania,2014,0.326300422,26884351.0,0.263909881,,0.27760941938
Thailand,2014,0.85356846,56707280.0,,,0.4345230733900005
Thailand,2014,0.731996594,56707280.0,,,0.38221634087000017
Togo,2014,0.327500787,4254423.0,,,0.4322862843300006
Togo,2014,0.128459825,4254423.0,,,0.4740824723200005
Tunisia,2014,0.33392567,8426960.0,,,0.4265954931700003
Tunisia,2014,0.225150497,8426960.0,,,0.3335616260600004
Turkiye,2014,0.60940774,57336171.0,,,0.4205906746000004
Turkiye,2014,0.475114137,57336171.0,,,0.33170230420000024
Uganda,2014,0.568559163,18082753.0,0.458025921,,0.3839774966400003
Uganda,2014,0.367948208,18082753.0,0.28490776,,0.2965625904699997
Ukraine,2014,0.58992674,39385204.0,,,0.15624918155000006
Ukraine,2014,0.209835879,39385204.0,,,0.14015006526
United Arab Emirates,2014,0.846491163,6398423.0,0.117262385,,0.20070803299000006
United Arab Emirates,2014,0.644202155,6398423.0,0.071048797,,0.1367125037299998
United Kingdom,2014,0.988350748,52712003.0,,,0.2195892511799999
United Kingdom,2014,1.0,52712003.0,,,0.24938159742999974
United States,2014,0.9434539,254715188.0,,,0.2925045456299998
United States,2014,0.598634244,254715188.0,,,0.2876507538499997
Uruguay,2014,0.529690418,2625287.0,,,0.20630998050999977
Uruguay,2014,0.328609595,2625287.0,,,0.1922602835099999
Uzbekistan,2014,0.482059577,21374576.0,,,0.2080897970599998
Uzbekistan,2014,0.243090805,21374576.0,,,0.21095867106999983
"Venezuela, RB",2014,0.639037796,21274157.0,,,0.27880664693999974
"Venezuela, RB",2014,0.379312647,21274157.0,,,0.2291892898599997
Viet Nam,2014,0.401637873,68893679.0,,,0.23389312074999963
Viet Nam,2014,0.153406011,68893679.0,,,0.28566883661999976
West Bank and Gaza,2014,0.239111147,2416583.0,,,0.2161330791199997
West Bank and Gaza,2014,0.250947386,2416583.0,,,0.21509077160999968
"Yemen, Rep.",2014,,16904246.0,,,0.22936861057999974
"Yemen, Rep.",2014,,16904246.0,,,0.22936861057999974
Zambia,2014,0.509005704,8358295.0,0.217091981,,0.24407363731000012
Zambia,2014,0.224396644,8358295.0,0.03938739,,0.08259917253999997
Zimbabwe,2014,0.398870995,7862617.0,0.273791735,,0.2877228832899999
Zimbabwe,2014,0.208674589,7862617.0,0.125631925,,0.17300216644000016
Afghanistan,2017,0.305588449,18807229.0,,,0.3377865402200005
Afghanistan,2017,0.088877489,18807229.0,,,0.3145786119200004
Albania,2017,0.55829016,2340965.0,,,0.26460357607000046
Albania,2017,0.27497011,2340965.0,,,0.30375094032000033
Algeria,2017,0.489593663,28799702.0,,,0.44570698903000017
Algeria,2017,0.389481584,28799702.0,,,0.3443143604304516
Argentina,2017,0.522781893,33036043.0,,,0.25292196498000036
Argentina,2017,0.43047823,33036043.0,,,0.2611625697700003
Armenia,2017,0.474417884,2384230.0,,,0.25672297363000035
Armenia,2017,0.500519528,2384230.0,,,0.2533050514100005
Australia,2017,0.996711731,19621820.0,,,0.2832905190100004
Australia,2017,1.0,19621820.0,,,0.2803045896300005
Austria,2017,0.985470963,7481549.0,,,0.3135369371700004
Austria,2017,0.959586974,7481549.0,,,0.26651644119000045
Azerbaijan,2017,0.299040026083742,7438923.0,,,0.3157140325600004
Azerbaijan,2017,0.204831118,7438923.0,,,0.2847818037200005
Bahrain,2017,0.835064941,1137724.0,,,0.2665150615800003
Bahrain,2017,0.714081447,1137724.0,,,0.2780583794200002
Bangladesh,2017,0.572312817,111658076.0,0.260562309,,0.264340452040222
Bangladesh,2017,0.398387523,111658076.0,0.144111161522556,,0.20380099081353356
Belarus,2017,0.894419945,7909969.0,,,0.32604966405999997
Belarus,2017,0.339865505,7909969.0,,,0.3070753397800001
Belgium,2017,0.988397985,9407055.0,,,0.35042425052000015
Belgium,2017,1.0,9407055.0,,,0.3924044951300001
Benin,2017,0.556704326,6631280.0,0.342051412,,0.37039810897000025
Benin,2017,0.314403888,6631280.0,0.113976903,,0.16576428240999977
Bolivia,2017,0.606876815,7571421.0,,,0.31935082859000036
Bolivia,2017,0.430468573,7571421.0,,,0.35035013712000024
Bosnia and Herzegovina,2017,0.692580335,2982772.0,,,0.37431317053999996
Bosnia and Herzegovina,2017,0.394206894,2982772.0,,,0.38134300018999995
Botswana,2017,0.598837337,1470809.0,0.359300389,,0.3632538664100002
Botswana,2017,0.389953319,1470809.0,0.093518935,,0.1743063616500001
Brazil,2017,0.743877492,158478074.0,,,0.4527028929100001
Brazil,2017,0.628971931,158478074.0,,,0.39239748664999985
Bulgaria,2017,0.845319217,6128150.0,,,0.47774949003000033
Bulgaria,2017,0.42135236,6128150.0,,,0.5507564324700003
Burkina Faso,2017,0.633887315,10570484.0,0.516277021,,0.5274336727000001
Burkina Faso,2017,0.377803842,10570484.0,0.284318717,,0.2858765535100003
Cambodia,2017,0.527039112,10807431.0,,,0.2736693123200001
Cambodia,2017,0.18884121,10807431.0,,,0.26087137381000003
Cameroon,2017,0.464665095,13358414.0,0.246778398,,0.27928400224
Cameroon,2017,0.268952979,13358414.0,0.088781569,,0.25060477104000006
Canada,2017,0.998651837,30253020.0,,,0.24536432012999967
Canada,2017,0.947322491,30253020.0,,,0.3389781140199994
Central African Republic,2017,0.286453528,2404000.0,,,0.2698507720599995
Central African Republic,2017,0.099253978,2404000.0,,,0.27190475075999976
Chad,2017,0.458362757,7782131.0,0.275967177,,0.29217910588999957
Chad,2017,0.183850564,7782131.0,0.135298759,,0.15625648312999987
Chile,2017,0.809238214,14675996.0,0.235587758,,0.29151103237000026
Chile,2017,0.541800244,14675996.0,0.035901731,,0.15038112055999978
China,2017,0.941404016,1133758537.0,,,0.22552446901999962
China,2017,0.713858863,1133758537.0,,,0.20204427514999967
Colombia,2017,0.533371352,36092425.0,,,0.21715863991999967
Colombia,2017,0.32779205,36092425.0,,,0.2167690047499997
"Congo, Dem. Rep.",2017,0.299145001,45407203.0,0.19680154,,0.22822099751999972
"Congo, Dem. Rep.",2017,0.177849025,45407203.0,0.082924349,,0.12668260981000004
"Congo, Rep.",2017,0.335070586,3026298.0,,,0.44784419700000044
"Congo, Rep.",2017,0.164563561,3026298.0,,,0.4428845273300005
Costa Rica,2017,0.732614776,3790388.0,,,0.49604376957000057
Costa Rica,2017,0.572589628,3790388.0,,,0.4897214187700007
Cote d'Ivoire,2017,0.603151033,14983416.0,0.5252672,,0.49538045686000054
Cote d'Ivoire,2017,0.349710841,14983416.0,0.278521584,,0.27339720056
Croatia,2017,0.95922067,3508155.0,,,0.47871769263793384
Croatia,2017,0.620175992,3508155.0,,,0.48034571887999944
Cyprus,2017,0.913188939,1039880.0,,,0.535019016199999
Cyprus,2017,0.810911852,1039880.0,,,0.5012298984699992
Czechia,2017,0.912173664,8934395.0,,,0.5232445073799992
Czechia,2017,0.368289543,8934395.0,,,0.4749633731499995
Denmark,2017,0.999096436,4767144.0,,,0.5546488542899989
Denmark,2017,1.0,4767144.0,,,0.5364781355199991
Dominican Republic,2017,0.725319985,7508555.0,,,0.43341584847999975
Dominican Republic,2017,0.433920824,7508555.0,,,0.48051943642999917
Ecuador,2017,0.55005494,11800828.0,,,0.4916620348099997
Ecuador,2017,0.406512971,11800828.0,,,0.39603982664
"Egypt, Arab Rep.",2017,0.333984991,66961302.0,,,0.46606712968522507
"Egypt, Arab Rep.",2017,0.31689042,66961302.0,,,0.5004392341052248
El Salvador,2017,0.398486025,4464670.0,,,0.48856281903522514
El Salvador,2017,0.204913108,4464670.0,,,0.49350284960999974
Estonia,2017,0.99048202,1103273.0,,,0.5084250890589666
Estonia,2017,0.943781321,1103273.0,,,0.4759520917599995
Ethiopia,2017,0.65043792,61575604.0,,,0.5426223896899994
Ethiopia,2017,0.295722733,61575604.0,,,0.5229279719399994
Finland,2017,1.0,4600229.0,,,0.5044457151289667
Finland,2017,0.992062164,4600229.0,,,0.4870844935689666
France,2017,0.972331747,54658275.0,,,0.40055554072999994
France,2017,0.798168655,54658275.0,,,0.4424298236774236
Gabon,2017,0.723960616,1332068.0,0.562393261,,0.5138676271799991
Gabon,2017,0.455328132,1332068.0,0.312131348,,0.3117178036000002
"Gambia, The",2017,0.42317587,1294272.0,,,0.4261459945999996
"Gambia, The",2017,0.220235507,1294272.0,,,0.4289717965999994
Georgia,2017,0.648315283,2987888.0,,,0.4377694094099996
Georgia,2017,0.341144653,2987888.0,,,0.43696796805999943
Germany,2017,0.992990584,71374479.0,,,0.46975913437999944
Germany,2017,1.0,71374479.0,,,0.4755715573499994
Ghana,2017,0.675496149,18083712.0,0.462084532,,0.4935956490499994
Ghana,2017,0.493870599,18083712.0,0.331717636,,0.3419609985400004
Greece,2017,0.849761016,9220190.0,,,0.30853034631000054
Greece,2017,0.868962972,9220190.0,,,0.3067602706900005
Guatemala,2017,0.557992709,10430246.0,,,0.29758203922000065
Guatemala,2017,0.327172959,10430246.0,,,0.2981793248200006
Guinea,2017,0.471696624,6873506.0,0.286992904,,0.29217786455000033
Guinea,2017,0.170548818,6873506.0,0.099639099,,0.15492568731
Haiti,2017,0.421691851,7048972.0,0.178783915,,0.21676558293000017
Haiti,2017,0.170337345,7048972.0,0.063973697,,0.12726043403999993
Honduras,2017,0.563277191,6185475.0,,,0.3403208560350185
Honduras,2017,0.367754212,6185475.0,,,0.5290652292499999
"Hong Kong SAR, China",2017,0.966577021,6493265.0,,,0.3250970715400003
"Hong Kong SAR, China",2017,0.870591997,6493265.0,,,0.3537087152089674
Hungary,2017,0.827748526,8389859.0,,,0.30062585120000007
Hungary,2017,0.558292557,8389859.0,,,0.2831399262300001
India,2017,0.849415842,962463650.0,,,0.28238082816812615
India,2017,0.753695416,962463650.0,,,0.27748310961000006
Indonesia,2017,0.627231145,193777030.0,,,0.28170493336000013
Indonesia,2017,0.335980335,193777030.0,,,0.3119245673900003
"Iran, Islamic Rep.",2017,0.947167397,63892824.0,0.305360868,,0.2999811390100001
"Iran, Islamic Rep.",2017,0.903630139,63892824.0,0.083538736,,0.1538953600199999
Iraq,2017,0.279547842,23052127.0,,,0.7572030745599995
Iraq,2017,0.191060839,23052127.0,,,0.7498731595899996
Ireland,2017,0.961958642,3749429.0,,,0.7855968906099996
Ireland,2017,0.842367488,3749429.0,,,0.7694394803399993
Israel,2017,0.930125549,6131598.0,,,0.7175162907299995
Israel,2017,0.882924392,6131598.0,,,0.6500422690389671
Italy,2017,0.963051578,52409524.0,,,0.7070229968899997
Italy,2017,0.920082216,52409524.0,,,0.5912665865900001
Japan,2017,0.994911623,110907804.0,,,0.7608634554299996
Japan,2017,0.914313392,110907804.0,,,0.7105713797399997
Jordan,2017,0.445901084,6558247.0,,,0.7212203874999994
Jordan,2017,0.370707903,6558247.0,,,0.7874548727699994
Kazakhstan,2017,0.644705442,13196334.0,,,0.8082082574199994
Kazakhstan,2017,0.296436205,13196334.0,,,0.6582161069599998
Kenya,2017,0.915533746,28150345.0,0.838947092,,0.8440723326399996
Kenya,2017,0.674084939,28150345.0,0.573869932,,0.5611693986700003
"Korea, Rep.",2017,0.96795649,44377468.0,,,0.4704620863000006
"Korea, Rep.",2017,0.832835861,44377468.0,,,0.4357823268781262
Kosovo,2017,0.650976942,1328163.0,,,0.4092548905800005
Kosovo,2017,0.420702286,1328163.0,,,0.44021087505000045
Kuwait,2017,0.816139713,3138850.0,,,0.4395029912300006
Kuwait,2017,0.277938743,3138850.0,,,0.42930587668000036
Kyrgyz Republic,2017,0.435356948,4195979.0,,,0.35324024049
Kyrgyz Republic,2017,0.244412593,4195979.0,,,0.4602723442400008
Lao PDR,2017,0.418507549,4638548.0,,,0.5211722670100003
Lao PDR,2017,0.221236669,4638548.0,,,0.4578372356900008
Latvia,2017,0.972102792,1657658.0,,,0.4514876030900007
Latvia,2017,0.793880738,1657658.0,,,0.4095489041489676
Lebanon,2017,0.510896436,4654352.0,,,0.41332153408793415
Lebanon,2017,0.311919248,4654352.0,,,0.47452345443000077
Lesotho,2017,0.633708389,1350411.0,0.470640604,,0.4879598912900007
Lesotho,2017,0.370619168,1350411.0,0.183629251,,0.2314315753899997
Liberia,2017,0.586640468,2745577.0,0.332131465,,0.37275628414000017
Liberia,2017,0.254956732,2745577.0,0.152534646,,0.21138013461999974
Libya,2017,0.693446605,4585159.0,,,0.2638727340989671
Libya,2017,0.406881411,4585159.0,,,0.3682234802299999
Lithuania,2017,0.872531436,2445393.0,,,0.26818313156896695
Lithuania,2017,0.613320449,2445393.0,,,0.2584741506999999
Luxembourg,2017,0.993706647,486845.0,,,0.24210978554
Luxembourg,2017,0.957268916,486845.0,,,0.23039685915000002
Madagascar,2017,0.394837406,15245537.0,0.28308062,,0.2665450353
Madagascar,2017,0.135084519,15245537.0,0.087742256,,0.1376530397100001
Malawi,2017,0.552663982,9645161.0,0.384582088,,0.37915862375
Malawi,2017,0.253524408,9645161.0,0.136219052,,0.1596044624799999
Malaysia,2017,0.875355066,23682698.0,0.112119901,,0.17636293022999985
Malaysia,2017,0.699901571,23682698.0,0.079942811,,0.13195746887000015
Maldives,2017,0.831617543,342024.0,0.30752423,,0.2846015207599995
Maldives,2017,0.720899214,342024.0,0.087294709,,0.1383547275
Mali,2017,0.594742202,9985747.0,0.418483495,,0.4322600560499997
Mali,2017,0.283855659,9985747.0,0.192716307,,0.2231007702900002
Malta,2017,0.973197652,390899.0,,,0.26784279787
Malta,2017,0.977286665,390899.0,,,0.26765818706999994
Mauritania,2017,0.321698849,2278505.0,,,0.27230530157
Mauritania,2017,0.144438761,2278505.0,,,0.29426445009
Mauritius,2017,0.907479055,1031251.0,,,0.25457575016000006
Mauritius,2017,0.88354102,1031251.0,,,0.2496295150300001
Mexico,2017,0.424785527,88534114.0,,,0.26872618954522554
Mexico,2017,0.244810995,88534114.0,,,0.3024088668300001
Moldova,2017,0.480743795,2278507.0,,,0.26893145604
Moldova,2017,0.216605878,2278507.0,,,0.30753208205000004
Mongolia,2017,0.960354002,2155814.0,0.274785843,,0.29187584084000007
Mongolia,2017,0.850011325,2155814.0,0.073798669,,0.27371124564999993
Montenegro,2017,0.777829699,506847.0,,,0.43587439742000017
Montenegro,2017,0.431782273,506847.0,,,0.3632151101299999
Morocco,2017,0.436502002,24894226.0,,,0.4199115424752257
Morocco,2017,0.227414237,24894226.0,,,0.47444374694000024
Mozambique,2017,0.753063663,14874137.0,0.483924412,,0.5610222188100003
Mozambique,2017,0.346136347,14874137.0,0.164660941,,0.24565152855999992
Myanmar,2017,0.304862522,38000865.0,,,0.47054498096
Myanmar,2017,0.236065379,38000865.0,,,0.46712352680999997
Namibia,2017,0.851151047,1547830.0,0.493514501,,0.47417942763999965
Namibia,2017,0.734736405,1547830.0,0.334554336,,0.3601417162199997
Nepal,2017,0.585966839,18869412.0,,,0.37131165490000023
Nepal,2017,0.418446139,18869412.0,,,0.3315662490100002
Netherlands,2017,0.996134265,14234525.0,,,0.33580186021000036
Netherlands,2017,1.0,14234525.0,,,0.33830664161000024
New Zealand,2017,0.990515967,3788624.0,,,0.33651799083000034
New Zealand,2017,1.0,3788624.0,,,0.32072628490000027
Nicaragua,2017,0.356841977,4249427.0,,,0.37011202029000034
Nicaragua,2017,0.21512957,4249427.0,,,0.3615149301400003
Niger,2017,0.465830928,10546918.0,,,0.32181967713000004
Niger,2017,0.137806762,10546918.0,,,0.28768424281000005
Nigeria,2017,0.592974669,109170774.0,,,0.36971480012000013
Nigeria,2017,0.160544816,109170774.0,,,0.34526537472522567
North Macedonia,2017,0.883376107,1567300.0,,,0.34510090367000024
North Macedonia,2017,0.592559243,1567300.0,,,0.3496537826400003
Norway,2017,1.0,4298959.0,,,0.3474927002700003
Norway,2017,0.98688356,4298959.0,,,0.3513846406681266
Pakistan,2017,0.340311743,135055510.0,,,0.32120114716135345
Pakistan,2017,0.159198671,135055510.0,,,0.3626503058456769
Panama,2017,0.493191307,2915245.0,,,0.36423440748000013
Panama,2017,0.380262146,2915245.0,,,0.36137105550000015
Paraguay,2017,0.511394016,4382299.0,0.334838769,,0.34311405556896735
Paraguay,2017,0.44362492,4382299.0,0.209713112,,0.26973216320999965
Peru,2017,0.448875781,22473210.0,,,0.3373540300399999
Peru,2017,0.310888273,22473210.0,,,0.4592014715099997
Philippines,2017,0.413527665,71585383.0,,,0.46602129425567634
Philippines,2017,0.180015154,71585383.0,,,0.4847785475999998
Poland,2017,0.899946117,32223349.0,,,0.5213895216299992
Poland,2017,0.655030437,32223349.0,,,0.5179541248699994
Portugal,2017,0.955015962,8871342.0,,,0.4665171934599995
Portugal,2017,0.875661981,8871342.0,,,0.5095310346399993
Romania,2017,0.695207561,16606939.0,,,0.5142118850699995
Romania,2017,0.31859526,16606939.0,,,0.4717544219999996
Russian Federation,2017,0.795802938,120066877.0,,,0.3809449458699997
Russian Federation,2017,0.5636748,120066877.0,,,0.29497696726999983
Rwanda,2017,0.698387656,7050113.0,0.58267469,,0.5726374690899992
Rwanda,2017,0.470031938,7050113.0,0.269817725,,0.2880799451099997
Saudi Arabia,2017,0.72653844,23241801.0,,,0.4360747147999995
Saudi Arabia,2017,0.650193616,23241801.0,,,0.44227124608999946
Senegal,2017,0.541467252,8705549.0,0.434746473,,0.42437545754999967
Senegal,2017,0.37630263,8705549.0,0.272426119,,0.2843305413899998
Serbia,2017,0.805461468,6046629.0,,,0.2624059887099998
Serbia,2017,0.514843904,6046629.0,,,0.28559214330000005
Sierra Leone,2017,0.437095964,4219730.0,0.250676546,,0.25653505043000013
Sierra Leone,2017,0.127323905,4219730.0,0.068072676,,0.2396336827799999
Singapore,2017,0.990588108,4905185.0,,,0.2713977387669014
Singapore,2017,0.93193582,4905185.0,,,0.23999111963173686
Slovak Republic,2017,0.919943176,4594115.0,,,0.2558014330565722
Slovak Republic,2017,0.491810564,4594115.0,,,0.2873208695379344
Slovenia,2017,0.985410085,1756994.0,,,0.25111365484760517
Slovenia,2017,0.94415582,1756994.0,,,0.23801845704760513
South Africa,2017,0.711638602,41039555.0,0.21743172,,0.19314434105
South Africa,2017,0.639982859,41039555.0,0.121705811,,0.13851158667000005
South Sudan,2017,,6092487.0,,,0.5547723948799995
South Sudan,2017,,6092487.0,,,0.5547723948799995
Spain,2017,0.958402163,39549433.0,,,0.5375432413099996
Spain,2017,0.890226902,39549433.0,,,0.5265129563962518
Sri Lanka,2017,0.853507647,16017388.0,,,0.5588535735599995
Sri Lanka,2017,0.624324617,16017388.0,,,0.5359732763699996
Sweden,2017,1.0,8184039.0,,,0.49433494226
Sweden,2017,0.968513121,8184039.0,,,0.32471930770000024
Switzerland,2017,0.993239094,7127704.0,,,0.5274004415599999
Switzerland,2017,0.967209854,7127704.0,,,0.32897436068000013
"Taiwan, China",2017,0.975063855,20340388.0,,,0.5208229424699996
"Taiwan, China",2017,0.852081588,20340388.0,,,0.5102505707199996
Tajikistan,2017,0.496535224,5649763.0,,,0.38090250362007305
Tajikistan,2017,0.391844199,5649763.0,,,0.533513432165018
Tanzania,2017,0.669440419,30023264.0,0.570447513,,0.5642478125600001
Tanzania,2017,0.41020253,30023264.0,0.332851949,,0.32763728223999955
Thailand,2017,0.866255613,58293189.0,,,0.3122605026700002
Thailand,2017,0.770002509,58293189.0,,,0.2939288512600001
Togo,2017,0.561022381,4608431.0,0.299810261,,0.3205647599700001
Togo,2017,0.383642467,4608431.0,0.168818946,,0.1973460776499998
Trinidad and Tobago,2017,0.812559676,1090252.0,,,0.22851063941999986
Trinidad and Tobago,2017,0.79131272,1090252.0,,,0.2242631686899999
Tunisia,2017,0.476980035,8662597.0,,,0.24532733665999992
Tunisia,2017,0.235212497,8662597.0,,,0.24167634045999992
Turkiye,2017,0.740208157,60604220.0,0.20696256,,0.22053185068999995
Turkiye,2017,0.574380933,60604220.0,0.076136077,,0.1133416136099999
Turkmenistan,2017,0.419106728,4458186.0,,,0.5955371640100006
Turkmenistan,2017,0.099228361,4458186.0,,,0.6045261173300007
Uganda,2017,0.768773878,20360656.0,0.663382734,,0.6565126270300007
Uganda,2017,0.466462654,20360656.0,0.393148397,,0.3662735359299999
Ukraine,2017,0.678638325,38655749.0,,,0.23546443636999992
Ukraine,2017,0.305967863,38655749.0,,,0.39374542376000016
United Arab Emirates,2017,0.88876374,7433015.0,0.218632129,,0.2648711561600001
United Arab Emirates,2017,0.708787531,7433015.0,0.092930766,,0.20228633054999987
United Kingdom,2017,0.977710196,53834160.0,,,0.1679909593199998
United Kingdom,2017,0.90222852,53834160.0,,,0.25111680449812596
United States,2017,0.943792666,261470917.0,,,0.18632515380999973
United States,2017,0.645688563,261470917.0,,,0.1636651219799998
Uruguay,2017,0.694511904,2670291.0,,,0.22087544573999993
Uruguay,2017,0.514663071,2670291.0,,,0.18949037645999972
Uzbekistan,2017,0.431865445,22359293.0,,,0.18941694184999983
Uzbekistan,2017,0.209487773,22359293.0,,,0.20350718560999984
"Venezuela, RB",2017,0.782735997,22179490.0,0.123988629,,0.18068724836999983
"Venezuela, RB",2017,0.579375309,22179490.0,0.062912975,,0.16931129943999998
Viet Nam,2017,0.424253567,71315938.0,,,0.3951575978256767
Viet Nam,2017,0.130474492,71315938.0,,,0.41615805251
West Bank and Gaza,2017,0.279334803,2625785.0,,,0.4115095021300001
West Bank and Gaza,2017,0.181261149,2625785.0,,,0.4067841711300001
Zambia,2017,0.60140122,9326870.0,0.405155981,,0.4340424992899999
Zambia,2017,0.309000325,9326870.0,0.145245431,,0.17834508670999977
Zimbabwe,2017,0.652258814,8235262.0,0.581047082,,0.5627626355299998
Zimbabwe,2017,0.379223942,8235262.0,0.319050037,,0.29761234681000004
Afghanistan,2021,,21791072.0,,,0.4576622113400007
Afghanistan,2021,,21791072.0,,,0.4576622113400007
Albania,2021,0.565037388,2340601.0,,,0.38208634777000017
Albania,2021,0.343555701,2340601.0,,,0.4212132877500002
Algeria,2021,0.462316399,30458426.0,,,0.4000799604674242
Algeria,2021,0.389861822,30458426.0,,,0.46831896001000023
Argentina,2021,0.796931869,34481880.0,0.454140651,,0.4281845298100004
Argentina,2021,0.570962488,34481880.0,0.164750863,,0.2677190857500001
Armenia,2021,0.567015449,2364189.0,0.177061872,,0.2046557361599999
Armenia,2021,0.445577736,2364189.0,0.08740635,,0.15042549088000004
Australia,2021,0.997919834,20888823.0,,,0.32626845219999967
Australia,2021,0.864782956,20888823.0,,,0.3655076850799997
Austria,2021,0.999458908,7633446.0,,,0.3335308480599996
Austria,2021,1.0,7633446.0,,,0.3275047573699997
Azerbaijan,2022,0.493373516,7732344.0,,,0.32653851362999986
Azerbaijan,2022,0.30611123,7732344.0,,,0.28555310061999967
Bangladesh,2021,0.566269548,117641793.0,0.308600569,,0.29473589118484805
Bangladesh,2021,0.465663545,117641793.0,0.259940506,,0.2641489125004509
Belgium,2021,0.992826347,9600074.0,,,0.48060659660000055
Belgium,2021,0.93811881,9600074.0,,,0.4513755732600007
Benin,2021,0.636144922,7495327.0,0.503210062,,0.5336608896500005
Benin,2021,0.410090372,7495327.0,0.29764744,,0.2895958883199997
Bolivia,2021,0.754125776,8150856.0,0.176570786,,0.15494784430999972
Bolivia,2021,0.553876723,8150856.0,0.018036167,,0.06325509584000003
Bosnia and Herzegovina,2021,0.900789407,2851847.0,,,0.5449002227099998
Bosnia and Herzegovina,2021,0.575805585,2851847.0,,,0.5007874206999995
Botswana,2022,0.667893291,1588124.0,0.49129401,,0.48318121379999956
Botswana,2022,0.438042523,1588124.0,0.140868077,,0.2069022315400002
Brazil,2021,0.855630236,165349748.0,0.315390454,,0.34586266735999976
Brazil,2021,0.812766273,165349748.0,0.140075399,,0.34769308025
Bulgaria,2021,0.888501006,5933315.0,,,0.36649081355000024
Bulgaria,2021,0.709536539,5933315.0,,,0.3744603524800004
Burkina Faso,2021,0.554004983,12018028.0,0.402703885,,0.4135027558400004
Burkina Faso,2021,0.316919841,12018028.0,0.21092634,,0.23737326441000017
Cambodia,2021,0.614270056,11527565.0,,,0.45941118911742457
Cambodia,2021,0.28774358,11527565.0,,,0.4114432934000002
Cameroon,2021,0.672119072,15059599.0,0.572252239,,0.5690554897600005
Cameroon,2021,0.371978414,15059599.0,0.28704192,,0.29175763899
Canada,2021,0.998806403,31991096.0,,,0.21478993972000002
Canada,2021,0.901625716,31991096.0,,,0.41439888063999974
Chad,2022,0.414029906,8962706.0,0.197026547,,0.29772768340999994
Chad,2022,0.219766941,8962706.0,0.113932952,,0.13950519849000012
Chile,2021,0.930262029,15803947.0,,,0.43631833860999997
Chile,2021,0.688478689,15803947.0,,,0.32488460608
China,2021,0.972123468,1157739289.0,,,0.30508518262999995
China,2021,0.830213478,1157739289.0,,,0.26076154217999986
Colombia,2021,0.646633795,39661157.0,0.268986105,,0.29185828258999985
Colombia,2021,0.480776327,39661157.0,0.078489084,,0.1613667784199999
Comoros,2022,0.416471435,495193.0,,,0.3206994874799998
Comoros,2022,0.298560494,495193.0,,,0.32704387327
"Congo, Dem. Rep.",2022,0.367559967,51784116.0,0.313118522,,0.3376749911800001
"Congo, Dem. Rep.",2022,0.116736446,51784116.0,0.080432572,,0.12929533445999997
"Congo, Rep.",2021,0.577639234,3350070.0,0.471525376,,0.45633618668000026
"Congo, Rep.",2021,0.306857645,3350070.0,0.211896407,,0.2808196797700003
Costa Rica,2021,0.799731881,3990389.0,,,0.5546723657600003
Costa Rica,2021,0.517476242,3990389.0,,,0.5241943481100008
Cote d'Ivoire,2021,0.692525882,16718735.0,0.563887049,,0.5689103977800005
Cote d'Ivoire,2021,0.439860781,16718735.0,0.343191129,,0.32687643181
Croatia,2021,0.967457596,3348534.0,,,0.20623871185999995
Croatia,2021,0.802528022,3348534.0,,,0.26622626230999985
Cyprus,2021,0.942485861,1094549.0,,,0.21083291426999984
Cyprus,2021,0.878829359,1094549.0,,,0.18510366622999985
Czechia,2021,0.964799464,8985899.0,,,0.2254087262999998
Czechia,2021,0.863917972,8985899.0,,,0.20405066263999988
Denmark,2021,1.0,4880509.0,,,0.18242534503999988
Denmark,2021,1.0,4880509.0,,,0.18242534503999988
Dominican Republic,2021,0.646703615,7960918.0,,,0.17651163358999983
Dominican Republic,2021,0.39373011,7960918.0,,,0.19644972992999993
Ecuador,2021,0.66560193,12914981.0,,,0.20435336702999987
Ecuador,2021,0.602126133,12914981.0,,,0.21411833061999982
"Egypt, Arab Rep.",2021,0.30272455,72722825.0,,,0.19400611783999988
"Egypt, Arab Rep.",2021,0.250019433,72722825.0,,,0.20221811684999988
El Salvador,2021,0.506719535,4592875.0,0.175528256,,0.24919868264999986
El Salvador,2021,0.279580794,4592875.0,0.07314882,,0.4321550734600004
Estonia,2021,0.995982459,1110971.0,,,0.5647788128299994
Estonia,2021,0.983857863,1110971.0,,,0.5423854887700003
Eswatini,2022,0.739987915,779017.0,0.640969157,,0.6348387706300003
Eswatini,2022,0.561535127,779017.0,0.469804943,,0.42130774276423066
Ethiopia,2022,0.798790383,70814574.0,,,0.6571521442215645
Ethiopia,2022,0.389729367,70814574.0,,,0.555817816315226
Finland,2021,1.0,4663598.0,,,0.57476658013
Finland,2021,0.983138964,4663598.0,,,0.6075636406900005
France,2021,0.997572909,55812045.0,,,0.5383073116300003
France,2021,0.958664727,55812045.0,,,0.5950264114500002
Gabon,2021,0.757205969,1467427.0,0.655167839,,0.6421209106700003
Gabon,2021,0.529001465,1467427.0,0.462544235,,0.43032756400000016
"Gambia, The",2022,0.471125784,1458016.0,,,0.6231540047299992
"Gambia, The",2022,0.246748077,1458016.0,,,0.6089657834199991
Georgia,2021,0.74554117,2940933.0,,,0.6692900756999994
Georgia,2021,0.417108029,2940933.0,,,0.6162201244099993
Germany,2021,0.999743134,71716499.0,,,0.6789871884200009
Germany,2021,1.0,71716499.0,,,0.6789871884200009
Ghana,2021,0.80973724,20017745.0,0.726295705,,0.7210408217159948
Ghana,2021,0.515909001,20017745.0,0.429252804,,0.4176274333200003
Greece,2021,0.951080159,9182577.0,,,0.38650555846000045
Greece,2021,0.918323914,9182577.0,,,0.3883692568300004
Guatemala,2022,0.46381707,11489738.0,,,0.3668463911800001
Guatemala,2022,0.290354917,11489738.0,,,0.3822819952400004
Guinea,2021,0.557196967,7735937.0,0.422231985,,0.41702009081000063
Guinea,2021,0.220184606,7735937.0,0.146093799,,0.1525133426000002
Honduras,2021,0.501006965,6863097.0,,,0.21367416757000002
Honduras,2021,0.318289684,6863097.0,,,0.1938605439800001
"Hong Kong SAR, China",2021,0.981387179,6637356.0,,,0.3411653851081262
"Hong Kong SAR, China",2021,0.961359608,6637356.0,,,0.23432288270999974
Hungary,2021,0.928918394,8330756.0,,,0.2429052247999996
Hungary,2021,0.715827392,8330756.0,,,0.17337955354999976
Iceland,2021,1.0,297833.0,,,0.23626712970999958
Iceland,2021,1.0,297833.0,,,0.23626712970999958
India,2021,0.813043631,1033092817.0,0.25464937,,0.13718430456999994
India,2021,0.759045265,1033092817.0,0.031705226,,0.08422215013999994
Indonesia,2021,0.61894173,203818030.0,,,0.1656824911522724
Indonesia,2021,0.404920801,203818030.0,,,0.21850810715000016
"Iran, Islamic Rep.",2021,0.927250334,66867932.0,0.151577151,,0.18085852022999999
"Iran, Islamic Rep.",2021,0.838635411,66867932.0,0.061959727,,0.10512895464812601
Iraq,2021,0.229724767,25903954.0,,,0.19139972257999982
Iraq,2021,0.154766679,25903954.0,,,0.19447032929
Ireland,2021,0.99622483,3983258.0,,,0.2361703747000002
Ireland,2021,1.0,3983258.0,,,0.19250398930999993
Israel,2021,0.942655382,6631697.0,,,0.17554939368999975
Israel,2021,0.627565679,6631697.0,,,0.18902664915501804
Italy,2021,0.973242421,51815239.0,,,0.31076437630000014
Italy,2021,0.972532464,51815239.0,,,0.33244990461000024
Jamaica,2021,0.828052238,2248537.0,0.14524223,,0.19708092524
Jamaica,2021,0.599446186,2248537.0,0.086386311,,0.2662772971400003
Japan,2021,0.992173861,110830955.0,,,0.27781905085000047
Japan,2021,0.940950698,110830955.0,,,0.2183313298599999
Jordan,2021,0.501740707,7296924.0,0.116597456,,0.16477265303999972
Jordan,2021,0.387134642,7296924.0,0.07907733,,0.12735991105000008
Kazakhstan,2021,0.842561447,13791287.0,,,0.6832497467900005
Kazakhstan,2021,0.618758413,13791287.0,,,0.6121494772200001
Kenya,2021,0.882125525,31704189.0,0.778373655,,0.7847983836100002
Kenya,2021,0.610172452,31704189.0,0.501124448,,0.5133829735399995
"Korea, Rep.",2021,0.992576756,45556455.0,,,0.20291963817999994
"Korea, Rep.",2021,0.955551077,45556455.0,,,0.24810848078999995
Kosovo,2021,0.725316543,1385580.0,,,0.16453702144000015
Kosovo,2021,0.46560644,1385580.0,,,0.2047094114699999
Kyrgyz Republic,2021,0.488758365,4515230.0,0.121266776,,0.21648617960999986
Kyrgyz Republic,2021,0.289362826,4515230.0,0.084496853,,0.5082215900600002
Lao PDR,2021,0.579004239,5024510.0,,,0.4602752776800728
Lao PDR,2021,0.287249334,5024510.0,,,0.5630240345699996
Latvia,2021,0.980707957,1596418.0,,,0.5744753001299994
Latvia,2021,0.909818102,1596418.0,,,0.5692648423199995
Lebanon,2021,0.230730081,4108774.0,,,0.5231988800299996
Lebanon,2021,0.155081554,4108774.0,,,0.5428228453499997
Lesotho,2022,0.774768027,1434393.0,0.596584275,,0.6275983965399997
Lesotho,2022,0.554878197,1434393.0,0.377166157,,0.38124757751999994
Liberia,2021,0.705904124,3018782.0,0.591159786,,0.5892889820199994
Liberia,2021,0.428471733,3018782.0,0.260196076,,0.2917912446699998
Lithuania,2021,0.955533148,2372426.0,,,0.3336584299999997
Lithuania,2021,0.740837039,2372426.0,,,0.23752586460999991
Madagascar,2022,0.453427039,17259462.0,0.350865559,,0.35700577326999977
Madagascar,2022,0.202265734,17259462.0,0.139384963,,0.15826650193999992
Malawi,2021,0.705928808,11111253.0,0.584748854,,0.5930508475299994
Malawi,2021,0.333156999,11111253.0,0.262393732,,0.2751616440699998
Malaysia,2021,0.929416354,25769271.0,0.342031477,,0.3705618908799998
Malaysia,2021,0.71673437,25769271.0,0.033831711,,0.1262804352599999
Mali,2021,0.653295687,11438992.0,0.506031278,,0.5355172056700007
Mali,2021,0.385670824,11438992.0,0.245468484,,0.2536147440799999
Malta,2021,0.967949502,446624.0,,,0.17083145557999974
Malta,2021,0.933743005,446624.0,,,0.1760506585199998
Mauritania,2022,0.413579371,2584547.0,0.189717791,,0.27803249041
Mauritania,2022,0.174793588,2584547.0,0.074154899,,0.1625095410399999
Mauritius,2021,0.937360584,1058961.0,0.212948802,,0.20126956981999988
Mauritius,2021,0.851820048,1058961.0,0.069056919,,0.11000073897999997
Mexico,2022,0.563097417,93851214.0,0.237022472,,0.23119292746742406
Mexico,2022,0.317912027,93851214.0,0.050684452,,0.11653914509
Moldova,2021,0.669411447,2108305.0,,,0.5994216117999992
Moldova,2021,0.399513795,2108305.0,,,0.46937707143000007
Mongolia,2021,0.99072352,2237019.0,0.660032468,,0.6292442731099992
Mongolia,2021,0.965344671,2237019.0,0.364417138,,0.4281886007200001
Morocco,2021,0.577667466,26706787.0,,,0.4579271601748484
Morocco,2021,0.369131367,26706787.0,,,0.5486976584099995
Mozambique,2021,0.843051441,16874256.0,0.667833853,,0.706957655887986
Mozambique,2021,0.391147091,16874256.0,0.192021774,,0.27250810052999985
Myanmar,2021,0.67704701,39685121.0,0.423831397,,0.39225047169555083
Myanmar,2021,0.262498363,39685121.0,0.145836368,,0.25280983207000035
Namibia,2021,0.780767597,1715314.0,0.534701589,,0.5199803096400002
Namibia,2021,0.612900805,1715314.0,0.256597898,,0.44737946428
Nepal,2021,0.632990359,20254590.0,,,0.46585647455000045
Nepal,2021,0.510033359,20254590.0,,,0.4295231154400004
Netherlands,2021,0.997154768,14717214.0,,,0.42117217203000024
Netherlands,2021,1.0,14717214.0,,,0.42576236331000034
New Zealand,2021,0.99098659,4122094.0,,,0.42994148084000017
New Zealand,2021,0.965283469,4122094.0,,,0.4174695704400002
Nicaragua,2021,0.37127696,4567953.0,,,0.45358636618000026
Nicaragua,2021,0.181395868,4567953.0,,,0.45281523153000025
Niger,2022,0.286210847,12328593.0,,,0.3808760946200001
Niger,2022,0.106100287,12328593.0,,,0.3864011797100001
Nigeria,2021,0.652032501,122350743.0,,,0.44493008891000035
Nigeria,2021,0.257975003,122350743.0,,,0.3788580996000001
North Macedonia,2021,0.917628092,1536653.0,,,0.43372620672000023
North Macedonia,2021,0.730171103,1536653.0,,,0.4272385133300002
Norway,2021,1.0,4453612.0,,,0.4323233672300002
Norway,2021,0.97652028,4453612.0,,,0.4389284639481265
Pakistan,2021,0.352950655,146030491.0,,,0.40719080285522574
Pakistan,2021,0.153094836,146030491.0,,,0.4189437950000001
Panama,2021,0.519202133,3160275.0,,,0.4269909349699999
Panama,2021,0.312156961,3160275.0,,,0.4676467259300001
Paraguay,2021,0.611869361,4679787.0,0.455442484,,0.4160404361600001
Paraguay,2021,0.436058509,4679787.0,0.250881009,,0.2911541996999998
Peru,2021,0.616175675,24463530.0,0.173909959,,0.17261538149999986
Peru,2021,0.409253995,24463530.0,0.021136213,,0.10143684017000006
Philippines,2021,0.611750789,77692157.0,0.268915578,,0.21899248719272552
Philippines,2021,0.327689811,77692157.0,0.119612372,,0.15187338151484844
Poland,2021,0.963480496,32028961.0,,,0.36465843904000017
Poland,2021,0.713053179,32028961.0,,,0.43802804046
Portugal,2021,0.940893817,8923687.0,,,0.32480815775000005
Portugal,2021,0.898884394,8923687.0,,,0.33524921234000005
Romania,2021,0.761258207,16163817.0,,,0.3894024473800001
Romania,2021,0.374874601,16163817.0,,,0.4004186783200001
Russian Federation,2021,0.904941181,119582441.0,0.326088452,,0.37137050621999973
Russian Federation,2021,0.822854665,119582441.0,0.36840356,,0.31399961279999994
Saudi Arabia,2021,0.742166273,23509479.0,,,0.5159326548500001
Saudi Arabia,2021,0.768009341,23509479.0,,,0.5989737874900003
Senegal,2021,0.706811092,10017948.0,0.644757159,,0.6238144482000001
Senegal,2021,0.51292539,10017948.0,0.386805543,,0.3924601507800004
Serbia,2021,0.943735344,5915242.0,,,0.3312281108299999
Serbia,2021,0.804249167,5915242.0,,,0.2938888520900003
Sierra Leone,2021,0.445754285,4762478.0,0.274932183,,0.2934859270299999
Sierra Leone,2021,0.207155241,4762478.0,0.146763275,,0.17359276810999988
Singapore,2021,0.989612428,4993587.0,0.36620842,,0.36071411380999996
Singapore,2021,0.924400041,4993587.0,0.061950094,,0.12059712969398541
Slovak Republic,2021,0.969813729,4593346.0,,,0.4178523000000002
Slovak Republic,2021,0.70752746,4593346.0,,,0.3589022864589675
Slovenia,2021,0.995610829,1784150.0,,,0.4118340634779345
Slovenia,2021,0.968110266,1784150.0,,,0.41420914857000035
South Africa,2021,0.885906562,44211052.0,0.403295825,,0.3839892431799996
South Africa,2021,0.760165888,44211052.0,0.244885991,,0.2528898158100001
South Sudan,2021,,6159568.0,,,0.64280887339
South Sudan,2021,,6159568.0,,,0.64280887339
Spain,2021,0.98796614,40639965.0,,,0.5634380490099999
Spain,2021,0.963680346,40639965.0,,,0.5714958667100001
Sri Lanka,2021,0.929809795,16803664.0,,,0.6109895142399998
Sri Lanka,2021,0.769279072,16803664.0,,,0.6087712338700001
Sweden,2021,0.996746572,8517166.0,,,0.62260693973
Sweden,2021,1.0,8517166.0,,,0.6052990996099998
Switzerland,2021,0.998237637,7337959.0,,,0.5803087292
Switzerland,2021,0.98539667,7337959.0,,,0.5513493931400001
"Taiwan, China",2021,0.982730311,20568066.0,,,0.55113794415
"Taiwan, China",2021,0.844565157,20568066.0,,,0.59621444214
Tajikistan,2021,0.422605653284124,6196225.0,,,0.6056070225900001
Tajikistan,2021,0.321677396,6196225.0,,,0.6244670578399999
Tanzania,2021,0.734982861,34527295.0,0.656740698,,0.6451608720800002
Tanzania,2021,0.467012915,34527295.0,0.388309233,,0.33649355629999983
Thailand,2021,0.973116749,60059109.0,0.70796743,,0.6240232701299987
Thailand,2021,0.934699289,60059109.0,0.469167698,,0.43072466262999987
Togo,2021,0.619083852,5137794.0,0.474235248,,0.5972350105299998
Togo,2021,0.422802899,5137794.0,0.303394203,,0.2970357605899998
Tunisia,2021,0.434973055,8970562.0,,,0.27535211632000034
Tunisia,2021,0.292645265,8970562.0,,,0.27322617141000033
Turkiye,2021,0.817524802,64398074.0,0.242108727,,0.22135188820000024
Turkiye,2021,0.615382693,64398074.0,0.074686571,,0.09437954106742431
Uganda,2021,0.76348336,24351947.0,0.642786506,,0.6499823379600004
Uganda,2021,0.54259324,24351947.0,0.420654259,,0.4297767760200004
Ukraine,2021,0.850442949,37851388.0,,,0.1752023223699999
Ukraine,2021,0.449383735,37851388.0,,,0.18658210654999993
United Arab Emirates,2021,0.863672688,7842387.0,0.133504122,,0.1423827194399998
United Arab Emirates,2021,0.759677671,7842387.0,0.090999767,,0.11492956459999977
United Kingdom,2021,0.999475695,55029201.0,,,0.35265728453999984
United Kingdom,2021,0.983316494,55029201.0,,,0.32270463439999963
United States,2021,0.963761578,270549658.0,,,0.33427263129000023
United States,2021,0.577158441,270549658.0,,,0.26373242975484823
Uruguay,2021,0.82923003,2725712.0,,,0.32749540339999983
Uruguay,2021,0.653603089,2725712.0,,,0.3421174671700002
Uzbekistan,2021,0.518181174,23599241.0,,,0.33398355857999973
Uzbekistan,2021,0.238513721,23599241.0,,,0.32180089095
"Venezuela, RB",2021,0.847679996,20527738.0,0.322368792,,0.3207938653499998
"Venezuela, RB",2021,0.830016051,20527738.0,0.242614346,,0.2663138413599999
Viet Nam,2022,0.606943102,74158712.0,0.183039860742419,,0.18647314271772372
Viet Nam,2022,0.217664905,74158712.0,0.021293634,,0.1299565468822723
West Bank and Gaza,2021,0.345574738,2915259.0,,,0.5891056995700005
West Bank and Gaza,2021,0.305021843,2915259.0,,,0.5689269839600004
"Yemen, Rep.",2022,0.195270471,21192335.0,,,0.4969233894000002
"Yemen, Rep.",2022,0.06981657,21192335.0,,,0.5231776213500005
Zambia,2021,0.671824533,10800121.0,0.581074614,,0.5741060897726382
Zambia,2021,0.330219727,10800121.0,0.279559746,,0.28074378874000017
Zimbabwe,2021,0.67673091,8977056.0,0.59442762,,0.5530711085752756
Zimbabwe,2021,0.47461657,8977056.0,0.369795957,,0.3634941347500005
Albania,2024,0.622576596,2278004.0,,0.919765721,0.6066792565800008
Albania,2024,0.262017575,2278004.0,,0.716744636,0.5479374411100002
Algeria,2024,0.38838922,32019804.0,,0.930848292,0.5701168252100005
Algeria,2024,0.250171288,32019804.0,,0.537181359,0.5429855126650791
Argentina,2024,0.882990053,35433130.0,0.66335448,0.952672367,0.5850831003799997
Argentina,2024,0.629313926,35433130.0,0.285592601,0.666181033,0.29902567641000016
Armenia,2024,0.726496184,2406318.0,0.184559668,0.88123271,0.18958053605999997
Armenia,2024,0.574522224,2406318.0,0.045719833,0.809925979,0.22900339057999988
Australia,2024,0.984907263,21852264.0,,0.938227152,0.26156469754999956
Australia,2024,0.837759315,21852264.0,,0.473589125,0.22789086618999974
Austria,2024,0.994692809,7825678.0,,0.946569552,0.2273613911799998
Austria,2024,1.0,7825678.0,,0.827169277,0.33000400852999945
Azerbaijan,2024,0.586239047,7885113.0,,0.881248267,0.25277957878625196
Azerbaijan,2024,0.399877545,7885113.0,,0.740002645,0.24062845931999965
Bahrain,2024,0.846367059,1277545.0,,0.989847407,0.25892759058999965
Bahrain,2024,0.680918557,1277545.0,,0.880972319,0.23803430181000007
Bangladesh,2024,0.502705197,122837439.0,0.267364618,0.601497546,0.23156406862000004
Bangladesh,2024,0.311710967,122837439.0,0.103796458,0.149547542,0.12270168278999981
Belgium,2024,0.987376657,9867164.0,,0.961616498,0.18079947732999987
Belgium,2024,0.877610686,9867164.0,,0.669057364,0.2873969404200001
Belize,2024,0.788154653,300138.0,0.200835624,0.93577703,0.19743734132999985
Belize,2024,0.553456425,300138.0,0.060530454,0.771641255,0.1149083619000001
Benin,2024,0.659656198,8207504.0,0.590220495263792,0.725216261,0.5839958472620167
Benin,2024,0.474267247,8207504.0,0.404479945,0.224037439,0.4056260200999994
Bolivia,2024,0.667000735,8553476.0,0.279848304,0.944282525,0.2750547505200004
Bolivia,2024,0.357767584,8553476.0,0.025298443,0.454347881,0.14746976640523568
Bosnia and Herzegovina,2024,0.902960568,2764009.0,,0.915736003,0.5499693382899992
Bosnia and Herzegovina,2024,0.53803626,2764009.0,,0.722284377,0.5588356321799993
Botswana,2024,0.658584096,1679590.0,0.580460468,0.629021165,0.5679422336599989
Botswana,2024,0.520096971,1679590.0,0.387072735,0.140890668,0.4011237409299995
Brazil,2024,0.935431124,169047814.0,0.758197012,0.959916494,0.7204070954599989
Brazil,2024,0.716929944,169047814.0,0.231807461,0.709044418,0.2440599109099999
Bulgaria,2024,0.917009245,5509377.0,,0.872158705,0.3940742189399997
Bulgaria,2024,0.580861483,5509377.0,,0.492439186,0.4820533321400004
Burkina Faso,2024,0.749542623,13262560.0,0.669673664,0.723366638,0.6704217245700004
Burkina Faso,2024,0.450746149,13262560.0,0.379980352,0.202392327,0.37760057564999977
Cambodia,2024,0.62826234,12177453.0,0.327582989,0.931311758,0.3668228292300001
Cambodia,2024,0.33577846,12177453.0,0.132527228,0.782245824,0.20891241685
Cameroon,2024,0.772659313,16524096.0,0.735205207,0.713690701,0.7168663303815643
Cameroon,2024,0.44569891,16524096.0,0.367041117,0.205507324,0.3737898205599998
Canada,2024,0.984837643,33960981.0,,0.96014083,0.2207730402399997
Canada,2024,1.0,33960981.0,,0.770724025,0.2540265160400002
Chad,2024,0.419832615,10289880.0,0.259721903,0.457562994,0.3101895175699997
Chad,2024,0.183470322,10289880.0,0.117900659,0.071502518,0.13035170826
Chile,2024,0.913962279,16241277.0,,0.946170518,0.44939028191999947
Chile,2024,0.662858068,16241277.0,,0.626517041,0.37960986705000005
China,2024,0.944530339,1176678702.0,,0.967504593,0.4315595654899997
China,2024,0.844097441,1176678702.0,,0.760970149,0.42167066600999953
Colombia,2024,0.645053111,41544122.0,0.478820537,0.902255143,0.4506260450999997
Colombia,2024,0.362169125,41544122.0,0.146592539,0.539976843,0.23507590819000004
Comoros,2024,0.484504867,532331.0,0.166152841,0.656464424,0.18085618319961405
Comoros,2024,0.428157348,532331.0,0.123952346,0.319843759,0.1568683096642304
"Congo, Dem. Rep.",2024,0.468452968,57033055.0,0.434228815,0.399645603,0.429617741656418
"Congo, Dem. Rep.",2024,0.202990089,57033055.0,0.145342438,0.125391548,0.1576535050500001
"Congo, Rep.",2024,0.663434229,3655093.0,0.622119602,0.500545217,0.611313548895827
"Congo, Rep.",2024,0.415459904,3655093.0,0.377356102,0.131133811,0.3636313465100001
Costa Rica,2024,0.810607808,4118576.0,,0.950081624,0.6527699553799993
Costa Rica,2024,0.535374924,4118576.0,,0.733087312,0.33188452192999984
Cote d'Ivoire,2024,0.750371895,18301587.0,0.720093297,0.739226659,0.6902323640699994
Cote d'Ivoire,2024,0.494886789,18301587.0,0.447629707,0.349053439,0.4440181729800001
Croatia,2024,0.983126963,3313982.0,,0.925557363,0.24045144156812626
Croatia,2024,0.714641663,3313982.0,,0.659313513,0.26440340308000004
Cyprus,2024,0.959011798,1129055.0,,0.928995821,0.2302960736300001
Cyprus,2024,0.99293216,1129055.0,,0.54011987,0.27277315961000004
Czechia,2024,0.948443526,9161251.0,,0.931023904,0.2172803793200001
Czechia,2024,0.747505328,9161251.0,,0.911556388,0.22349793337999993
Denmark,2024,0.985950933,5003352.0,,0.986855476,0.22720796276000021
Denmark,2024,1.0,5003352.0,,0.890617775,0.245405888958967
Dominican Republic,2024,0.734886801,8281568.0,0.229944089,0.976749448,0.2526915138799999
Dominican Republic,2024,0.496430093,8281568.0,0.085348152,0.736389705,0.2228180593899999
Ecuador,2024,0.72077356,13484219.0,0.142627782,0.937395639,0.16223504513999992
Ecuador,2024,0.500900332,13484219.0,0.02032068,0.612241595,0.23330911782999994
"Egypt, Arab Rep.",2024,0.483168076,77385958.0,0.257098838,0.817197614,0.25347108398000007
"Egypt, Arab Rep.",2024,0.384657752,77385958.0,0.065834697,0.309153439,0.1455571007864933
El Salvador,2024,0.567958581,4718943.0,,0.961336047,0.47764588913999956
El Salvador,2024,0.365077191,4718943.0,,0.729465422,0.4806788434599993
Estonia,2024,0.993894418,1151475.0,,0.976026226,0.5538238982499994
Estonia,2024,0.966937365,1151475.0,,0.953680643,0.35421545076000027
Eswatini,2024,0.699289638,816208.0,0.564686153,0.703427551,0.576582328639999
Eswatini,2024,0.596975069,816208.0,0.432671049,0.296377636,0.4993288100700002
Ethiopia,2024,0.799524477,78031387.0,,0.456627965810705,0.7213105722031282
Ethiopia,2024,0.417299441,78031387.0,,0.065187174,0.6892023000300007
Finland,2024,0.997926318,4749954.0,,0.983956434,0.6587351599200002
Finland,2024,1.0,4749954.0,,0.800157093,0.6165877047447292
France,2024,0.993608083,56825584.0,,0.969515179,0.5692498436300001
France,2024,0.980800344,56825584.0,,0.929072574,0.6681295649600004
Gabon,2024,0.782068812,1573811.0,0.724975907,0.854750908,0.6974108743400006
Gabon,2024,0.581118867,1573811.0,0.506220229,0.508310757,0.5196951755199997
"Gambia, The",2024,0.550348962,1598990.0,0.312197862,0.842437708,0.34775822262000033
"Gambia, The",2024,0.264340297,1598990.0,0.106650773,0.51592882,0.14151813996000007
Georgia,2024,0.82282068,2933716.0,,0.823817788,0.8121374883199995
Georgia,2024,0.520302387,2933716.0,,0.7793074,0.78884221471
Germany,2024,0.981929167,71691113.0,,0.949432162,0.8292832191599989
Germany,2024,1.0,71691113.0,,0.975910069,0.632490887190001
Ghana,2024,0.89360308,21563813.0,0.868977178,0.728566646,0.8515345335899994
Ghana,2024,0.678809901,21563813.0,0.645920901,0.257600149,0.6323087244799995
Greece,2024,0.895541649,8991800.0,,0.938228558,0.4665487590699995
Greece,2024,0.80666197,8991800.0,,0.676200272,0.48823034332999954
Guatemala,2024,0.500904766,12299923.0,,0.920420913,0.4421429220599996
Guatemala,2024,0.28423484,12299923.0,,0.544718371,0.4650885851199995
Guinea,2024,0.634669777,8464230.0,0.575694215,0.699077182,0.5647888926099995
Guinea,2024,0.291834303,8464230.0,0.178736564,0.212879505,0.18697756620000003
Honduras,2024,0.614884162,7345357.0,0.175431236,0.890148251,0.18944254319314435
Honduras,2024,0.325856754,7345357.0,0.069991021,0.67827423,0.07773162857999996
"Hong Kong SAR, China",2024,0.984932713,6729811.0,,0.960337338,0.41968519283
"Hong Kong SAR, China",2024,0.934275525,6729811.0,,0.639267727,0.3728684303400002
Hungary,2024,0.899129185,8202714.0,,0.942709749,0.4100006819200002
Hungary,2024,0.724452651,8202714.0,,0.739434526,0.42431836118999994
Iceland,2024,0.997740688,322325.0,,0.993531845,0.2778588698399999
Iceland,2024,1.0,322325.0,,0.978233624,0.40534585543
India,2024,0.931356958,1077731602.0,0.495372067,0.808683379,0.25214823904
India,2024,0.870775161,1077731602.0,0.105779009,0.290859454,0.11877218880000008
Indonesia,2024,0.683276707,211076339.0,0.314061486,0.883180777,0.3298460193599999
Indonesia,2024,0.376382056,211076339.0,0.073412114,0.426276391,0.11121308767507854
"Iran, Islamic Rep.",2024,0.941351573,69914781.0,0.157155686,0.926177771,0.37283340599999987
"Iran, Islamic Rep.",2024,0.83554919,69914781.0,0.067274315,0.405235704,0.09053792132999999
Iraq,2024,0.422564667,28355455.0,0.208469014,0.945852681,0.25226761913999995
Iraq,2024,0.198681619,28355455.0,0.041236671,0.606522448,0.13531671491999997
Ireland,2024,0.985504331,4298252.0,,0.963134774,0.22061101418625215
Ireland,2024,0.929210413,4298252.0,,0.633731441,0.25859285096999973
Israel,2024,0.901348815,7062352.0,,0.87655862,0.23480831829625218
Israel,2024,0.705506296,7062352.0,,0.521488225,0.22718666941999985
Italy,2024,0.944796603,51829051.0,,0.991054125,0.23570312221812617
Italy,2024,0.745881587,51829051.0,,0.7638292,0.22597826754999997
Japan,2024,0.988620554,110011344.0,,0.870275999,0.23790299596625222
Japan,2024,0.975868079,110011344.0,,0.477833345,0.22563954876999978
Jordan,2024,0.484374629,7867178.0,0.227949682,0.928380573,0.24884424789437815
Jordan,2024,0.378853729,7867178.0,0.116684438,0.755660104,0.14422238366000004
Kazakhstan,2024,0.912365697,14324777.0,0.518289347,0.898029754,0.5201250381699997
Kazakhstan,2024,0.580864653,14324777.0,0.279767184,0.78409497,0.47954507259999973
Kenya,2024,0.942597629,34616135.0,0.917820763,0.733967247,0.9182504267599989
Kenya,2024,0.816639771,34616135.0,0.787472556,0.343187661,0.7790906970799989
"Korea, Rep.",2024,0.98685613,46039322.0,0.689778305,0.939693921,0.5826206412299993
"Korea, Rep.",2024,0.8740943,46039322.0,0.138194734,0.483631676,0.21939248880999987
Kosovo,2024,0.696424097,1382360.0,,0.977522905,0.3087694450899997
Kosovo,2024,0.59844117,1382360.0,,0.943417752,0.3276139278199997
Kuwait,2024,0.761196681,3950546.0,,0.96078458,0.31145900423000017
Kuwait,2024,0.573478608,3950546.0,,0.949765338,0.3114348848499997
Kyrgyz Republic,2024,0.758871883,4780143.0,0.333918534,0.927696977,0.3401481633499997
Kyrgyz Republic,2024,0.504794589,4780143.0,0.168640178,0.875724719,0.22443325711000014
Lao PDR,2024,0.62237431,5322750.0,0.257874494,0.928566226,0.30964682059563825
Lao PDR,2024,0.273433719,5322750.0,0.059827049,0.605964332,0.11020361192000004
Latvia,2024,0.974694202,1582835.0,,0.942402124,0.5715066008299996
Latvia,2024,0.856687002,1582835.0,,0.921815705,0.5678499505299996
Lebanon,2024,0.262776483,4231057.0,,0.988355085,0.5763078402199998
Lebanon,2024,0.161716134,4231057.0,,0.843372949,0.43417700658000014
Lesotho,2024,0.690843175,1504222.0,0.60908799,0.698138247,0.5899519312905511
Lesotho,2024,0.56353745,1504222.0,0.477325699,0.274606194,0.4755154564499997
Liberia,2024,0.729690483,3295997.0,0.692718865,0.629526545,0.6659452295500011
Liberia,2024,0.420683476,3295997.0,0.368988877,0.183291417,0.3723402577599998
Libya,2024,0.355551339,5262910.0,,0.835355201,0.3463815668100003
Libya,2024,0.208789801,5262910.0,,0.652612247,0.33922155598000037
Lithuania,2024,0.988891835,2444088.0,,0.942522005,0.3560697769900004
Lithuania,2024,1.0,2444088.0,,0.366781428,0.36640107343000056
Madagascar,2024,0.489745881,18851036.0,0.420379656,0.323044509,0.42441008285000054
Madagascar,2024,0.166835993,18851036.0,0.121527821,0.042783692,0.16806336564000013
Malawi,2024,0.72106605,12384937.0,0.694195824,0.378418926,0.6626939133300003
Malawi,2024,0.433106836,12384937.0,0.402406271,0.148320968,0.3893843632899997
Malaysia,2024,0.924534293,27297352.0,0.526814621,0.949924614,0.52514663032
Malaysia,2024,0.744397137,27297352.0,0.128672391,0.558075443,0.15949069291000015
Mali,2024,0.777268667,12725942.0,0.737335589,0.811224385,0.7303569699978197
Mali,2024,0.487312465,12725942.0,0.420824886,0.371459678,0.4254460022099994
Malta,2024,0.972371394,480050.0,,0.959251756,0.13825246484999987
Malta,2024,0.882447081,480050.0,,0.559956054,0.18845158516000024
Mauritania,2024,0.443631831,2860979.0,,0.866593521,0.1863624203900001
Mauritania,2024,0.213184896,2860979.0,,0.503230901,0.14334575686999998
Mauritius,2024,0.934463123,1070318.0,0.15862527,0.908366908,0.16656332586999997
Mauritius,2024,0.840962831,1070318.0,0.020852678,0.575019833,0.03254650248999995
Mexico,2024,0.608992292,97411242.0,0.132235959,0.9038958,0.1972578425
Mexico,2024,0.352367922,97411242.0,0.040330882,0.478548257,0.06357230895507865
Moldova,2024,0.569653614,1966418.0,,0.800357511,0.6443930591400004
Moldova,2024,0.384001319,1966418.0,,0.644174743,0.6186998378100005
Mongolia,2024,0.994898964,2344987.0,0.692531887,0.923514287512123,0.6650277535300004
Mongolia,2024,0.951893884,2344987.0,0.505345549,0.728968825,0.4550726217299996
Montenegro,2024,0.89063229,503215.0,,0.922563823,0.3877666164499999
Montenegro,2024,0.419977775,503215.0,,0.6252024,0.6127586723900001
Morocco,2024,0.5452083,27893979.0,,0.893226911,0.64713335819
Morocco,2024,0.389193876,27893979.0,,0.509403041,0.6016566570352357
Mozambique,2024,0.817655695,18581790.0,0.761259656,0.709801481,0.7424514673586649
Mozambique,2024,0.456654823,18581790.0,0.359192513,0.130407534,0.3774948565600002
Namibia,2024,0.778438201,1858089.0,0.569629653,0.684389594,0.5485680460399996
Namibia,2024,0.646481061,1858089.0,0.344870241,0.369851939,0.40027359362
Nepal,2024,0.687669106,21168213.0,0.341180495,0.87937273,0.3677162453800002
Nepal,2024,0.570633061,21168213.0,0.027317413,0.375096429,0.14182112914000014
Netherlands,2024,0.994828752,15164931.0,,0.966674771,0.4123051067499998
Netherlands,2024,0.958856565,15164931.0,,0.82853004,0.37113637771999997
New Zealand,2024,0.988001268,4263369.0,,0.970409492,0.3753515097799996
New Zealand,2024,0.964921255,4263369.0,,0.894559045,0.36854478289000014
Nicaragua,2024,0.334624507,4830854.0,,0.919480583,0.4864416788299998
Nicaragua,2024,0.132708968,4830854.0,,0.57738624770343,0.39384406070999955
Niger,2024,0.364873333,13873697.0,,0.523748873,0.39976728188999966
Niger,2024,0.135414073,13873697.0,,0.133538269,0.40185583776736405
Nigeria,2024,0.796714034,133329232.0,0.4636638,0.570460603,0.542515437381564
Nigeria,2024,0.421862354,133329232.0,0.152755863,0.130150348,0.19729741902999975
North Macedonia,2024,0.937862973,1515847.0,,0.933361761,0.34684532621000025
North Macedonia,2024,0.656133114,1515847.0,,0.633335125,0.44386382506999994
Norway,2024,0.988286252,4608487.0,,0.994809242,0.34201094690000033
Norway,2024,0.973865939,4608487.0,,0.930772554,0.3602460886800003
Oman,2024,0.748711819,3775451.0,,0.937357294,0.2940930372400004
Oman,2024,0.547541406,3775451.0,,0.89998867,0.3250381260300005
Pakistan,2024,0.466859996,155833628.0,0.376437454,0.731527563,0.3228097578900003
Pakistan,2024,0.189106981,155833628.0,0.100074585,0.195554926,0.12704707652999983
Panama,2024,0.703648329,3331755.0,0.470904887,0.867749434,0.4624116752800005
Panama,2024,0.418878748,3331755.0,0.062888522,0.345365458,0.1350316822899999
Paraguay,2024,0.698155485,4874331.0,0.459122826,0.967206329,0.42835199561000015
Paraguay,2024,0.481488589,4874331.0,0.212396209,0.646238161,0.24757403585000012
Peru,2024,0.665090548,25601447.0,0.495334064,0.869944959,0.4473149476000004
Peru,2024,0.296369606,25601447.0,0.133413284,0.41939166,0.18005978372999987
Philippines,2024,0.579031089,82023644.0,0.388456404,0.867698058,0.3789237028474243
Philippines,2024,0.336218006,82023644.0,0.072524305,0.362627325,0.09975074842999997
Poland,2024,0.922050593,31148749.0,,0.87227955,0.3941838616400005
Poland,2024,0.510695031,31148749.0,,0.44403524,0.13000608112507864
Portugal,2024,0.953972858,9214262.0,,0.968695469,0.23879801238000006
Portugal,2024,0.809267698,9214262.0,,0.590392611,0.35491076248000036
Romania,2024,0.802727805,16033507.0,,0.850511813,0.35516950703000033
Romania,2024,0.410299291,16033507.0,,0.494301917,0.3675859109200005
Russian Federation,2024,0.813682356,118635010.0,,0.92905682,0.35375901386000047
Russian Federation,2024,0.627570684,118635010.0,,0.929587229,0.2450485830000002
Saudi Arabia,2024,0.79316215,25248449.0,0.371786444,0.990877919,0.3693124382300003
Saudi Arabia,2024,0.666383141,25248449.0,0.191082067,1.0,0.23156654302
Senegal,2024,0.842715538,11094279.0,0.773198112,0.916743131,0.7389251842793523
Senegal,2024,0.736146089,11094279.0,0.630333658,0.618905665,0.6358722045299994
Serbia,2024,0.903513755,5672737.0,,0.872169552,0.36928532660999996
Serbia,2024,0.603410362,5672737.0,,0.533862974,0.3204204405100001
Sierra Leone,2024,0.59026395,5200533.0,0.501991927,0.592969309,0.5089130002199995
Sierra Leone,2024,0.266591901,5200533.0,0.216426162,0.171933711,0.1985370115699999
Singapore,2024,0.986803833,5220107.0,0.590481196,0.957490074,0.5478620034299996
Singapore,2024,0.876332292,5220107.0,0.230560538,0.519738919,0.2336526504399998
Slovak Republic,2024,0.95285326,4563499.0,,0.891499014,0.3603131318089671
Slovak Republic,2024,0.504146285,4563499.0,,0.689822617,0.3188335733199999
Slovenia,2024,0.988031893,1803880.0,,0.920032152,0.3447647694879341
Slovenia,2024,0.986317804,1803880.0,,0.681715571,0.3372979922399999
South Africa,2024,0.856599222,46723498.0,0.355280035,0.804225966,0.36385104919999983
South Africa,2024,0.637209819,46723498.0,0.174147679,0.287824015,0.20034268888000015
Spain,2024,0.988725178,41937630.0,,0.973536227,0.1645971850800001
Spain,2024,0.976302595,41937630.0,,0.94188739,0.15862386337999995
Sri Lanka,2024,0.844889283,17109247.0,,0.560753947,0.1836274218500002
Sri Lanka,2024,0.756525965,17109247.0,,0.146558267,0.14753688953000013
Sweden,2024,0.987656606,8719085.0,,0.987802198,0.15206691917999993
Sweden,2024,0.899102552,8719085.0,,0.783170404,0.21861198886999997
Switzerland,2024,0.981984222,7553903.0,,0.943684511,0.1661697651
Switzerland,2024,1.0,7553903.0,,0.950770414,0.2006719495200001
"Taiwan, China",2024,0.987405183,20437095.0,,0.972356131,0.20788360639999987
"Taiwan, China",2024,0.802864416,20437095.0,,0.566975625,0.19903005028999998
Tajikistan,2024,0.585541161,6596875.0,0.174170449,0.674231175,0.2414380434799999
Tajikistan,2024,0.435802726,6596875.0,0.063497297,0.493598786,0.1251765194999999
Tanzania,2024,0.781227104,38155970.0,0.73277539,0.5058824,0.7240257827900003
Tanzania,2024,0.541501416,38155970.0,0.465161217,0.110789717,0.4712821351000002
Thailand,2024,0.939332708,60882768.0,0.66044348,0.986866074,0.5844437419199996
Thailand,2024,0.910017346,60882768.0,0.295029496,0.792221008,0.28689433896999994
Togo,2024,0.725910239,5593530.0,0.640498168,0.707909519,0.6421683050100004
Togo,2024,0.483004245,5593530.0,0.382326683,0.273336688,0.3863965634192546
Trinidad and Tobago,2024,0.809946042,1120989.0,,0.942364211,0.24646664040600041
Trinidad and Tobago,2024,0.621396541,1120989.0,,0.693588915,0.24221178410000038
Tunisia,2024,0.458258015,9219268.0,,0.94202359,0.27494007189625236
Tunisia,2024,0.286065552,9219268.0,,0.376412881,0.23887580483507884
Turkiye,2024,0.847600121,66691005.0,0.272071786,0.971363178,0.3291581781400002
Turkiye,2024,0.702950022,66691005.0,0.096772504,0.535666748,0.1415940574200001
Uganda,2024,0.802038806,27277834.0,0.753167318,0.576696042,0.752229316621564
Uganda,2024,0.648079887,27277834.0,0.594751131,0.173551323,0.5649912376100005
Ukraine,2024,0.877857353,32338724.0,,0.952022332,0.3550258782699997
Ukraine,2024,0.840104631,32338724.0,,1.0,0.3508182570599996
United Kingdom,2024,0.9923754,56450851.0,,0.967796818,0.37474798749999977
United Kingdom,2024,1.0,56450851.0,,0.879981625,0.3893073560999996
United States,2024,0.97120979,275987833.0,,0.983023764,0.36921697345999965
United States,2024,0.927320585,275987833.0,,0.76075821,0.31563952580999954
Uruguay,2024,0.862754731,2755004.0,,0.970785929,0.34582496499999954
Uruguay,2024,0.60455236,2755004.0,,0.852133237,0.37571489451000006
Uzbekistan,2024,0.638574734,24646062.0,,0.754943317,0.35037985160999974
Uzbekistan,2024,0.392590126,24646062.0,,0.658877987,0.2351822246950787
"Venezuela, RB",2024,0.905329126,20899114.0,0.379876677,0.947229174,0.38613381793999957
"Venezuela, RB",2024,0.791494147,20899114.0,0.225601512,0.767513884,0.21301127444869475
Viet Nam,2024,0.752195264,76663207.0,0.42209704,0.909416332,0.4137735495000001
Viet Nam,2024,0.334836318,76663207.0,0.115213548,0.638033415,0.1479138366703144
West Bank and Gaza,2024,0.406868232,3183655.0,,0.967703191,0.6901512236199997
West Bank and Gaza,2024,0.345955294,3183655.0,,0.828299486,0.6133924591299995
Zambia,2024,0.842771295,12029200.0,0.823122571,0.645330516,0.8075905530299993
Zambia,2024,0.619882589,12029200.0,0.572758624,0.150962666,0.5701743235600006
Zimbabwe,2024,0.593619449,9588258.0,0.522832481,0.445868979,0.5182901125800007
Zimbabwe,2024,0.338236387,9588258.0,0.290422183,0.108088252,0.26926964367000034
